-- MySQL dump 10.13  Distrib 5.5.57, for debian-linux-gnu (x86_64)
--
-- Host: 0.0.0.0    Database: lampquest
-- ------------------------------------------------------
-- Server version	5.5.57-0ubuntu0.14.04.1

/*!40101 SET @OLD_CHARACTER_SET_CLIENT=@@CHARACTER_SET_CLIENT */;
/*!40101 SET @OLD_CHARACTER_SET_RESULTS=@@CHARACTER_SET_RESULTS */;
/*!40101 SET @OLD_COLLATION_CONNECTION=@@COLLATION_CONNECTION */;
/*!40101 SET NAMES utf8 */;
/*!40103 SET @OLD_TIME_ZONE=@@TIME_ZONE */;
/*!40103 SET TIME_ZONE='+00:00' */;
/*!40014 SET @OLD_UNIQUE_CHECKS=@@UNIQUE_CHECKS, UNIQUE_CHECKS=0 */;
/*!40014 SET @OLD_FOREIGN_KEY_CHECKS=@@FOREIGN_KEY_CHECKS, FOREIGN_KEY_CHECKS=0 */;
/*!40101 SET @OLD_SQL_MODE=@@SQL_MODE, SQL_MODE='NO_AUTO_VALUE_ON_ZERO' */;
/*!40111 SET @OLD_SQL_NOTES=@@SQL_NOTES, SQL_NOTES=0 */;

--
-- Table structure for table `combiner`
--

DROP TABLE IF EXISTS `combiner`;
/*!40101 SET @saved_cs_client     = @@character_set_client */;
/*!40101 SET character_set_client = utf8 */;
CREATE TABLE `combiner` (
  `combiner_id` int(11) NOT NULL,
  `produce_item_id` int(11) NOT NULL,
  `energy_required` int(11) NOT NULL,
  `qty_produced` int(11) NOT NULL DEFAULT '1',
  PRIMARY KEY (`combiner_id`),
  KEY `fk_combiner_produce_item_id` (`produce_item_id`),
  CONSTRAINT `fk_combiner_combiner_id` FOREIGN KEY (`combiner_id`) REFERENCES `robot_type` (`robot_type_id`),
  CONSTRAINT `fk_combiner_produce_item_id` FOREIGN KEY (`produce_item_id`) REFERENCES `item` (`item_id`)
) ENGINE=InnoDB DEFAULT CHARSET=latin1;
/*!40101 SET character_set_client = @saved_cs_client */;

--
-- Dumping data for table `combiner`
--

LOCK TABLES `combiner` WRITE;
/*!40000 ALTER TABLE `combiner` DISABLE KEYS */;
INSERT INTO `combiner` VALUES (1,3,2,1),(5,8,25,1),(6,8,10,3),(7,4,20,3),(9,10,10,1),(10,12,5,1),(11,14,12,1),(12,18,7,1),(13,21,12,1);
/*!40000 ALTER TABLE `combiner` ENABLE KEYS */;
UNLOCK TABLES;

--
-- Table structure for table `consume_combiner`
--

DROP TABLE IF EXISTS `consume_combiner`;
/*!40101 SET @saved_cs_client     = @@character_set_client */;
/*!40101 SET character_set_client = utf8 */;
CREATE TABLE `consume_combiner` (
  `combiner_id` int(11) NOT NULL,
  `consume_item_id` int(11) NOT NULL,
  `qty_consumed` int(11) NOT NULL,
  PRIMARY KEY (`combiner_id`,`consume_item_id`),
  KEY `fk_consume_combiner_consume_item_id` (`consume_item_id`),
  CONSTRAINT `fk_consume_combiner_combiner_id` FOREIGN KEY (`combiner_id`) REFERENCES `combiner` (`combiner_id`),
  CONSTRAINT `fk_consume_combiner_consume_item_id` FOREIGN KEY (`consume_item_id`) REFERENCES `item` (`item_id`)
) ENGINE=InnoDB DEFAULT CHARSET=latin1;
/*!40101 SET character_set_client = @saved_cs_client */;

--
-- Dumping data for table `consume_combiner`
--

LOCK TABLES `consume_combiner` WRITE;
/*!40000 ALTER TABLE `consume_combiner` DISABLE KEYS */;
INSERT INTO `consume_combiner` VALUES (1,1,2),(1,2,1),(5,2,2),(5,7,1),(6,7,3),(6,9,2),(7,5,3),(7,9,2),(9,11,3),(9,12,1),(10,3,3),(10,13,1),(11,3,1),(11,13,2),(12,14,2),(12,15,3),(12,16,1),(13,13,3),(13,18,1),(13,19,3),(13,20,2);
/*!40000 ALTER TABLE `consume_combiner` ENABLE KEYS */;
UNLOCK TABLES;

--
-- Table structure for table `diffusor`
--

DROP TABLE IF EXISTS `diffusor`;
/*!40101 SET @saved_cs_client     = @@character_set_client */;
/*!40101 SET character_set_client = utf8 */;
CREATE TABLE `diffusor` (
  `diffusor_id` int(11) NOT NULL,
  `consume_item_id` int(11) NOT NULL,
  `energy_released` int(11) NOT NULL,
  `energy_limit` int(11) NOT NULL,
  `qty_consumed` int(11) NOT NULL DEFAULT '1',
  PRIMARY KEY (`diffusor_id`),
  KEY `fk_diffusor_consume_item_id` (`consume_item_id`),
  CONSTRAINT `fk_diffusor_consume_item_id` FOREIGN KEY (`consume_item_id`) REFERENCES `item` (`item_id`),
  CONSTRAINT `fk_diffusor_diffusor_id` FOREIGN KEY (`diffusor_id`) REFERENCES `robot_type` (`robot_type_id`)
) ENGINE=InnoDB DEFAULT CHARSET=latin1;
/*!40101 SET character_set_client = @saved_cs_client */;

--
-- Dumping data for table `diffusor`
--

LOCK TABLES `diffusor` WRITE;
/*!40000 ALTER TABLE `diffusor` DISABLE KEYS */;
INSERT INTO `diffusor` VALUES (2,3,1,100,1),(3,4,20,500,1),(4,6,5,500,1),(8,8,2,200,1),(14,13,8,200,1),(15,13,20,300,1),(16,17,4,700,1),(17,16,2,30,1),(18,20,1,142,1);
/*!40000 ALTER TABLE `diffusor` ENABLE KEYS */;
UNLOCK TABLES;

--
-- Table structure for table `friends`
--

DROP TABLE IF EXISTS `friends`;
/*!40101 SET @saved_cs_client     = @@character_set_client */;
/*!40101 SET character_set_client = utf8 */;
CREATE TABLE `friends` (
  `user_id_1` int(11) DEFAULT NULL,
  `user_id_2` int(11) DEFAULT NULL
) ENGINE=InnoDB DEFAULT CHARSET=latin1;
/*!40101 SET character_set_client = @saved_cs_client */;

--
-- Dumping data for table `friends`
--

LOCK TABLES `friends` WRITE;
/*!40000 ALTER TABLE `friends` DISABLE KEYS */;
INSERT INTO `friends` VALUES (13,14);
/*!40000 ALTER TABLE `friends` ENABLE KEYS */;
UNLOCK TABLES;

--
-- Table structure for table `item`
--

DROP TABLE IF EXISTS `item`;
/*!40101 SET @saved_cs_client     = @@character_set_client */;
/*!40101 SET character_set_client = utf8 */;
CREATE TABLE `item` (
  `item_id` int(11) NOT NULL AUTO_INCREMENT,
  `item_name` varchar(255) NOT NULL,
  `item_image` varchar(255) NOT NULL,
  PRIMARY KEY (`item_id`)
) ENGINE=InnoDB AUTO_INCREMENT=22 DEFAULT CHARSET=latin1;
/*!40101 SET character_set_client = @saved_cs_client */;

--
-- Dumping data for table `item`
--

LOCK TABLES `item` WRITE;
/*!40000 ALTER TABLE `item` DISABLE KEYS */;
INSERT INTO `item` VALUES (1,'Hydrogen','hydrogen.jpg'),(2,'Oxygen','oxygen.jpg'),(3,'Water','water.jpg'),(4,'Sulphur Dioxide','so2.jpg'),(5,'Sulphur','sulphur.jpg'),(6,'Methane','methane.jpg'),(7,'Carbon','carbon.jpg'),(8,'Carbon Dioxide','co2.jpg'),(9,'Ozone','ozone.jpg'),(10,'iron','iron.jpg'),(11,'rust','rust.jpg'),(12,'vinegar','vinegar.jpg'),(13,'weird red plant','wrp.jpg'),(14,'egg','egg.jpg'),(15,'flour','flour.jpg'),(16,'sugar','sugar.jpg'),(17,'poison','poison.jpg'),(18,'cake','cake.jpg'),(19,'dark matter','dm.jpg'),(20,'lemon','lemon.jpg'),(21,'lemonade','lemonade.jpg');
/*!40000 ALTER TABLE `item` ENABLE KEYS */;
UNLOCK TABLES;

--
-- Table structure for table `item_robot`
--

DROP TABLE IF EXISTS `item_robot`;
/*!40101 SET @saved_cs_client     = @@character_set_client */;
/*!40101 SET character_set_client = utf8 */;
CREATE TABLE `item_robot` (
  `item_id` int(11) NOT NULL,
  `robot_id` int(11) NOT NULL,
  `build_start_time` timestamp NOT NULL DEFAULT CURRENT_TIMESTAMP,
  `build_end_time` timestamp NULL DEFAULT NULL,
  PRIMARY KEY (`item_id`,`robot_id`,`build_start_time`),
  KEY `fk_item_robot_robot_id` (`robot_id`),
  CONSTRAINT `fk_item_robot_item_id` FOREIGN KEY (`item_id`) REFERENCES `item` (`item_id`),
  CONSTRAINT `fk_item_robot_robot_id` FOREIGN KEY (`robot_id`) REFERENCES `robot` (`robot_id`)
) ENGINE=InnoDB DEFAULT CHARSET=latin1;
/*!40101 SET character_set_client = @saved_cs_client */;

--
-- Dumping data for table `item_robot`
--

LOCK TABLES `item_robot` WRITE;
/*!40000 ALTER TABLE `item_robot` DISABLE KEYS */;
INSERT INTO `item_robot` VALUES (1,1,'2018-07-16 14:35:48','2018-07-16 14:36:48'),(1,1,'2018-07-16 14:36:48','2018-07-16 14:37:48'),(1,1,'2018-07-16 14:37:48','2018-07-16 14:38:48'),(1,1,'2018-07-16 14:38:48','2018-07-16 14:39:48'),(1,1,'2018-07-16 14:39:48','2018-07-16 14:40:48'),(1,1,'2018-07-16 14:40:48','2018-07-16 14:41:48'),(1,1,'2018-07-16 14:41:48','2018-07-16 14:42:48'),(1,1,'2018-07-16 14:42:48','2018-07-16 14:43:48'),(1,1,'2018-07-16 14:43:48','2018-07-16 14:44:48'),(1,1,'2018-07-16 14:44:48','2018-07-16 14:45:48'),(1,1,'2018-07-16 14:45:48','2018-07-16 14:46:48'),(1,1,'2018-07-16 14:46:48','2018-07-16 14:47:48'),(1,1,'2018-07-16 14:47:48','2018-07-16 14:48:48'),(1,1,'2018-07-16 14:48:48','2018-07-16 14:49:48'),(1,1,'2018-07-16 14:49:48','2018-07-16 14:50:48'),(1,1,'2018-07-16 14:50:48','2018-07-16 14:51:48'),(1,1,'2018-07-16 14:51:48','2018-07-16 14:52:48'),(1,1,'2018-07-16 14:52:48','2018-07-16 14:53:48'),(1,1,'2018-07-16 14:53:48',NULL),(1,2,'2018-07-16 14:35:53','2018-07-16 14:36:53'),(1,2,'2018-07-16 14:36:53','2018-07-16 14:37:53'),(1,2,'2018-07-16 14:37:53','2018-07-16 14:38:53'),(1,2,'2018-07-16 14:38:53','2018-07-16 14:39:53'),(1,2,'2018-07-16 14:39:53','2018-07-16 14:40:53'),(1,2,'2018-07-16 14:40:53','2018-07-16 14:41:53'),(1,2,'2018-07-16 14:41:53','2018-07-16 14:42:53'),(1,2,'2018-07-16 14:42:53','2018-07-16 14:43:53'),(1,2,'2018-07-16 14:43:53','2018-07-16 14:44:53'),(1,2,'2018-07-16 14:44:53','2018-07-16 14:45:53'),(1,2,'2018-07-16 14:45:53','2018-07-16 14:46:53'),(1,2,'2018-07-16 14:46:53','2018-07-16 14:47:53'),(1,2,'2018-07-16 14:47:53','2018-07-16 14:48:53'),(1,2,'2018-07-16 14:48:53','2018-07-16 14:49:53'),(1,2,'2018-07-16 14:49:53','2018-07-16 14:50:53'),(1,2,'2018-07-16 14:50:53','2018-07-16 14:51:53'),(1,2,'2018-07-16 14:51:53','2018-07-16 14:52:53'),(1,2,'2018-07-16 14:52:53',NULL),(1,3,'2018-07-16 14:35:57','2018-07-16 14:36:57'),(1,3,'2018-07-16 14:36:57','2018-07-16 14:37:57'),(1,3,'2018-07-16 14:37:57','2018-07-16 14:38:57'),(1,3,'2018-07-16 14:38:57','2018-07-16 14:39:57'),(1,3,'2018-07-16 14:39:57','2018-07-16 14:40:57'),(1,3,'2018-07-16 14:40:57','2018-07-16 14:41:57'),(1,3,'2018-07-16 14:41:57','2018-07-16 14:42:57'),(1,3,'2018-07-16 14:42:57','2018-07-16 14:43:57'),(1,3,'2018-07-16 14:43:57','2018-07-16 14:44:57'),(1,3,'2018-07-16 14:44:57','2018-07-16 14:45:57'),(1,3,'2018-07-16 14:45:57','2018-07-16 14:46:57'),(1,3,'2018-07-16 14:46:57','2018-07-16 14:47:57'),(1,3,'2018-07-16 14:47:57','2018-07-16 14:48:57'),(1,3,'2018-07-16 14:48:57','2018-07-16 14:49:57'),(1,3,'2018-07-16 14:49:57','2018-07-16 14:50:57'),(1,3,'2018-07-16 14:50:57','2018-07-16 14:51:57'),(1,3,'2018-07-16 14:51:57','2018-07-16 14:52:57'),(1,3,'2018-07-16 14:52:57',NULL),(1,4,'2018-07-16 14:36:01','2018-07-16 14:37:01'),(1,4,'2018-07-16 14:37:01','2018-07-16 14:38:01'),(1,4,'2018-07-16 14:38:01','2018-07-16 14:39:01'),(1,4,'2018-07-16 14:39:01','2018-07-16 14:40:01'),(1,4,'2018-07-16 14:40:01','2018-07-16 14:41:01'),(1,4,'2018-07-16 14:41:01','2018-07-16 14:42:01'),(1,4,'2018-07-16 14:42:01','2018-07-16 14:43:01'),(1,4,'2018-07-16 14:43:01','2018-07-16 14:44:01'),(1,4,'2018-07-16 14:44:01','2018-07-16 14:45:01'),(1,4,'2018-07-16 14:45:01','2018-07-16 14:46:01'),(1,4,'2018-07-16 14:46:01','2018-07-16 14:47:01'),(1,4,'2018-07-16 14:47:01','2018-07-16 14:48:01'),(1,4,'2018-07-16 14:48:01','2018-07-16 14:49:01'),(1,4,'2018-07-16 14:49:01','2018-07-16 14:50:01'),(1,4,'2018-07-16 14:50:01','2018-07-16 14:51:01'),(1,4,'2018-07-16 14:51:01','2018-07-16 14:52:01'),(1,4,'2018-07-16 14:52:01','2018-07-16 14:53:01'),(1,4,'2018-07-16 14:53:01',NULL),(1,5,'2018-07-16 14:36:16','2018-07-16 14:37:16'),(1,5,'2018-07-16 14:37:16','2018-07-16 14:38:16'),(1,5,'2018-07-16 14:38:16','2018-07-16 14:39:16'),(1,5,'2018-07-16 14:39:16','2018-07-16 14:40:16'),(1,5,'2018-07-16 14:40:16','2018-07-16 14:41:16'),(1,5,'2018-07-16 14:41:16','2018-07-16 14:42:16'),(1,5,'2018-07-16 14:42:16','2018-07-16 14:43:16'),(1,5,'2018-07-16 14:43:16','2018-07-16 14:44:16'),(1,5,'2018-07-16 14:44:16','2018-07-16 14:45:16'),(1,5,'2018-07-16 14:45:16','2018-07-16 14:46:16'),(1,5,'2018-07-16 14:46:16','2018-07-16 14:47:16'),(1,5,'2018-07-16 14:47:16','2018-07-16 14:48:16'),(1,5,'2018-07-16 14:48:16','2018-07-16 14:49:16'),(1,5,'2018-07-16 14:49:16','2018-07-16 14:50:16'),(1,5,'2018-07-16 14:50:16','2018-07-16 14:51:16'),(1,5,'2018-07-16 14:51:16','2018-07-16 14:52:16'),(1,5,'2018-07-16 14:52:16','2018-07-16 14:53:16'),(1,5,'2018-07-16 14:53:16',NULL),(1,6,'2018-07-16 14:47:28','2018-07-16 14:48:28'),(1,6,'2018-07-16 14:48:28','2018-07-16 14:49:28'),(1,6,'2018-07-16 14:49:28','2018-07-16 14:50:28'),(1,6,'2018-07-16 14:50:28','2018-07-16 14:51:28'),(1,6,'2018-07-16 14:51:28','2018-07-16 14:52:28'),(1,6,'2018-07-16 14:52:28','2018-07-16 14:53:28'),(1,6,'2018-07-16 14:53:28',NULL),(1,7,'2018-07-16 14:49:13','2018-07-16 14:50:13'),(1,7,'2018-07-16 14:50:13','2018-07-16 14:51:13'),(1,7,'2018-07-16 14:51:13','2018-07-16 14:52:13'),(1,7,'2018-07-16 14:52:13','2018-07-16 14:53:13'),(1,7,'2018-07-16 14:53:13',NULL),(1,8,'2018-07-16 14:49:15','2018-07-16 14:50:15'),(1,8,'2018-07-16 14:50:15','2018-07-16 14:51:15'),(1,8,'2018-07-16 14:51:15','2018-07-16 14:52:15'),(1,8,'2018-07-16 14:52:15','2018-07-16 14:53:15'),(1,8,'2018-07-16 14:53:15',NULL),(1,13,'2018-07-16 15:21:15','2018-07-16 15:22:45'),(1,13,'2018-07-16 15:22:45','2018-07-16 15:24:15'),(1,13,'2018-07-16 15:24:15','2018-07-16 15:25:45'),(1,13,'2018-07-16 15:25:45','2018-07-16 15:27:15'),(1,13,'2018-07-16 15:27:15','2018-07-16 15:28:45'),(1,13,'2018-07-16 15:28:45','2018-07-16 15:30:15'),(1,13,'2018-07-16 15:30:15','2018-07-16 15:31:45'),(1,13,'2018-07-16 15:31:45','2018-07-16 15:33:15'),(1,13,'2018-07-16 15:33:15','2018-07-16 15:34:45'),(1,13,'2018-07-16 15:34:45','2018-07-16 15:36:15'),(1,13,'2018-07-16 15:36:15','2018-07-16 15:37:45'),(1,13,'2018-07-16 15:37:45','2018-07-16 15:39:15'),(1,13,'2018-07-16 15:39:15','2018-07-16 15:40:45'),(1,13,'2018-07-16 15:40:45','2018-07-16 15:42:15'),(1,13,'2018-07-16 15:42:15','2018-07-16 15:43:45'),(1,13,'2018-07-16 15:43:45','2018-07-16 15:45:15'),(1,13,'2018-07-16 15:45:15','2018-07-16 15:46:45'),(1,13,'2018-07-16 15:46:45','2018-07-16 15:48:15'),(1,13,'2018-07-16 15:48:15','2018-07-16 15:49:45'),(1,13,'2018-07-16 15:49:45','2018-07-16 15:51:15'),(1,13,'2018-07-16 15:51:15','2018-07-16 15:52:45'),(1,13,'2018-07-16 15:52:45','2018-07-16 15:54:15'),(1,13,'2018-07-16 15:54:15','2018-07-16 15:55:45'),(1,13,'2018-07-16 15:55:45','2018-07-16 15:57:15'),(1,13,'2018-07-16 15:57:15','2018-07-16 15:58:45'),(1,13,'2018-07-16 15:58:45','2018-07-16 16:00:15'),(1,13,'2018-07-16 16:00:15',NULL),(1,15,'2018-07-16 15:23:13','2018-07-16 15:24:43'),(1,15,'2018-07-16 15:24:43','2018-07-16 15:26:13'),(1,15,'2018-07-16 15:26:13','2018-07-16 15:27:43'),(1,15,'2018-07-16 15:27:43','2018-07-16 15:29:13'),(1,15,'2018-07-16 15:29:13','2018-07-16 15:30:43'),(1,15,'2018-07-16 15:30:43','2018-07-16 15:32:13'),(1,15,'2018-07-16 15:32:13','2018-07-16 15:33:43'),(1,15,'2018-07-16 15:33:43','2018-07-16 15:35:13'),(1,15,'2018-07-16 15:35:13','2018-07-16 15:36:43'),(1,15,'2018-07-16 15:36:43','2018-07-16 15:38:13'),(1,15,'2018-07-16 15:38:13','2018-07-16 15:39:43'),(1,15,'2018-07-16 15:39:43','2018-07-16 15:41:13'),(1,15,'2018-07-16 15:41:13','2018-07-16 15:42:43'),(1,15,'2018-07-16 15:42:43','2018-07-16 15:44:13'),(1,15,'2018-07-16 15:44:13','2018-07-16 15:45:43'),(1,15,'2018-07-16 15:45:43','2018-07-16 15:47:13'),(1,15,'2018-07-16 15:47:13','2018-07-16 15:48:43'),(1,15,'2018-07-16 15:48:43','2018-07-16 15:50:13'),(1,15,'2018-07-16 15:50:13','2018-07-16 15:51:43'),(1,15,'2018-07-16 15:51:43','2018-07-16 15:53:13'),(1,15,'2018-07-16 15:53:13','2018-07-16 15:54:43'),(1,15,'2018-07-16 15:54:43','2018-07-16 15:56:13'),(1,15,'2018-07-16 15:56:13','2018-07-16 15:57:43'),(1,15,'2018-07-16 15:57:43','2018-07-16 15:59:13'),(1,15,'2018-07-16 15:59:13',NULL),(1,26,'2018-07-16 16:27:02','2018-07-16 16:28:32'),(1,26,'2018-07-16 16:28:32','2018-07-16 16:30:02'),(1,26,'2018-07-16 16:30:02','2018-07-16 16:31:32'),(1,26,'2018-07-16 16:31:32','2018-07-16 16:33:02'),(1,26,'2018-07-16 16:33:02','2018-07-16 16:34:32'),(1,26,'2018-07-16 16:34:32','2018-07-16 16:36:02'),(1,26,'2018-07-16 16:36:02','2018-07-16 16:37:32'),(1,26,'2018-07-16 16:37:32','2018-07-16 16:39:02'),(1,26,'2018-07-16 16:39:02','2018-07-16 16:40:32'),(1,26,'2018-07-16 16:40:32','2018-07-16 16:42:02'),(1,26,'2018-07-16 16:42:02','2018-07-16 16:43:32'),(1,26,'2018-07-16 16:43:32','2018-07-16 16:45:02'),(1,26,'2018-07-16 16:45:02','2018-07-16 16:46:32'),(1,26,'2018-07-16 16:46:32','2018-07-16 16:48:02'),(1,26,'2018-07-16 16:48:02','2018-07-16 16:49:32'),(1,26,'2018-07-16 16:49:32','2018-07-16 16:51:02'),(1,26,'2018-07-16 16:51:02','2018-07-16 16:52:32'),(1,26,'2018-07-16 16:52:32','2018-07-16 16:54:02'),(1,26,'2018-07-16 16:54:02','2018-07-16 16:55:32'),(1,26,'2018-07-16 16:55:32','2018-07-16 16:57:02'),(1,26,'2018-07-16 16:57:02','2018-07-16 16:58:32'),(1,26,'2018-07-16 16:58:32','2018-07-16 17:00:02'),(1,26,'2018-07-16 17:00:02','2018-07-16 17:01:32'),(1,26,'2018-07-16 17:01:32','2018-07-16 17:03:02'),(1,26,'2018-07-16 17:03:02','2018-07-16 17:04:32'),(1,32,'2018-07-17 19:40:16','2018-07-17 19:40:46'),(1,32,'2018-07-17 19:40:46','2018-07-17 19:41:16'),(1,32,'2018-07-17 19:41:16','2018-07-17 19:41:46'),(1,32,'2018-07-17 19:41:46','2018-07-17 19:42:16'),(1,32,'2018-07-17 19:42:16','2018-07-17 19:42:46'),(1,32,'2018-07-17 19:42:46','2018-07-17 19:43:16'),(1,32,'2018-07-17 19:43:16','2018-07-17 19:43:46'),(1,32,'2018-07-17 19:43:46','2018-07-17 19:44:16'),(1,32,'2018-07-17 19:44:16','2018-07-17 19:44:46'),(1,32,'2018-07-17 19:44:46','2018-07-17 19:45:16'),(1,32,'2018-07-17 19:45:16','2018-07-17 19:45:46'),(1,32,'2018-07-17 19:45:46','2018-07-17 19:46:16'),(1,32,'2018-07-17 19:46:16','2018-07-17 19:46:46'),(1,32,'2018-07-17 19:46:46','2018-07-17 19:47:16'),(1,32,'2018-07-17 19:47:16','2018-07-17 19:47:46'),(1,32,'2018-07-17 19:47:46','2018-07-17 19:48:16'),(1,32,'2018-07-17 19:48:16',NULL),(1,33,'2018-07-17 19:40:23','2018-07-17 19:40:53'),(1,33,'2018-07-17 19:40:53','2018-07-17 19:41:23'),(1,33,'2018-07-17 19:41:23','2018-07-17 19:41:53'),(1,33,'2018-07-17 19:41:53','2018-07-17 19:42:23'),(1,33,'2018-07-17 19:42:23','2018-07-17 19:42:53'),(1,33,'2018-07-17 19:42:53','2018-07-17 19:43:23'),(1,33,'2018-07-17 19:43:23','2018-07-17 19:43:53'),(1,33,'2018-07-17 19:43:53','2018-07-17 19:44:23'),(1,33,'2018-07-17 19:44:23','2018-07-17 19:44:53'),(1,33,'2018-07-17 19:44:53','2018-07-17 19:45:23'),(1,33,'2018-07-17 19:45:23','2018-07-17 19:45:53'),(1,33,'2018-07-17 19:45:53','2018-07-17 19:46:23'),(1,33,'2018-07-17 19:46:23','2018-07-17 19:46:53'),(1,33,'2018-07-17 19:46:53','2018-07-17 19:47:23'),(1,33,'2018-07-17 19:47:23','2018-07-17 19:47:53'),(1,33,'2018-07-17 19:47:53',NULL),(1,34,'2018-07-17 19:40:28','2018-07-17 19:40:58'),(1,34,'2018-07-17 19:40:58','2018-07-17 19:41:28'),(1,34,'2018-07-17 19:41:28','2018-07-17 19:41:58'),(1,34,'2018-07-17 19:41:58','2018-07-17 19:42:28'),(1,34,'2018-07-17 19:42:28','2018-07-17 19:42:58'),(1,34,'2018-07-17 19:42:58','2018-07-17 19:43:28'),(1,34,'2018-07-17 19:43:28','2018-07-17 19:43:58'),(1,34,'2018-07-17 19:43:58','2018-07-17 19:44:28'),(1,34,'2018-07-17 19:44:28','2018-07-17 19:44:58'),(1,34,'2018-07-17 19:44:58','2018-07-17 19:45:28'),(1,34,'2018-07-17 19:45:28','2018-07-17 19:45:58'),(1,34,'2018-07-17 19:45:58','2018-07-17 19:46:28'),(1,34,'2018-07-17 19:46:28','2018-07-17 19:46:58'),(1,34,'2018-07-17 19:46:58','2018-07-17 19:47:28'),(1,34,'2018-07-17 19:47:28','2018-07-17 19:47:58'),(1,34,'2018-07-17 19:47:58',NULL),(1,35,'2018-07-17 19:40:57','2018-07-17 19:41:27'),(1,35,'2018-07-17 19:41:27','2018-07-17 19:41:57'),(1,35,'2018-07-17 19:41:57','2018-07-17 19:42:27'),(1,35,'2018-07-17 19:42:27','2018-07-17 19:42:57'),(1,35,'2018-07-17 19:42:57','2018-07-17 19:43:27'),(1,35,'2018-07-17 19:43:27','2018-07-17 19:43:57'),(1,35,'2018-07-17 19:43:57','2018-07-17 19:44:27'),(1,35,'2018-07-17 19:44:27','2018-07-17 19:44:57'),(1,35,'2018-07-17 19:44:57','2018-07-17 19:45:27'),(1,35,'2018-07-17 19:45:27','2018-07-17 19:45:57'),(1,35,'2018-07-17 19:45:57','2018-07-17 19:46:27'),(1,35,'2018-07-17 19:46:27','2018-07-17 19:46:57'),(1,35,'2018-07-17 19:46:57','2018-07-17 19:47:27'),(1,35,'2018-07-17 19:47:27','2018-07-17 19:47:57'),(1,35,'2018-07-17 19:47:57',NULL),(1,36,'2018-07-17 19:40:58','2018-07-17 19:41:28'),(1,36,'2018-07-17 19:41:28','2018-07-17 19:41:58'),(1,36,'2018-07-17 19:41:58','2018-07-17 19:42:28'),(1,36,'2018-07-17 19:42:28','2018-07-17 19:42:58'),(1,36,'2018-07-17 19:42:58','2018-07-17 19:43:28'),(1,36,'2018-07-17 19:43:28','2018-07-17 19:43:58'),(1,36,'2018-07-17 19:43:58','2018-07-17 19:44:28'),(1,36,'2018-07-17 19:44:28','2018-07-17 19:44:58'),(1,36,'2018-07-17 19:44:58','2018-07-17 19:45:28'),(1,36,'2018-07-17 19:45:28','2018-07-17 19:45:58'),(1,36,'2018-07-17 19:45:58','2018-07-17 19:46:28'),(1,36,'2018-07-17 19:46:28','2018-07-17 19:46:58'),(1,36,'2018-07-17 19:46:58','2018-07-17 19:47:28'),(1,36,'2018-07-17 19:47:28','2018-07-17 19:47:58'),(1,36,'2018-07-17 19:47:58',NULL),(1,37,'2018-07-17 19:42:35','2018-07-17 19:43:05'),(1,37,'2018-07-17 19:43:05','2018-07-17 19:43:35'),(1,37,'2018-07-17 19:43:35','2018-07-17 19:44:05'),(1,37,'2018-07-17 19:44:05','2018-07-17 19:44:35'),(1,37,'2018-07-17 19:44:35','2018-07-17 19:45:05'),(1,37,'2018-07-17 19:45:05','2018-07-17 19:45:35'),(1,37,'2018-07-17 19:45:35','2018-07-17 19:46:05'),(1,37,'2018-07-17 19:46:05','2018-07-17 19:46:35'),(1,37,'2018-07-17 19:46:35','2018-07-17 19:47:05'),(1,37,'2018-07-17 19:47:05','2018-07-17 19:47:35'),(1,37,'2018-07-17 19:47:35','2018-07-17 19:48:05'),(1,37,'2018-07-17 19:48:05',NULL),(1,38,'2018-07-17 19:44:16','2018-07-17 19:44:46'),(1,38,'2018-07-17 19:44:46','2018-07-17 19:45:16'),(1,38,'2018-07-17 19:45:16','2018-07-17 19:45:46'),(1,38,'2018-07-17 19:45:46','2018-07-17 19:46:16'),(1,38,'2018-07-17 19:46:16','2018-07-17 19:46:46'),(1,38,'2018-07-17 19:46:46','2018-07-17 19:47:16'),(1,38,'2018-07-17 19:47:16','2018-07-17 19:47:46'),(1,38,'2018-07-17 19:47:46','2018-07-17 19:48:16'),(1,38,'2018-07-17 19:48:16',NULL),(1,39,'2018-07-17 19:45:38','2018-07-17 19:46:08'),(1,39,'2018-07-17 19:46:08','2018-07-17 19:46:38'),(1,39,'2018-07-17 19:46:38','2018-07-17 19:47:08'),(1,39,'2018-07-17 19:47:08','2018-07-17 19:47:38'),(1,39,'2018-07-17 19:47:38','2018-07-17 19:48:08'),(1,39,'2018-07-17 19:48:08',NULL),(1,40,'2018-07-17 19:46:51','2018-07-17 19:47:21'),(1,40,'2018-07-17 19:47:21','2018-07-17 19:47:51'),(1,40,'2018-07-17 19:47:51',NULL),(1,45,'2018-07-17 20:00:54','2018-07-17 20:01:39'),(1,45,'2018-07-17 20:01:39','2018-07-17 20:02:24'),(1,45,'2018-07-17 20:02:24','2018-07-17 20:03:09'),(1,45,'2018-07-17 20:03:09','2018-07-17 20:03:54'),(1,45,'2018-07-17 20:03:54','2018-07-17 20:04:39'),(1,45,'2018-07-17 20:04:39','2018-07-17 20:05:24'),(1,45,'2018-07-17 20:05:24','2018-07-17 20:06:09'),(1,45,'2018-07-17 20:06:09','2018-07-17 20:06:54'),(1,45,'2018-07-17 20:06:54','2018-07-17 20:07:39'),(1,45,'2018-07-17 20:07:39','2018-07-17 20:08:24'),(1,45,'2018-07-17 20:08:24','2018-07-17 20:09:09'),(1,45,'2018-07-17 20:09:09','2018-07-17 20:09:54'),(1,45,'2018-07-17 20:09:54','2018-07-17 20:10:39'),(1,45,'2018-07-17 20:10:39','2018-07-17 20:11:24'),(1,45,'2018-07-17 20:11:24','2018-07-17 20:12:09'),(1,45,'2018-07-17 20:12:09','2018-07-17 20:12:54'),(1,45,'2018-07-17 20:12:54','2018-07-17 20:13:39'),(1,45,'2018-07-17 20:13:39','2018-07-17 20:14:24'),(1,45,'2018-07-17 20:14:24','2018-07-17 20:15:09'),(1,45,'2018-07-17 20:15:09','2018-07-17 20:15:54'),(1,45,'2018-07-17 20:15:54','2018-07-17 20:16:39'),(1,45,'2018-07-17 20:16:39','2018-07-17 20:17:24'),(1,45,'2018-07-17 20:17:24','2018-07-17 20:18:09'),(1,45,'2018-07-17 20:18:09','2018-07-17 20:18:54'),(1,45,'2018-07-17 20:18:54','2018-07-17 20:19:39'),(1,45,'2018-07-17 20:19:39',NULL),(1,46,'2018-07-17 20:00:59','2018-07-17 20:01:44'),(1,46,'2018-07-17 20:01:44','2018-07-17 20:02:29'),(1,46,'2018-07-17 20:02:29','2018-07-17 20:03:14'),(1,46,'2018-07-17 20:03:14','2018-07-17 20:03:59'),(1,46,'2018-07-17 20:03:59','2018-07-17 20:04:44'),(1,46,'2018-07-17 20:04:44','2018-07-17 20:05:29'),(1,46,'2018-07-17 20:05:29','2018-07-17 20:06:14'),(1,46,'2018-07-17 20:06:14','2018-07-17 20:06:59'),(1,46,'2018-07-17 20:06:59','2018-07-17 20:07:44'),(1,46,'2018-07-17 20:07:44','2018-07-17 20:08:29'),(1,46,'2018-07-17 20:08:29','2018-07-17 20:09:14'),(1,46,'2018-07-17 20:09:14','2018-07-17 20:09:59'),(1,46,'2018-07-17 20:09:59','2018-07-17 20:10:44'),(1,46,'2018-07-17 20:10:44','2018-07-17 20:11:29'),(1,46,'2018-07-17 20:11:29','2018-07-17 20:12:14'),(1,46,'2018-07-17 20:12:14','2018-07-17 20:12:59'),(1,46,'2018-07-17 20:12:59','2018-07-17 20:13:44'),(1,46,'2018-07-17 20:13:44','2018-07-17 20:14:29'),(1,46,'2018-07-17 20:14:29','2018-07-17 20:15:14'),(1,46,'2018-07-17 20:15:14','2018-07-17 20:15:59'),(1,46,'2018-07-17 20:15:59','2018-07-17 20:16:44'),(1,46,'2018-07-17 20:16:44','2018-07-17 20:17:29'),(1,46,'2018-07-17 20:17:29','2018-07-17 20:18:14'),(1,46,'2018-07-17 20:18:14','2018-07-17 20:18:59'),(1,46,'2018-07-17 20:18:59','2018-07-17 20:19:44'),(1,46,'2018-07-17 20:19:44',NULL),(1,74,'2018-07-17 20:34:32','2018-07-17 20:35:17'),(1,74,'2018-07-17 20:35:17','2018-07-17 20:36:02'),(1,74,'2018-07-17 20:36:02','2018-07-17 20:36:47'),(1,74,'2018-07-17 20:36:47','2018-07-17 20:37:32'),(1,74,'2018-07-17 20:37:32','2018-07-17 20:38:17'),(1,74,'2018-07-17 20:38:17','2018-07-17 20:39:02'),(1,74,'2018-07-17 20:39:02','2018-07-17 20:39:47'),(1,74,'2018-07-17 20:39:47','2018-07-17 20:40:32'),(1,74,'2018-07-17 20:40:32','2018-07-17 20:41:17'),(1,74,'2018-07-17 20:41:17','2018-07-17 20:42:02'),(1,74,'2018-07-17 20:42:02','2018-07-17 20:42:47'),(1,74,'2018-07-17 20:42:47','2018-07-17 20:43:32'),(1,74,'2018-07-17 20:43:32','2018-07-17 20:44:17'),(1,74,'2018-07-17 20:44:17','2018-07-17 20:45:02'),(1,74,'2018-07-17 20:45:02','2018-07-17 20:45:47'),(1,74,'2018-07-17 20:45:47','2018-07-17 20:46:32'),(1,74,'2018-07-17 20:46:32','2018-07-17 20:47:17'),(1,74,'2018-07-17 20:47:17','2018-07-17 20:48:02'),(1,74,'2018-07-17 20:48:02','2018-07-17 20:48:47'),(1,74,'2018-07-17 20:48:47','2018-07-17 20:49:32'),(1,74,'2018-07-17 20:49:32','2018-07-17 20:50:17'),(1,74,'2018-07-17 20:50:17','2018-07-17 20:51:02'),(1,74,'2018-07-17 20:51:02','2018-07-17 20:51:47'),(1,74,'2018-07-17 20:51:47','2018-07-17 20:52:32'),(1,74,'2018-07-17 20:52:32','2018-07-17 20:53:17'),(1,84,'2018-07-23 16:05:38','2018-07-23 16:06:08'),(1,84,'2018-07-23 16:07:52','2018-07-23 16:08:22'),(1,84,'2018-07-23 16:08:22','2018-07-23 16:08:52'),(1,84,'2018-07-23 16:08:52','2018-07-23 16:09:22'),(1,84,'2018-07-23 16:09:22','2018-07-23 16:09:52'),(1,84,'2018-07-23 16:11:32','2018-07-23 16:12:02'),(1,84,'2018-07-23 16:12:02','2018-07-23 16:12:32'),(1,84,'2018-07-23 16:12:32','2018-07-23 16:13:02'),(1,84,'2018-07-23 16:13:02','2018-07-23 16:13:32'),(1,84,'2018-07-23 16:13:32','2018-07-23 16:14:02'),(1,84,'2018-07-23 16:14:02','2018-07-23 16:14:32'),(1,84,'2018-07-23 16:14:32','2018-07-23 16:15:02'),(1,84,'2018-07-23 16:15:02','2018-07-23 16:15:32'),(1,84,'2018-07-23 16:15:32','2018-07-23 16:16:02'),(1,84,'2018-07-23 16:16:02','2018-07-23 16:16:32'),(1,84,'2018-07-23 16:16:32','2018-07-23 16:17:02'),(1,84,'2018-07-23 16:17:02','2018-07-23 16:17:32'),(1,84,'2018-07-23 16:17:32','2018-07-23 16:18:02'),(1,84,'2018-07-23 16:18:02','2018-07-23 16:18:32'),(1,84,'2018-07-23 16:18:32','2018-07-23 16:19:02'),(1,84,'2018-07-23 16:19:02','2018-07-23 16:19:32'),(1,84,'2018-07-23 16:19:32','2018-07-23 16:20:02'),(1,84,'2018-07-23 16:20:02','2018-07-23 16:20:32'),(1,84,'2018-07-23 16:20:32','2018-07-23 16:21:02'),(1,84,'2018-07-23 16:21:02','2018-07-23 16:21:32'),(1,84,'2018-07-23 16:21:32','2018-07-23 16:22:02'),(1,84,'2018-07-23 16:22:02','2018-07-23 16:22:32'),(1,84,'2018-07-23 16:22:32','2018-07-23 16:23:02'),(1,84,'2018-07-23 16:23:02','2018-07-23 16:23:32'),(1,84,'2018-07-23 16:23:32','2018-07-23 16:24:02'),(1,84,'2018-07-23 16:24:02','2018-07-23 16:24:32'),(1,84,'2018-07-23 16:24:32','2018-07-23 16:25:02'),(1,84,'2018-07-23 16:25:02','2018-07-23 16:25:32'),(1,84,'2018-07-23 16:25:32','2018-07-23 16:26:02'),(1,84,'2018-07-23 16:26:02','2018-07-23 16:26:32'),(1,84,'2018-07-23 16:26:32','2018-07-23 16:27:02'),(1,84,'2018-07-23 16:27:02','2018-07-23 16:27:32'),(1,84,'2018-07-23 16:27:32','2018-07-23 16:28:02'),(1,87,'2018-07-23 16:47:32','2018-07-23 16:48:02'),(1,87,'2018-07-23 16:48:02','2018-07-23 16:48:32'),(1,87,'2018-07-23 16:48:32','2018-07-23 16:49:02'),(1,87,'2018-07-23 16:49:02','2018-07-23 16:49:32'),(1,87,'2018-07-23 16:56:12','2018-07-23 16:56:42'),(1,87,'2018-07-23 16:56:42','2018-07-23 16:57:12'),(1,87,'2018-07-23 16:58:35','2018-07-23 16:59:05'),(1,87,'2018-07-23 16:59:05','2018-07-23 16:59:35'),(1,87,'2018-07-23 17:14:06','2018-07-23 17:14:36'),(1,87,'2018-07-23 17:14:36','2018-07-23 17:15:06'),(1,89,'2018-07-23 17:24:18','2018-07-23 17:24:48'),(1,89,'2018-07-23 17:24:48','2018-07-23 17:25:18'),(1,89,'2018-07-23 17:25:18','2018-07-23 17:25:48'),(1,89,'2018-07-23 17:25:48','2018-07-23 17:26:18'),(1,89,'2018-07-23 17:26:18','2018-07-23 17:26:48'),(1,89,'2018-07-23 17:26:48','2018-07-23 17:27:18'),(1,89,'2018-07-23 17:27:18','2018-07-23 17:27:48'),(1,89,'2018-07-23 17:27:48','2018-07-23 17:28:18'),(1,89,'2018-07-23 17:28:18','2018-07-23 17:28:48'),(1,89,'2018-07-23 17:28:48','2018-07-23 17:29:18'),(1,89,'2018-07-23 17:29:18','2018-07-23 17:29:48'),(1,89,'2018-07-23 17:29:48','2018-07-23 17:30:18'),(1,89,'2018-07-23 17:30:18','2018-07-23 17:30:48'),(1,89,'2018-07-23 17:30:48','2018-07-23 17:31:18'),(1,89,'2018-07-23 17:31:18','2018-07-23 17:31:48'),(1,89,'2018-07-23 17:31:48','2018-07-23 17:32:18'),(1,89,'2018-07-23 17:32:18','2018-07-23 17:32:48'),(1,89,'2018-07-23 17:32:48','2018-07-23 17:33:18'),(1,89,'2018-07-23 17:33:18','2018-07-23 17:33:48'),(1,89,'2018-07-23 17:33:48','2018-07-23 17:34:18'),(1,89,'2018-07-23 17:34:18','2018-07-23 17:34:48'),(1,89,'2018-07-23 17:34:48','2018-07-23 17:35:18'),(1,89,'2018-07-23 17:35:18','2018-07-23 17:35:48'),(1,89,'2018-07-23 17:35:48','2018-07-23 17:36:18'),(1,89,'2018-07-23 17:36:18','2018-07-23 17:36:48'),(1,89,'2018-07-23 17:36:48','2018-07-23 17:37:18'),(1,90,'2018-07-23 17:24:22','2018-07-23 17:24:52'),(1,90,'2018-07-23 17:24:52','2018-07-23 17:25:22'),(1,90,'2018-07-23 17:25:22','2018-07-23 17:25:52'),(1,90,'2018-07-23 17:25:52','2018-07-23 17:26:22'),(1,90,'2018-07-23 17:26:22','2018-07-23 17:26:52'),(1,90,'2018-07-23 17:26:52','2018-07-23 17:27:22'),(1,90,'2018-07-23 17:27:22','2018-07-23 17:27:52'),(1,90,'2018-07-23 17:27:52','2018-07-23 17:28:22'),(1,90,'2018-07-23 17:28:22','2018-07-23 17:28:52'),(1,90,'2018-07-23 17:28:52','2018-07-23 17:29:22'),(1,90,'2018-07-23 17:29:22','2018-07-23 17:29:52'),(1,90,'2018-07-23 17:29:52','2018-07-23 17:30:22'),(1,90,'2018-07-23 17:30:22','2018-07-23 17:30:52'),(1,90,'2018-07-23 17:30:52','2018-07-23 17:31:22'),(1,90,'2018-07-23 17:31:22','2018-07-23 17:31:52'),(1,90,'2018-07-23 17:31:52','2018-07-23 17:32:22'),(1,90,'2018-07-23 17:32:22','2018-07-23 17:32:52'),(1,90,'2018-07-23 17:32:52','2018-07-23 17:33:22'),(1,90,'2018-07-23 17:33:22','2018-07-23 17:33:52'),(1,90,'2018-07-23 17:33:52','2018-07-23 17:34:22'),(1,90,'2018-07-23 17:34:22','2018-07-23 17:34:52'),(1,90,'2018-07-23 17:34:52','2018-07-23 17:35:22'),(1,90,'2018-07-23 17:35:22','2018-07-23 17:35:52'),(1,90,'2018-07-23 17:35:52','2018-07-23 17:36:22'),(1,90,'2018-07-23 17:36:22','2018-07-23 17:36:52'),(1,90,'2018-07-23 17:36:52','2018-07-23 17:37:22'),(1,91,'2018-07-23 17:24:26','2018-07-23 17:24:56'),(1,91,'2018-07-23 17:24:56','2018-07-23 17:25:26'),(1,91,'2018-07-23 17:25:26','2018-07-23 17:25:56'),(1,91,'2018-07-23 17:25:56','2018-07-23 17:26:26'),(1,91,'2018-07-23 17:26:26','2018-07-23 17:26:56'),(1,91,'2018-07-23 17:26:56','2018-07-23 17:27:26'),(1,91,'2018-07-23 17:27:26','2018-07-23 17:27:56'),(1,91,'2018-07-23 17:27:56','2018-07-23 17:28:26'),(1,91,'2018-07-23 17:28:26','2018-07-23 17:28:56'),(1,91,'2018-07-23 17:28:56','2018-07-23 17:29:26'),(1,91,'2018-07-23 17:29:26','2018-07-23 17:29:56'),(1,91,'2018-07-23 17:29:56','2018-07-23 17:30:26'),(1,91,'2018-07-23 17:30:26','2018-07-23 17:30:56'),(1,91,'2018-07-23 17:30:56','2018-07-23 17:31:26'),(1,91,'2018-07-23 17:31:26','2018-07-23 17:31:56'),(1,91,'2018-07-23 17:31:56','2018-07-23 17:32:26'),(1,91,'2018-07-23 17:32:26','2018-07-23 17:32:56'),(1,91,'2018-07-23 17:32:56','2018-07-23 17:33:26'),(1,91,'2018-07-23 17:33:26','2018-07-23 17:33:56'),(1,91,'2018-07-23 17:33:56','2018-07-23 17:34:26'),(1,91,'2018-07-23 17:34:26','2018-07-23 17:34:56'),(1,91,'2018-07-23 17:34:56','2018-07-23 17:35:26'),(1,91,'2018-07-23 17:35:26','2018-07-23 17:35:56'),(1,91,'2018-07-23 17:35:56','2018-07-23 17:36:26'),(1,91,'2018-07-23 17:36:26','2018-07-23 17:36:56'),(1,92,'2018-07-23 17:24:30','2018-07-23 17:25:00'),(1,92,'2018-07-23 17:25:00','2018-07-23 17:25:30'),(1,92,'2018-07-23 17:25:30','2018-07-23 17:26:00'),(1,92,'2018-07-23 17:26:00','2018-07-23 17:26:30'),(1,92,'2018-07-23 17:26:30','2018-07-23 17:27:00'),(1,92,'2018-07-23 17:27:00','2018-07-23 17:27:30'),(1,92,'2018-07-23 17:27:30','2018-07-23 17:28:00'),(1,92,'2018-07-23 17:28:00','2018-07-23 17:28:30'),(1,92,'2018-07-23 17:28:30','2018-07-23 17:29:00'),(1,92,'2018-07-23 17:29:00','2018-07-23 17:29:30'),(1,92,'2018-07-23 17:29:30','2018-07-23 17:30:00'),(1,92,'2018-07-23 17:30:00','2018-07-23 17:30:30'),(1,92,'2018-07-23 17:30:30','2018-07-23 17:31:00'),(1,92,'2018-07-23 17:31:00','2018-07-23 17:31:30'),(1,92,'2018-07-23 17:31:30','2018-07-23 17:32:00'),(1,92,'2018-07-23 17:32:00','2018-07-23 17:32:30'),(1,92,'2018-07-23 17:32:30','2018-07-23 17:33:00'),(1,92,'2018-07-23 17:33:00','2018-07-23 17:33:30'),(1,92,'2018-07-23 17:33:30','2018-07-23 17:34:00'),(1,92,'2018-07-23 17:34:00','2018-07-23 17:34:30'),(1,92,'2018-07-23 17:34:30','2018-07-23 17:35:00'),(1,92,'2018-07-23 17:35:00','2018-07-23 17:35:30'),(1,92,'2018-07-23 17:35:30','2018-07-23 17:36:00'),(1,92,'2018-07-23 17:36:00','2018-07-23 17:36:30'),(1,92,'2018-07-23 17:36:30','2018-07-23 17:37:00'),(1,94,'2018-08-03 17:27:46','2018-08-03 17:28:16'),(1,94,'2018-08-03 17:28:16','2018-08-03 17:28:46'),(1,94,'2018-08-03 17:28:46','2018-08-03 17:29:16'),(1,94,'2018-08-03 17:29:16','2018-08-03 17:29:46'),(1,94,'2018-08-03 17:29:46','2018-08-03 17:30:16'),(1,94,'2018-08-03 17:30:16','2018-08-03 17:30:46'),(1,94,'2018-08-03 17:30:46','2018-08-03 17:31:16'),(1,94,'2018-08-03 17:31:16','2018-08-03 17:31:46'),(1,94,'2018-08-03 17:31:46','2018-08-03 17:32:16'),(1,94,'2018-08-03 17:32:16','2018-08-03 17:32:46'),(1,94,'2018-08-03 17:32:46','2018-08-03 17:33:16'),(1,94,'2018-08-03 17:33:16','2018-08-03 17:33:46'),(1,94,'2018-08-03 17:33:46','2018-08-03 17:34:16'),(1,94,'2018-08-03 17:34:16','2018-08-03 17:34:46'),(1,94,'2018-08-03 17:34:46','2018-08-03 17:35:16'),(1,94,'2018-08-03 17:35:16','2018-08-03 17:35:46'),(1,94,'2018-08-03 17:35:46','2018-08-03 17:36:16'),(1,94,'2018-08-03 17:36:16','2018-08-03 17:36:46'),(1,95,'2018-08-03 17:28:06','2018-08-03 17:28:36'),(1,95,'2018-08-03 17:28:36','2018-08-03 17:29:06'),(1,95,'2018-08-03 17:29:06','2018-08-03 17:29:36'),(1,95,'2018-08-03 17:29:36','2018-08-03 17:30:06'),(1,95,'2018-08-03 17:30:06','2018-08-03 17:30:36'),(1,95,'2018-08-03 17:30:36','2018-08-03 17:31:06'),(1,95,'2018-08-03 17:31:06','2018-08-03 17:31:36'),(1,95,'2018-08-03 17:31:36','2018-08-03 17:32:06'),(1,95,'2018-08-03 17:32:06','2018-08-03 17:32:36'),(1,95,'2018-08-03 17:32:36','2018-08-03 17:33:06'),(1,95,'2018-08-03 17:33:06','2018-08-03 17:33:36'),(1,95,'2018-08-03 17:33:36','2018-08-03 17:34:06'),(1,95,'2018-08-03 17:34:06','2018-08-03 17:34:36'),(1,95,'2018-08-03 17:34:36','2018-08-03 17:35:06'),(1,95,'2018-08-03 17:35:06','2018-08-03 17:35:36'),(1,95,'2018-08-03 17:35:36','2018-08-03 17:36:06'),(1,95,'2018-08-03 17:36:06','2018-08-03 17:36:36'),(1,96,'2018-08-03 17:28:10','2018-08-03 17:28:40'),(1,96,'2018-08-03 17:28:40','2018-08-03 17:29:10'),(1,96,'2018-08-03 17:29:10','2018-08-03 17:29:40'),(1,96,'2018-08-03 17:29:40','2018-08-03 17:30:10'),(1,96,'2018-08-03 17:30:10','2018-08-03 17:30:40'),(1,96,'2018-08-03 17:30:40','2018-08-03 17:31:10'),(1,96,'2018-08-03 17:31:10','2018-08-03 17:31:40'),(1,96,'2018-08-03 17:31:40','2018-08-03 17:32:10'),(1,96,'2018-08-03 17:32:10','2018-08-03 17:32:40'),(1,96,'2018-08-03 17:32:40','2018-08-03 17:33:10'),(1,96,'2018-08-03 17:33:10','2018-08-03 17:33:40'),(1,96,'2018-08-03 17:33:40','2018-08-03 17:34:10'),(1,96,'2018-08-03 17:34:10','2018-08-03 17:34:40'),(1,96,'2018-08-03 17:34:40','2018-08-03 17:35:10'),(1,96,'2018-08-03 17:35:10','2018-08-03 17:35:40'),(1,96,'2018-08-03 17:35:40','2018-08-03 17:36:10'),(1,96,'2018-08-03 17:36:10','2018-08-03 17:36:40'),(1,97,'2018-08-03 17:28:16','2018-08-03 17:28:46'),(1,97,'2018-08-03 17:28:46','2018-08-03 17:29:16'),(1,97,'2018-08-03 17:29:16','2018-08-03 17:29:46'),(1,97,'2018-08-03 17:29:46','2018-08-03 17:30:16'),(1,97,'2018-08-03 17:30:16','2018-08-03 17:30:46'),(1,97,'2018-08-03 17:30:46','2018-08-03 17:31:16'),(1,97,'2018-08-03 17:31:16','2018-08-03 17:31:46'),(1,97,'2018-08-03 17:31:46','2018-08-03 17:32:16'),(1,97,'2018-08-03 17:32:16','2018-08-03 17:32:46'),(1,97,'2018-08-03 17:32:46','2018-08-03 17:33:16'),(1,97,'2018-08-03 17:33:16','2018-08-03 17:33:46'),(1,97,'2018-08-03 17:33:46','2018-08-03 17:34:16'),(1,97,'2018-08-03 17:34:16','2018-08-03 17:34:46'),(1,97,'2018-08-03 17:34:46','2018-08-03 17:35:16'),(1,97,'2018-08-03 17:35:16','2018-08-03 17:35:46'),(1,97,'2018-08-03 17:35:46','2018-08-03 17:36:16'),(1,97,'2018-08-03 17:36:16','2018-08-03 17:36:46'),(1,98,'2018-08-03 17:28:21','2018-08-03 17:28:51'),(1,98,'2018-08-03 17:28:51','2018-08-03 17:29:21'),(1,98,'2018-08-03 17:29:21','2018-08-03 17:29:51'),(1,98,'2018-08-03 17:29:51','2018-08-03 17:30:21'),(1,98,'2018-08-03 17:30:21','2018-08-03 17:30:51'),(1,98,'2018-08-03 17:30:51','2018-08-03 17:31:21'),(1,98,'2018-08-03 17:31:21','2018-08-03 17:31:51'),(1,98,'2018-08-03 17:31:51','2018-08-03 17:32:21'),(1,98,'2018-08-03 17:32:21','2018-08-03 17:32:51'),(1,98,'2018-08-03 17:32:51','2018-08-03 17:33:21'),(1,98,'2018-08-03 17:33:21','2018-08-03 17:33:51'),(1,98,'2018-08-03 17:33:51','2018-08-03 17:34:21'),(1,98,'2018-08-03 17:34:21','2018-08-03 17:34:51'),(1,98,'2018-08-03 17:34:51','2018-08-03 17:35:21'),(1,98,'2018-08-03 17:35:21','2018-08-03 17:35:51'),(1,98,'2018-08-03 17:35:51','2018-08-03 17:36:21'),(1,98,'2018-08-03 17:36:21','2018-08-03 17:36:51'),(1,99,'2018-08-03 17:34:49','2018-08-03 17:35:19'),(1,99,'2018-08-03 17:35:19','2018-08-03 17:35:49'),(1,99,'2018-08-03 17:35:49','2018-08-03 17:36:19'),(1,99,'2018-08-03 17:36:19','2018-08-03 17:36:49'),(1,100,'2018-08-03 17:34:54','2018-08-03 17:35:24'),(1,100,'2018-08-03 17:35:24','2018-08-03 17:35:54'),(1,100,'2018-08-03 17:35:54','2018-08-03 17:36:24'),(1,100,'2018-08-03 17:36:24','2018-08-03 17:36:54'),(1,101,'2018-08-03 17:34:59','2018-08-03 17:35:29'),(1,101,'2018-08-03 17:35:29','2018-08-03 17:35:59'),(1,101,'2018-08-03 17:35:59','2018-08-03 17:36:29'),(1,101,'2018-08-03 17:36:29','2018-08-03 17:36:59'),(1,102,'2018-08-03 17:35:48','2018-08-03 17:36:18'),(1,102,'2018-08-03 17:36:18','2018-08-03 17:36:48'),(1,144,'2018-08-05 12:33:20','2018-08-05 12:34:05'),(1,144,'2018-08-05 12:34:05','2018-08-05 12:34:50'),(1,144,'2018-08-05 12:34:50','2018-08-05 12:35:35'),(1,144,'2018-08-05 12:35:35','2018-08-05 12:36:20'),(1,144,'2018-08-05 12:36:20','2018-08-05 12:37:05'),(1,144,'2018-08-05 12:37:05','2018-08-05 12:37:50'),(1,144,'2018-08-05 12:37:50','2018-08-05 12:38:35'),(1,144,'2018-08-05 12:38:35','2018-08-05 12:39:20'),(1,144,'2018-08-05 12:39:20','2018-08-05 12:40:05'),(1,144,'2018-08-05 12:40:05','2018-08-05 12:40:50'),(1,144,'2018-08-05 12:40:50','2018-08-05 12:41:35'),(1,144,'2018-08-05 12:41:35','2018-08-05 12:42:20'),(1,144,'2018-08-05 12:42:20','2018-08-05 12:43:05'),(1,144,'2018-08-05 12:43:05','2018-08-05 12:43:50'),(1,144,'2018-08-05 12:43:50','2018-08-05 12:44:35'),(1,144,'2018-08-05 12:44:35','2018-08-05 12:45:20'),(1,144,'2018-08-05 12:45:20','2018-08-05 12:46:05'),(1,144,'2018-08-05 12:46:05','2018-08-05 12:46:50'),(1,144,'2018-08-05 12:46:50','2018-08-05 12:47:35'),(1,144,'2018-08-05 12:47:35','2018-08-05 12:48:20'),(1,144,'2018-08-05 12:48:20','2018-08-05 12:49:05'),(1,144,'2018-08-05 12:49:05','2018-08-05 12:49:50'),(1,144,'2018-08-05 12:49:50','2018-08-05 12:50:35'),(1,144,'2018-08-05 12:50:35','2018-08-05 12:51:20'),(1,144,'2018-08-05 12:51:20','2018-08-05 12:52:05'),(1,144,'2018-08-05 12:52:05','2018-08-05 12:52:50'),(1,144,'2018-08-05 12:52:50','2018-08-05 12:53:35'),(1,144,'2018-08-05 12:53:35','2018-08-05 12:54:20'),(1,144,'2018-08-05 12:54:20','2018-08-05 12:55:05'),(1,144,'2018-08-05 12:55:05','2018-08-05 12:55:50'),(1,144,'2018-08-05 12:55:50','2018-08-05 12:56:35'),(1,144,'2018-08-05 12:56:35','2018-08-05 12:57:20'),(1,144,'2018-08-05 12:57:20','2018-08-05 12:58:05'),(1,144,'2018-08-05 12:58:05','2018-08-05 12:58:50'),(1,144,'2018-08-05 12:58:50','2018-08-05 12:59:35'),(1,144,'2018-08-05 12:59:35','2018-08-05 13:00:20'),(1,144,'2018-08-05 13:00:20','2018-08-05 13:01:05'),(1,144,'2018-08-05 13:01:05','2018-08-05 13:01:50'),(1,144,'2018-08-05 13:01:50','2018-08-05 13:02:35'),(1,144,'2018-08-05 13:02:35','2018-08-05 13:03:20'),(1,144,'2018-08-05 13:03:20','2018-08-05 13:04:05'),(1,144,'2018-08-05 13:04:05','2018-08-05 13:04:50'),(1,144,'2018-08-05 13:04:50','2018-08-05 13:05:35'),(1,144,'2018-08-05 13:05:35','2018-08-05 13:06:20'),(1,144,'2018-08-05 13:06:20','2018-08-05 13:07:05'),(1,144,'2018-08-05 13:07:05','2018-08-05 13:07:50'),(1,144,'2018-08-05 13:07:50','2018-08-05 13:08:35'),(1,144,'2018-08-05 13:08:35','2018-08-05 13:09:20'),(1,144,'2018-08-05 13:09:20','2018-08-05 13:10:05'),(1,144,'2018-08-05 13:10:05','2018-08-05 13:10:50'),(1,144,'2018-08-05 13:10:50','2018-08-05 13:11:35'),(1,144,'2018-08-05 13:11:35','2018-08-05 13:12:20'),(1,144,'2018-08-05 13:12:20','2018-08-05 13:13:05'),(1,144,'2018-08-05 13:13:05','2018-08-05 13:13:50'),(1,144,'2018-08-05 13:13:50','2018-08-05 13:14:35'),(1,144,'2018-08-05 13:14:35','2018-08-05 13:15:20'),(1,144,'2018-08-05 13:15:20','2018-08-05 13:16:05'),(1,144,'2018-08-05 13:16:05','2018-08-05 13:16:50'),(1,144,'2018-08-05 13:16:50','2018-08-05 13:17:35'),(1,144,'2018-08-05 13:17:35','2018-08-05 13:18:20'),(1,148,'2018-09-05 20:07:16','2018-09-05 20:07:46'),(1,148,'2018-09-05 20:07:46','2018-09-05 20:08:16'),(1,148,'2018-09-05 20:08:16','2018-09-05 20:08:46'),(1,148,'2018-09-05 20:08:46','2018-09-05 20:09:16'),(1,148,'2018-09-05 20:09:16',NULL),(1,149,'2018-09-06 15:39:36','2018-09-06 15:40:06'),(1,149,'2018-09-06 15:40:06','2018-09-06 15:40:36'),(1,149,'2018-09-06 15:40:36','2018-09-06 15:41:06'),(1,149,'2018-09-06 15:41:06','2018-09-06 15:41:36'),(1,149,'2018-09-06 15:41:36','2018-09-06 15:42:06'),(1,149,'2018-09-06 15:42:06','2018-09-06 15:42:36'),(1,149,'2018-09-06 15:42:36','2018-09-06 15:43:06'),(1,149,'2018-09-06 15:43:06','2018-09-06 15:43:36'),(1,149,'2018-09-06 15:43:36','2018-09-06 15:44:06'),(1,149,'2018-09-06 15:44:06','2018-09-06 15:44:36'),(1,149,'2018-09-06 15:44:36','2018-09-06 15:45:06'),(1,149,'2018-09-06 15:45:06','2018-09-06 15:45:36'),(1,149,'2018-09-06 15:45:36','2018-09-06 15:46:06'),(1,149,'2018-09-06 15:46:06','2018-09-06 15:46:36'),(1,149,'2018-09-06 15:46:36','2018-09-06 15:47:06'),(1,149,'2018-09-06 15:47:06','2018-09-06 15:47:36'),(1,149,'2018-09-06 15:47:36','2018-09-06 15:48:06'),(1,149,'2018-09-06 15:48:06','2018-09-06 15:48:36'),(1,149,'2018-09-06 15:48:36','2018-09-06 15:49:06'),(1,149,'2018-09-06 15:49:06','2018-09-06 15:49:36'),(1,149,'2018-09-06 15:49:36','2018-09-06 15:50:06'),(1,149,'2018-09-06 15:50:06','2018-09-06 15:50:36'),(1,149,'2018-09-06 15:50:36','2018-09-06 15:51:06'),(1,149,'2018-09-06 15:51:06','2018-09-06 15:51:36'),(1,149,'2018-09-06 15:51:36','2018-09-06 15:52:06'),(1,150,'2018-09-06 15:39:42','2018-09-06 15:40:12'),(1,150,'2018-09-06 15:40:12','2018-09-06 15:40:42'),(1,150,'2018-09-06 15:40:42','2018-09-06 15:41:12'),(1,150,'2018-09-06 15:41:12','2018-09-06 15:41:42'),(1,150,'2018-09-06 15:41:42','2018-09-06 15:42:12'),(1,150,'2018-09-06 15:42:12','2018-09-06 15:42:42'),(1,150,'2018-09-06 15:42:42','2018-09-06 15:43:12'),(1,150,'2018-09-06 15:43:12','2018-09-06 15:43:42'),(1,150,'2018-09-06 15:43:42','2018-09-06 15:44:12'),(1,150,'2018-09-06 15:44:12','2018-09-06 15:44:42'),(1,150,'2018-09-06 15:44:42','2018-09-06 15:45:12'),(1,150,'2018-09-06 15:45:12','2018-09-06 15:45:42'),(1,150,'2018-09-06 15:45:42','2018-09-06 15:46:12'),(1,150,'2018-09-06 15:46:12','2018-09-06 15:46:42'),(1,150,'2018-09-06 15:46:42','2018-09-06 15:47:12'),(1,150,'2018-09-06 15:47:12','2018-09-06 15:47:42'),(1,150,'2018-09-06 15:47:42','2018-09-06 15:48:12'),(1,150,'2018-09-06 15:48:12','2018-09-06 15:48:42'),(1,150,'2018-09-06 15:48:42','2018-09-06 15:49:12'),(1,150,'2018-09-06 15:49:12','2018-09-06 15:49:42'),(1,150,'2018-09-06 15:49:42','2018-09-06 15:50:12'),(1,150,'2018-09-06 15:50:12','2018-09-06 15:50:42'),(1,150,'2018-09-06 15:50:42','2018-09-06 15:51:12'),(1,150,'2018-09-06 15:51:12','2018-09-06 15:51:42'),(1,150,'2018-09-06 15:51:42','2018-09-06 15:52:12'),(1,151,'2018-09-06 15:39:46','2018-09-06 15:40:16'),(1,151,'2018-09-06 15:40:16','2018-09-06 15:40:46'),(1,151,'2018-09-06 15:40:46','2018-09-06 15:41:16'),(1,151,'2018-09-06 15:41:16','2018-09-06 15:41:46'),(1,151,'2018-09-06 15:41:46','2018-09-06 15:42:16'),(1,151,'2018-09-06 15:42:16','2018-09-06 15:42:46'),(1,151,'2018-09-06 15:42:46','2018-09-06 15:43:16'),(1,151,'2018-09-06 15:43:16','2018-09-06 15:43:46'),(1,151,'2018-09-06 15:43:46','2018-09-06 15:44:16'),(1,151,'2018-09-06 15:44:16','2018-09-06 15:44:46'),(1,151,'2018-09-06 15:44:46','2018-09-06 15:45:16'),(1,151,'2018-09-06 15:45:16','2018-09-06 15:45:46'),(1,151,'2018-09-06 15:45:46','2018-09-06 15:46:16'),(1,151,'2018-09-06 15:46:16','2018-09-06 15:46:46'),(1,151,'2018-09-06 15:46:46','2018-09-06 15:47:16'),(1,151,'2018-09-06 15:47:16','2018-09-06 15:47:46'),(1,151,'2018-09-06 15:47:46','2018-09-06 15:48:16'),(1,151,'2018-09-06 15:48:16','2018-09-06 15:48:46'),(1,151,'2018-09-06 15:48:46','2018-09-06 15:49:16'),(1,151,'2018-09-06 15:49:16','2018-09-06 15:49:46'),(1,151,'2018-09-06 15:49:46','2018-09-06 15:50:16'),(1,151,'2018-09-06 15:50:16','2018-09-06 15:50:46'),(1,151,'2018-09-06 15:50:46','2018-09-06 15:51:16'),(1,151,'2018-09-06 15:51:16','2018-09-06 15:51:46'),(1,151,'2018-09-06 15:51:46','2018-09-06 15:52:16'),(1,152,'2018-09-06 15:39:51','2018-09-06 15:40:21'),(1,152,'2018-09-06 15:40:21','2018-09-06 15:40:51'),(1,152,'2018-09-06 15:40:51','2018-09-06 15:41:21'),(1,152,'2018-09-06 15:41:21','2018-09-06 15:41:51'),(1,152,'2018-09-06 15:41:51','2018-09-06 15:42:21'),(1,152,'2018-09-06 15:42:21','2018-09-06 15:42:51'),(1,152,'2018-09-06 15:42:51','2018-09-06 15:43:21'),(1,152,'2018-09-06 15:43:21','2018-09-06 15:43:51'),(1,152,'2018-09-06 15:43:51','2018-09-06 15:44:21'),(1,152,'2018-09-06 15:44:21','2018-09-06 15:44:51'),(1,152,'2018-09-06 15:44:51','2018-09-06 15:45:21'),(1,152,'2018-09-06 15:45:21','2018-09-06 15:45:51'),(1,152,'2018-09-06 15:45:51','2018-09-06 15:46:21'),(1,152,'2018-09-06 15:46:21','2018-09-06 15:46:51'),(1,152,'2018-09-06 15:46:51','2018-09-06 15:47:21'),(1,152,'2018-09-06 15:47:21','2018-09-06 15:47:51'),(1,152,'2018-09-06 15:47:51','2018-09-06 15:48:21'),(1,152,'2018-09-06 15:48:21','2018-09-06 15:48:51'),(1,152,'2018-09-06 15:48:51','2018-09-06 15:49:21'),(1,152,'2018-09-06 15:49:21','2018-09-06 15:49:51'),(1,152,'2018-09-06 15:49:51','2018-09-06 15:50:21'),(1,152,'2018-09-06 15:50:21','2018-09-06 15:50:51'),(1,152,'2018-09-06 15:50:51','2018-09-06 15:51:21'),(1,152,'2018-09-06 15:51:21','2018-09-06 15:51:51'),(1,152,'2018-09-06 15:51:51','2018-09-06 15:52:21'),(1,158,'2018-09-06 18:03:32','2018-09-06 18:04:17'),(1,158,'2018-09-06 18:04:17','2018-09-06 18:05:02'),(1,158,'2018-09-06 18:05:02','2018-09-06 18:05:47'),(1,158,'2018-09-06 18:05:47','2018-09-06 18:06:32'),(1,158,'2018-09-06 18:06:32','2018-09-06 18:07:17'),(1,158,'2018-09-06 18:07:17','2018-09-06 18:08:02'),(1,158,'2018-09-06 18:08:02','2018-09-06 18:08:47'),(1,158,'2018-09-06 18:08:47','2018-09-06 18:09:32'),(1,158,'2018-09-06 18:09:32','2018-09-06 18:10:17'),(1,158,'2018-09-06 18:10:17','2018-09-06 18:11:02'),(1,158,'2018-09-06 18:11:02','2018-09-06 18:11:47'),(1,158,'2018-09-06 18:11:47','2018-09-06 18:12:32'),(1,158,'2018-09-06 18:12:32','2018-09-06 18:13:17'),(1,158,'2018-09-06 18:13:17','2018-09-06 18:14:02'),(1,158,'2018-09-06 18:14:02','2018-09-06 18:14:47'),(1,158,'2018-09-06 18:14:47','2018-09-06 18:15:32'),(1,158,'2018-09-06 18:15:32','2018-09-06 18:16:17'),(1,158,'2018-09-06 18:16:17','2018-09-06 18:17:02'),(1,158,'2018-09-06 18:17:02','2018-09-06 18:17:47'),(1,158,'2018-09-06 18:17:47','2018-09-06 18:18:32'),(1,158,'2018-09-06 18:18:32','2018-09-06 18:19:17'),(1,158,'2018-09-06 18:19:17','2018-09-06 18:20:02'),(1,158,'2018-09-06 18:20:02','2018-09-06 18:20:47'),(1,158,'2018-09-06 18:20:47','2018-09-06 18:21:32'),(1,158,'2018-09-06 18:21:32','2018-09-06 18:22:17'),(1,158,'2018-09-06 18:22:17','2018-09-06 18:23:02'),(1,158,'2018-09-06 18:23:02','2018-09-06 18:23:47'),(1,158,'2018-09-06 18:23:47','2018-09-06 18:24:32'),(1,158,'2018-09-06 18:24:32','2018-09-06 18:25:17'),(1,158,'2018-09-06 18:25:17','2018-09-06 18:26:02'),(1,158,'2018-09-06 18:26:02','2018-09-06 18:26:47'),(1,158,'2018-09-06 18:26:47','2018-09-06 18:27:32'),(1,161,'2018-09-06 18:13:45','2018-09-06 18:14:30'),(1,161,'2018-09-06 18:14:30','2018-09-06 18:15:15'),(1,161,'2018-09-06 18:15:15','2018-09-06 18:16:00'),(1,161,'2018-09-06 18:16:00','2018-09-06 18:16:45'),(1,161,'2018-09-06 18:16:45','2018-09-06 18:17:30'),(1,161,'2018-09-06 18:17:30','2018-09-06 18:18:15'),(1,161,'2018-09-06 18:18:15','2018-09-06 18:19:00'),(1,161,'2018-09-06 18:19:00','2018-09-06 18:19:45'),(1,161,'2018-09-06 18:19:45','2018-09-06 18:20:30'),(1,161,'2018-09-06 18:20:30','2018-09-06 18:21:15'),(1,161,'2018-09-06 18:21:15','2018-09-06 18:22:00'),(1,161,'2018-09-06 18:22:00','2018-09-06 18:22:45'),(1,161,'2018-09-06 18:22:45','2018-09-06 18:23:30'),(1,161,'2018-09-06 18:23:30','2018-09-06 18:24:15'),(1,161,'2018-09-06 18:24:15','2018-09-06 18:25:00'),(1,161,'2018-09-06 18:25:00','2018-09-06 18:25:45'),(1,161,'2018-09-06 18:25:45','2018-09-06 18:26:30'),(1,161,'2018-09-06 18:26:30','2018-09-06 18:27:15'),(1,167,'2018-10-18 19:51:27','2018-10-18 19:51:57'),(1,167,'2018-10-18 19:51:57','2018-10-18 19:52:27'),(1,167,'2018-10-18 19:52:27',NULL),(1,168,'2018-10-18 19:51:32','2018-10-18 19:52:02'),(1,168,'2018-10-18 19:52:02','2018-10-18 19:52:32'),(1,168,'2018-10-18 19:52:32',NULL),(1,170,'2018-11-03 22:58:43','2018-11-03 22:59:13'),(1,170,'2018-11-03 22:59:13','2018-11-03 22:59:43'),(1,170,'2018-11-03 22:59:43','2018-11-03 23:00:13'),(1,170,'2018-11-03 23:00:13','2018-11-03 23:00:43'),(1,170,'2018-11-03 23:00:43','2018-11-03 23:01:13'),(1,170,'2018-11-03 23:01:13','2018-11-03 23:01:43'),(1,170,'2018-11-03 23:01:43','2018-11-03 23:02:13'),(1,170,'2018-11-03 23:02:13','2018-11-03 23:02:43'),(1,170,'2018-11-03 23:02:43','2018-11-03 23:03:13'),(1,170,'2018-11-03 23:03:13','2018-11-03 23:03:43'),(1,170,'2018-11-03 23:03:43','2018-11-03 23:04:13'),(1,170,'2018-11-03 23:04:13','2018-11-03 23:04:43'),(1,170,'2018-11-03 23:04:43','2018-11-03 23:05:13'),(1,170,'2018-11-03 23:05:13','2018-11-03 23:05:43'),(1,170,'2018-11-03 23:05:43','2018-11-03 23:06:13'),(1,170,'2018-11-03 23:06:13','2018-11-03 23:06:43'),(1,170,'2018-11-03 23:06:43','2018-11-03 23:07:13'),(1,170,'2018-11-03 23:07:13','2018-11-03 23:07:43'),(1,170,'2018-11-03 23:07:43','2018-11-03 23:08:13'),(1,170,'2018-11-03 23:08:13','2018-11-03 23:08:43'),(1,170,'2018-11-03 23:08:43','2018-11-03 23:09:13'),(1,170,'2018-11-03 23:09:13','2018-11-03 23:09:43'),(1,170,'2018-11-03 23:09:43','2018-11-03 23:10:13'),(1,170,'2018-11-03 23:10:13','2018-11-03 23:10:43'),(1,170,'2018-11-03 23:10:43','2018-11-03 23:11:13'),(1,170,'2018-11-03 23:11:13','2018-11-03 23:11:43'),(1,170,'2018-11-03 23:11:43','2018-11-03 23:12:13'),(1,170,'2018-11-03 23:12:13','2018-11-03 23:12:43'),(1,171,'2018-11-03 23:06:14','2018-11-03 23:06:44'),(1,171,'2018-11-03 23:06:44','2018-11-03 23:07:14'),(1,171,'2018-11-03 23:07:14','2018-11-03 23:07:44'),(1,171,'2018-11-03 23:07:44','2018-11-03 23:08:14'),(1,171,'2018-11-03 23:08:14','2018-11-03 23:08:44'),(1,171,'2018-11-03 23:08:44','2018-11-03 23:09:14'),(1,171,'2018-11-03 23:09:14','2018-11-03 23:09:44'),(1,171,'2018-11-03 23:09:44','2018-11-03 23:10:14'),(1,171,'2018-11-03 23:10:14','2018-11-03 23:10:44'),(1,171,'2018-11-03 23:10:44','2018-11-03 23:11:14'),(1,171,'2018-11-03 23:11:14','2018-11-03 23:11:44'),(1,171,'2018-11-03 23:11:44','2018-11-03 23:12:14'),(1,171,'2018-11-03 23:12:14','2018-11-03 23:12:44'),(1,172,'2018-11-03 23:06:11','2018-11-03 23:06:41'),(1,172,'2018-11-03 23:06:41','2018-11-03 23:07:11'),(1,172,'2018-11-03 23:07:11','2018-11-03 23:07:41'),(1,172,'2018-11-03 23:07:41','2018-11-03 23:08:11'),(1,172,'2018-11-03 23:08:11','2018-11-03 23:08:41'),(1,172,'2018-11-03 23:08:41','2018-11-03 23:09:11'),(1,172,'2018-11-03 23:09:11','2018-11-03 23:09:41'),(1,172,'2018-11-03 23:09:41','2018-11-03 23:10:11'),(1,172,'2018-11-03 23:10:11','2018-11-03 23:10:41'),(1,172,'2018-11-03 23:10:41','2018-11-03 23:11:11'),(1,172,'2018-11-03 23:11:11','2018-11-03 23:11:41'),(1,172,'2018-11-03 23:11:41','2018-11-03 23:12:11'),(1,172,'2018-11-03 23:12:11','2018-11-03 23:12:41'),(1,173,'2018-11-03 23:06:11','2018-11-03 23:06:41'),(1,173,'2018-11-03 23:06:41','2018-11-03 23:07:11'),(1,173,'2018-11-03 23:07:11','2018-11-03 23:07:41'),(1,173,'2018-11-03 23:07:41','2018-11-03 23:08:11'),(1,173,'2018-11-03 23:08:11','2018-11-03 23:08:41'),(1,173,'2018-11-03 23:08:41','2018-11-03 23:09:11'),(1,173,'2018-11-03 23:09:11','2018-11-03 23:09:41'),(1,173,'2018-11-03 23:09:41','2018-11-03 23:10:11'),(1,173,'2018-11-03 23:10:11','2018-11-03 23:10:41'),(1,173,'2018-11-03 23:10:41','2018-11-03 23:11:11'),(1,173,'2018-11-03 23:11:11','2018-11-03 23:11:41'),(1,173,'2018-11-03 23:11:41','2018-11-03 23:12:11'),(1,173,'2018-11-03 23:12:11','2018-11-03 23:12:41'),(1,174,'2018-11-03 23:06:13','2018-11-03 23:06:43'),(1,174,'2018-11-03 23:06:43','2018-11-03 23:07:13'),(1,174,'2018-11-03 23:07:13','2018-11-03 23:07:43'),(1,174,'2018-11-03 23:07:43','2018-11-03 23:08:13'),(1,174,'2018-11-03 23:08:13','2018-11-03 23:08:43'),(1,174,'2018-11-03 23:08:43','2018-11-03 23:09:13'),(1,174,'2018-11-03 23:09:13','2018-11-03 23:09:43'),(1,174,'2018-11-03 23:09:43','2018-11-03 23:10:13'),(1,174,'2018-11-03 23:10:13','2018-11-03 23:10:43'),(1,174,'2018-11-03 23:10:43','2018-11-03 23:11:13'),(1,174,'2018-11-03 23:11:13','2018-11-03 23:11:43'),(1,174,'2018-11-03 23:11:43','2018-11-03 23:12:13'),(1,174,'2018-11-03 23:12:13','2018-11-03 23:12:43'),(1,175,'2018-11-03 23:09:03','2018-11-03 23:09:33'),(1,175,'2018-11-03 23:09:33','2018-11-03 23:10:03'),(1,175,'2018-11-03 23:10:03','2018-11-03 23:10:33'),(1,175,'2018-11-03 23:10:33','2018-11-03 23:11:03'),(1,175,'2018-11-03 23:11:03','2018-11-03 23:11:33'),(1,175,'2018-11-03 23:11:33','2018-11-03 23:12:03'),(1,175,'2018-11-03 23:12:03','2018-11-03 23:12:33'),(1,176,'2018-11-03 23:09:14','2018-11-03 23:09:44'),(1,176,'2018-11-03 23:09:44','2018-11-03 23:10:14'),(1,176,'2018-11-03 23:10:14','2018-11-03 23:10:44'),(1,176,'2018-11-03 23:10:44','2018-11-03 23:11:14'),(1,176,'2018-11-03 23:11:14','2018-11-03 23:11:44'),(1,176,'2018-11-03 23:11:44','2018-11-03 23:12:14'),(1,176,'2018-11-03 23:12:14','2018-11-03 23:12:44'),(1,177,'2018-11-03 23:10:40','2018-11-03 23:11:10'),(1,177,'2018-11-03 23:11:10','2018-11-03 23:11:40'),(1,177,'2018-11-03 23:11:40','2018-11-03 23:12:10'),(1,177,'2018-11-03 23:12:10','2018-11-03 23:12:40'),(1,178,'2018-11-03 23:12:00','2018-11-03 23:12:30'),(1,178,'2018-11-03 23:12:30','2018-11-03 23:13:00'),(1,178,'2018-11-03 23:13:00',NULL),(1,192,'2018-11-03 23:49:07','2018-11-03 23:49:52'),(1,192,'2018-11-03 23:49:52','2018-11-03 23:50:37'),(1,192,'2018-11-03 23:50:37','2018-11-03 23:51:22'),(1,192,'2018-11-03 23:51:22','2018-11-03 23:52:07'),(1,192,'2018-11-03 23:52:07','2018-11-03 23:52:07'),(1,192,'2018-11-03 23:52:08','2018-11-03 23:52:53'),(1,192,'2018-11-03 23:52:53','2018-11-03 23:53:38'),(1,192,'2018-11-03 23:53:38','2018-11-03 23:54:23'),(1,192,'2018-11-03 23:54:23','2018-11-03 23:55:08'),(1,192,'2018-11-03 23:55:08','2018-11-03 23:55:53'),(1,192,'2018-11-03 23:55:53','2018-11-03 23:56:38'),(1,192,'2018-11-03 23:56:38','2018-11-03 23:57:23'),(1,192,'2018-11-03 23:57:23','2018-11-03 23:58:08'),(1,192,'2018-11-03 23:58:08','2018-11-03 23:58:53'),(1,192,'2018-11-03 23:58:53','2018-11-03 23:59:38'),(1,192,'2018-11-03 23:59:38','2018-11-04 00:00:23'),(1,192,'2018-11-04 00:00:23','2018-11-04 00:01:08'),(1,192,'2018-11-04 00:01:08','2018-11-04 00:01:53'),(1,192,'2018-11-04 00:01:53','2018-11-04 00:02:38'),(1,192,'2018-11-04 00:02:38','2018-11-04 00:03:23'),(1,192,'2018-11-04 00:03:23','2018-11-04 00:03:23'),(1,193,'2018-11-03 23:49:08','2018-11-03 23:49:53'),(1,193,'2018-11-03 23:49:53','2018-11-03 23:50:38'),(1,193,'2018-11-03 23:50:38','2018-11-03 23:51:23'),(1,193,'2018-11-03 23:51:23','2018-11-03 23:52:08'),(1,193,'2018-11-03 23:52:08','2018-11-03 23:52:53'),(1,193,'2018-11-03 23:52:53','2018-11-03 23:52:54'),(1,193,'2018-11-03 23:52:54','2018-11-03 23:53:39'),(1,193,'2018-11-03 23:53:39','2018-11-03 23:54:24'),(1,193,'2018-11-03 23:54:24','2018-11-03 23:55:09'),(1,193,'2018-11-03 23:55:09','2018-11-03 23:55:54'),(1,193,'2018-11-03 23:55:54','2018-11-03 23:56:39'),(1,193,'2018-11-03 23:56:39','2018-11-03 23:57:24'),(1,193,'2018-11-03 23:57:24','2018-11-03 23:58:09'),(1,193,'2018-11-03 23:58:09','2018-11-03 23:58:54'),(1,193,'2018-11-03 23:58:54','2018-11-03 23:59:39'),(1,193,'2018-11-03 23:59:39','2018-11-04 00:00:24'),(1,193,'2018-11-04 00:00:24','2018-11-04 00:01:09'),(1,193,'2018-11-04 00:01:09','2018-11-04 00:01:54'),(1,193,'2018-11-04 00:01:54','2018-11-04 00:02:39'),(1,193,'2018-11-04 00:02:39','2018-11-04 00:03:24'),(1,193,'2018-11-04 00:03:24','2018-11-04 00:04:09'),(1,193,'2018-11-04 00:04:09','2018-11-04 00:04:54'),(1,193,'2018-11-04 00:04:54','2018-11-04 00:05:39'),(1,202,'2018-11-05 22:06:06','2018-11-05 22:06:36'),(1,202,'2018-11-05 22:06:36','2018-11-05 22:07:06'),(1,202,'2018-11-05 22:07:06','2018-11-05 22:07:36'),(1,202,'2018-11-05 22:07:36','2018-11-05 22:08:06'),(1,202,'2018-11-05 22:08:06','2018-11-05 22:08:36'),(1,202,'2018-11-05 22:08:36','2018-11-05 22:09:06'),(1,202,'2018-11-05 22:09:06','2018-11-05 22:09:36'),(1,202,'2018-11-05 22:09:36','2018-11-05 22:10:06'),(1,202,'2018-11-05 22:10:06','2018-11-05 22:10:36'),(1,202,'2018-11-05 22:10:36','2018-11-05 22:11:06'),(1,202,'2018-11-05 22:11:06','2018-11-05 22:11:36'),(1,202,'2018-11-05 22:11:36','2018-11-05 22:12:06'),(1,202,'2018-11-05 22:12:06','2018-11-05 22:12:36'),(1,202,'2018-11-05 22:12:36','2018-11-05 22:13:06'),(1,202,'2018-11-05 22:13:06','2018-11-05 22:13:36'),(1,202,'2018-11-05 22:13:36','2018-11-05 22:14:06'),(1,202,'2018-11-05 22:14:06','2018-11-05 22:14:36'),(1,202,'2018-11-05 22:14:36','2018-11-05 22:15:06'),(1,202,'2018-11-05 22:15:06','2018-11-05 22:15:36'),(1,202,'2018-11-05 22:15:36','2018-11-05 22:16:06'),(1,202,'2018-11-05 22:16:06','2018-11-05 22:16:36'),(1,202,'2018-11-05 22:16:36','2018-11-05 22:17:06'),(1,202,'2018-11-05 22:17:06','2018-11-05 22:17:36'),(1,202,'2018-11-05 22:17:36','2018-11-05 22:18:06'),(1,202,'2018-11-05 22:18:06','2018-11-05 22:18:36'),(1,202,'2018-11-05 22:18:36','2018-11-05 22:19:06'),(1,202,'2018-11-05 22:19:06','2018-11-05 22:19:36'),(1,202,'2018-11-05 22:19:36','2018-11-05 22:20:06'),(1,202,'2018-11-05 22:20:06','2018-11-05 22:20:36'),(1,202,'2018-11-05 22:20:36','2018-11-05 22:21:06'),(1,202,'2018-11-05 22:21:06','2018-11-05 22:21:36'),(1,202,'2018-11-05 22:21:36','2018-11-05 22:22:06'),(1,202,'2018-11-05 22:22:06','2018-11-05 22:22:36'),(1,202,'2018-11-05 22:22:36','2018-11-05 22:23:06'),(1,202,'2018-11-05 22:23:06','2018-11-05 22:23:36'),(1,202,'2018-11-05 22:23:36','2018-11-05 22:24:06'),(1,202,'2018-11-05 22:24:06','2018-11-05 22:24:36'),(1,202,'2018-11-05 22:24:36','2018-11-05 22:25:06'),(1,202,'2018-11-05 22:25:06','2018-11-05 22:25:36'),(1,202,'2018-11-05 22:25:36','2018-11-05 22:26:06'),(1,202,'2018-11-05 22:26:06','2018-11-05 22:26:36'),(1,202,'2018-11-05 22:26:36','2018-11-05 22:27:06'),(1,202,'2018-11-05 22:27:06','2018-11-05 22:27:36'),(1,202,'2018-11-05 22:27:36','2018-11-05 22:28:06'),(1,202,'2018-11-05 22:28:06','2018-11-05 22:28:36'),(1,202,'2018-11-05 22:28:36','2018-11-05 22:29:06'),(1,202,'2018-11-05 22:29:06','2018-11-05 22:29:36'),(1,202,'2018-11-05 22:29:36','2018-11-05 22:30:06'),(1,202,'2018-11-05 22:30:06','2018-11-05 22:30:36'),(1,202,'2018-11-05 22:30:36','2018-11-05 22:31:06'),(1,202,'2018-11-05 22:31:06','2018-11-05 22:31:36'),(1,202,'2018-11-05 22:31:36','2018-11-05 22:32:06'),(1,202,'2018-11-05 22:32:06','2018-11-05 22:32:36'),(1,202,'2018-11-05 22:32:36','2018-11-05 22:33:06'),(1,202,'2018-11-05 22:33:06','2018-11-05 22:33:36'),(1,202,'2018-11-05 22:33:36','2018-11-05 22:34:06'),(1,202,'2018-11-05 22:34:06','2018-11-05 22:34:36'),(1,202,'2018-11-05 22:34:36','2018-11-05 22:35:06'),(1,202,'2018-11-05 22:35:06','2018-11-05 22:35:36'),(1,202,'2018-11-05 22:35:36','2018-11-05 22:36:06'),(1,202,'2018-11-05 22:36:06','2018-11-05 22:36:36'),(1,202,'2018-11-05 22:36:36','2018-11-05 22:37:06'),(1,202,'2018-11-05 22:37:06','2018-11-05 22:37:36'),(1,202,'2018-11-05 22:37:36','2018-11-05 22:38:06'),(1,202,'2018-11-05 22:38:06','2018-11-05 22:38:36'),(1,202,'2018-11-05 22:38:36','2018-11-06 09:43:06'),(1,202,'2018-11-05 22:39:06','2018-11-06 09:43:06'),(1,202,'2018-11-06 09:43:06','2018-11-05 22:39:06'),(1,202,'2018-11-12 22:41:16','2018-11-12 22:41:46'),(1,202,'2018-11-12 22:41:46','2018-11-12 22:42:16'),(1,202,'2018-11-12 22:42:16','2018-11-12 22:42:46'),(1,202,'2018-11-12 22:42:46','2018-11-12 22:43:16'),(1,202,'2018-11-12 22:43:16','2018-11-12 22:43:46'),(1,202,'2018-11-12 22:43:46','2018-11-12 22:44:16'),(1,202,'2018-11-12 22:44:16','2018-11-12 22:44:46'),(1,202,'2018-11-12 22:44:46','2018-11-12 22:45:16'),(1,202,'2018-11-12 22:45:16','2018-11-12 22:45:46'),(1,202,'2018-11-12 22:45:46','2018-11-12 22:46:16'),(1,202,'2018-11-12 22:46:16','2018-11-12 22:46:46'),(1,202,'2018-11-12 22:46:46','2018-11-12 22:47:16'),(1,202,'2018-11-12 22:47:16','2018-11-12 22:47:46'),(1,202,'2018-11-12 22:47:46','2018-11-12 22:48:16'),(1,202,'2018-11-12 22:48:16','2018-11-12 22:48:46'),(1,202,'2018-11-12 22:48:46','2018-11-12 22:49:16'),(1,202,'2018-11-12 22:49:16','2018-11-12 22:49:46'),(1,202,'2018-11-12 22:49:46','2018-11-12 22:50:16'),(1,202,'2018-11-12 22:50:16','2018-11-12 22:50:46'),(1,202,'2018-11-12 22:50:46','2018-11-12 22:51:16'),(1,202,'2018-11-12 22:51:16','2018-11-12 22:51:46'),(1,202,'2018-11-12 22:51:46','2018-11-12 22:52:16'),(1,202,'2018-11-12 22:52:16','2018-11-12 22:52:46'),(1,202,'2018-11-12 22:52:46','2018-11-12 22:53:16'),(1,202,'2018-11-12 22:53:16','2018-11-12 22:53:46'),(1,202,'2018-11-12 22:53:46','2018-11-12 22:54:16'),(1,202,'2018-11-12 22:54:16','2018-11-12 22:54:46'),(1,202,'2018-11-12 22:54:46','2018-11-12 22:55:16'),(1,202,'2018-11-12 22:55:16','2018-11-12 22:55:46'),(1,202,'2018-11-12 22:55:46','2018-11-12 22:56:16'),(1,202,'2018-11-12 22:56:16',NULL),(1,204,'2018-11-18 05:19:24','2018-11-18 05:20:09'),(1,204,'2018-11-18 05:20:09','2018-11-18 05:20:54'),(1,204,'2018-11-18 05:20:54','2018-11-18 05:21:39'),(1,204,'2018-11-18 05:21:39','2018-11-18 05:22:24'),(1,204,'2018-11-18 05:22:24','2018-11-18 05:23:09'),(1,204,'2018-11-18 05:23:09','2018-11-18 05:23:54'),(1,204,'2018-11-18 05:23:54','2018-11-18 05:24:39'),(1,204,'2018-11-18 05:24:39','2018-11-18 05:25:24'),(1,204,'2018-11-18 05:25:24','2018-11-18 05:26:09'),(1,204,'2018-11-18 05:26:09','2018-11-18 05:26:54'),(1,204,'2018-11-18 05:26:54','2018-11-18 05:27:39'),(1,204,'2018-11-18 05:27:39','2018-11-18 05:28:24'),(1,204,'2018-11-18 05:28:24','2018-11-18 05:29:09'),(1,204,'2018-11-18 05:29:09','2018-11-18 05:29:54'),(1,204,'2018-11-18 05:29:54','2018-11-18 05:30:39'),(1,204,'2018-11-18 05:30:39','2018-11-18 05:31:24'),(1,204,'2018-11-18 05:31:24','2018-11-18 05:32:09'),(1,204,'2018-11-18 05:32:09','2018-11-18 05:32:54'),(1,204,'2018-11-18 05:32:54','2018-11-18 05:33:39'),(1,204,'2018-11-18 05:33:39','2018-11-18 05:34:24'),(1,204,'2018-11-18 05:34:24','2018-11-18 05:35:09'),(1,204,'2018-11-18 05:35:09','2018-11-18 05:35:54'),(1,204,'2018-11-18 05:35:54','2018-11-18 05:36:39'),(1,204,'2018-11-18 05:36:39','2018-11-18 05:37:24'),(1,204,'2018-11-18 05:37:24','2018-11-18 05:38:09'),(1,204,'2018-11-18 05:38:09','2018-11-18 05:38:54'),(1,204,'2018-11-18 05:38:54','2018-11-18 05:39:39'),(1,204,'2018-11-18 05:39:39','2018-11-18 05:40:24'),(1,204,'2018-11-18 05:40:24','2018-11-18 05:41:09'),(1,204,'2018-11-18 05:41:09','2018-11-18 05:41:54'),(1,204,'2018-11-18 05:41:54','2018-11-26 00:42:16'),(1,204,'2018-11-26 00:42:16','2018-11-26 00:43:01'),(1,204,'2018-11-26 00:43:01','2018-11-26 00:43:46'),(1,204,'2018-11-26 00:43:46','2018-11-26 00:44:31'),(1,204,'2018-11-26 00:44:31','2018-11-26 00:45:16'),(1,204,'2018-11-26 00:45:16','2018-11-26 00:46:01'),(1,204,'2018-11-26 00:46:01','2018-11-26 00:46:46'),(1,204,'2018-11-26 00:46:46','2018-11-26 00:47:31'),(1,204,'2018-11-26 00:47:31','2018-11-26 00:48:16'),(1,204,'2018-11-26 00:48:16','2018-11-26 00:49:01'),(1,204,'2018-11-26 00:49:01','2018-11-26 00:49:46'),(1,204,'2018-11-26 00:49:46','2018-11-26 00:50:31'),(1,204,'2018-11-26 00:50:31','2018-11-26 00:51:16'),(1,204,'2018-11-26 00:51:16','2018-11-26 00:52:01'),(1,204,'2018-11-26 00:52:01','2018-11-26 00:52:46'),(1,204,'2018-11-26 00:52:46','2018-11-26 00:53:31'),(1,204,'2018-11-26 00:53:31','2018-11-26 00:54:16'),(1,204,'2018-11-26 00:54:16','2018-11-26 00:55:01'),(1,204,'2018-11-26 00:55:01','2018-11-26 00:55:46'),(1,204,'2018-11-26 00:55:46','2018-11-26 00:56:31'),(1,206,'2018-11-26 23:06:13','2018-11-26 23:06:43'),(1,206,'2018-11-26 23:06:43','2018-11-26 23:07:13'),(1,206,'2018-11-26 23:07:13','2018-11-26 23:07:43'),(1,206,'2018-11-26 23:07:43','2018-11-26 23:08:13'),(1,206,'2018-11-26 23:08:13','2018-11-26 23:08:43'),(1,206,'2018-11-26 23:08:43','2018-11-26 23:09:13'),(1,206,'2018-11-26 23:09:13','2018-11-26 23:09:43'),(1,206,'2018-11-26 23:09:43','2018-11-26 23:10:13'),(1,206,'2018-11-26 23:10:13','2018-11-26 23:10:43'),(1,206,'2018-11-26 23:10:43','2018-11-26 23:11:13'),(1,206,'2018-11-26 23:11:13','2018-11-26 23:11:43'),(1,206,'2018-11-26 23:11:43','2018-11-26 23:12:13'),(1,206,'2018-11-26 23:12:13',NULL),(1,207,'2018-11-26 23:06:11','2018-11-26 23:06:41'),(1,207,'2018-11-26 23:06:41','2018-11-26 23:07:11'),(1,207,'2018-11-26 23:07:11','2018-11-26 23:07:41'),(1,207,'2018-11-26 23:07:41','2018-11-26 23:08:11'),(1,207,'2018-11-26 23:08:11','2018-11-26 23:08:41'),(1,207,'2018-11-26 23:08:41','2018-11-26 23:09:11'),(1,207,'2018-11-26 23:09:11','2018-11-26 23:09:41'),(1,207,'2018-11-26 23:09:41','2018-11-26 23:10:11'),(1,207,'2018-11-26 23:10:11','2018-11-26 23:10:41'),(1,207,'2018-11-26 23:10:41','2018-11-26 23:11:11'),(1,207,'2018-11-26 23:11:11','2018-11-26 23:11:41'),(1,207,'2018-11-26 23:11:41','2018-11-26 23:12:11'),(1,207,'2018-11-26 23:12:11',NULL),(1,208,'2018-11-26 23:06:14','2018-11-26 23:06:44'),(1,208,'2018-11-26 23:06:44','2018-11-26 23:07:14'),(1,208,'2018-11-26 23:07:14','2018-11-26 23:07:44'),(1,208,'2018-11-26 23:07:44','2018-11-26 23:08:14'),(1,208,'2018-11-26 23:08:14','2018-11-26 23:08:44'),(1,208,'2018-11-26 23:08:44','2018-11-26 23:09:14'),(1,208,'2018-11-26 23:09:14','2018-11-26 23:09:44'),(1,208,'2018-11-26 23:09:44','2018-11-26 23:10:14'),(1,208,'2018-11-26 23:10:14','2018-11-26 23:10:44'),(1,208,'2018-11-26 23:10:44','2018-11-26 23:11:14'),(1,208,'2018-11-26 23:11:14','2018-11-26 23:11:44'),(1,208,'2018-11-26 23:11:44',NULL),(1,209,'2018-11-26 23:06:14','2018-11-26 23:06:44'),(1,209,'2018-11-26 23:06:44','2018-11-26 23:07:14'),(1,209,'2018-11-26 23:07:14','2018-11-26 23:07:44'),(1,209,'2018-11-26 23:07:44','2018-11-26 23:08:14'),(1,209,'2018-11-26 23:08:14','2018-11-26 23:08:44'),(1,209,'2018-11-26 23:08:44','2018-11-26 23:09:14'),(1,209,'2018-11-26 23:09:14','2018-11-26 23:09:44'),(1,209,'2018-11-26 23:09:44','2018-11-26 23:10:14'),(1,209,'2018-11-26 23:10:14','2018-11-26 23:10:44'),(1,209,'2018-11-26 23:10:44','2018-11-26 23:11:14'),(1,209,'2018-11-26 23:11:14','2018-11-26 23:11:44'),(1,209,'2018-11-26 23:11:44',NULL),(1,210,'2018-11-26 23:06:13','2018-11-26 23:06:43'),(1,210,'2018-11-26 23:06:43','2018-11-26 23:07:13'),(1,210,'2018-11-26 23:07:13','2018-11-26 23:07:43'),(1,210,'2018-11-26 23:07:43','2018-11-26 23:08:13'),(1,210,'2018-11-26 23:08:13','2018-11-26 23:08:43'),(1,210,'2018-11-26 23:08:43','2018-11-26 23:09:13'),(1,210,'2018-11-26 23:09:13','2018-11-26 23:09:43'),(1,210,'2018-11-26 23:09:43','2018-11-26 23:10:13'),(1,210,'2018-11-26 23:10:13','2018-11-26 23:10:43'),(1,210,'2018-11-26 23:10:43','2018-11-26 23:11:13'),(1,210,'2018-11-26 23:11:13','2018-11-26 23:11:43'),(1,210,'2018-11-26 23:11:43','2018-11-26 23:12:13'),(1,210,'2018-11-26 23:12:13',NULL),(1,211,'2018-11-26 23:09:17','2018-11-26 23:09:47'),(1,211,'2018-11-26 23:09:47','2018-11-26 23:10:17'),(1,211,'2018-11-26 23:10:17','2018-11-26 23:10:47'),(1,211,'2018-11-26 23:10:47','2018-11-26 23:11:17'),(1,211,'2018-11-26 23:11:17','2018-11-26 23:11:47'),(1,211,'2018-11-26 23:11:47',NULL),(2,1,'2018-07-16 14:35:48','2018-07-16 14:36:48'),(2,1,'2018-07-16 14:36:48','2018-07-16 14:37:48'),(2,1,'2018-07-16 14:37:48','2018-07-16 14:38:48'),(2,1,'2018-07-16 14:38:48','2018-07-16 14:39:48'),(2,1,'2018-07-16 14:39:48','2018-07-16 14:40:48'),(2,1,'2018-07-16 14:40:48','2018-07-16 14:41:48'),(2,1,'2018-07-16 14:41:48','2018-07-16 14:42:48'),(2,1,'2018-07-16 14:42:48','2018-07-16 14:43:48'),(2,1,'2018-07-16 14:43:48','2018-07-16 14:44:48'),(2,1,'2018-07-16 14:44:48','2018-07-16 14:45:48'),(2,1,'2018-07-16 14:45:48','2018-07-16 14:46:48'),(2,1,'2018-07-16 14:46:48','2018-07-16 14:47:48'),(2,1,'2018-07-16 14:47:48','2018-07-16 14:48:48'),(2,1,'2018-07-16 14:48:48','2018-07-16 14:49:48'),(2,1,'2018-07-16 14:49:48','2018-07-16 14:50:48'),(2,1,'2018-07-16 14:50:48','2018-07-16 14:51:48'),(2,1,'2018-07-16 14:51:48','2018-07-16 14:52:48'),(2,1,'2018-07-16 14:52:48','2018-07-16 14:53:48'),(2,1,'2018-07-16 14:53:48',NULL),(2,2,'2018-07-16 14:35:53','2018-07-16 14:36:53'),(2,2,'2018-07-16 14:36:53','2018-07-16 14:37:53'),(2,2,'2018-07-16 14:37:53','2018-07-16 14:38:53'),(2,2,'2018-07-16 14:38:53','2018-07-16 14:39:53'),(2,2,'2018-07-16 14:39:53','2018-07-16 14:40:53'),(2,2,'2018-07-16 14:40:53','2018-07-16 14:41:53'),(2,2,'2018-07-16 14:41:53','2018-07-16 14:42:53'),(2,2,'2018-07-16 14:42:53','2018-07-16 14:43:53'),(2,2,'2018-07-16 14:43:53','2018-07-16 14:44:53'),(2,2,'2018-07-16 14:44:53','2018-07-16 14:45:53'),(2,2,'2018-07-16 14:45:53','2018-07-16 14:46:53'),(2,2,'2018-07-16 14:46:53','2018-07-16 14:47:53'),(2,2,'2018-07-16 14:47:53','2018-07-16 14:48:53'),(2,2,'2018-07-16 14:48:53','2018-07-16 14:49:53'),(2,2,'2018-07-16 14:49:53','2018-07-16 14:50:53'),(2,2,'2018-07-16 14:50:53','2018-07-16 14:51:53'),(2,2,'2018-07-16 14:51:53','2018-07-16 14:52:53'),(2,2,'2018-07-16 14:52:53',NULL),(2,3,'2018-07-16 14:35:57','2018-07-16 14:36:57'),(2,3,'2018-07-16 14:36:57','2018-07-16 14:37:57'),(2,3,'2018-07-16 14:37:57','2018-07-16 14:38:57'),(2,3,'2018-07-16 14:38:57','2018-07-16 14:39:57'),(2,3,'2018-07-16 14:39:57','2018-07-16 14:40:57'),(2,3,'2018-07-16 14:40:57','2018-07-16 14:41:57'),(2,3,'2018-07-16 14:41:57','2018-07-16 14:42:57'),(2,3,'2018-07-16 14:42:57','2018-07-16 14:43:57'),(2,3,'2018-07-16 14:43:57','2018-07-16 14:44:57'),(2,3,'2018-07-16 14:44:57','2018-07-16 14:45:57'),(2,3,'2018-07-16 14:45:57','2018-07-16 14:46:57'),(2,3,'2018-07-16 14:46:57','2018-07-16 14:47:57'),(2,3,'2018-07-16 14:47:57','2018-07-16 14:48:57'),(2,3,'2018-07-16 14:48:57','2018-07-16 14:49:57'),(2,3,'2018-07-16 14:49:57','2018-07-16 14:50:57'),(2,3,'2018-07-16 14:50:57','2018-07-16 14:51:57'),(2,3,'2018-07-16 14:51:57','2018-07-16 14:52:57'),(2,3,'2018-07-16 14:52:57',NULL),(2,4,'2018-07-16 14:36:01','2018-07-16 14:37:01'),(2,4,'2018-07-16 14:37:01','2018-07-16 14:38:01'),(2,4,'2018-07-16 14:38:01','2018-07-16 14:39:01'),(2,4,'2018-07-16 14:39:01','2018-07-16 14:40:01'),(2,4,'2018-07-16 14:40:01','2018-07-16 14:41:01'),(2,4,'2018-07-16 14:41:01','2018-07-16 14:42:01'),(2,4,'2018-07-16 14:42:01','2018-07-16 14:43:01'),(2,4,'2018-07-16 14:43:01','2018-07-16 14:44:01'),(2,4,'2018-07-16 14:44:01','2018-07-16 14:45:01'),(2,4,'2018-07-16 14:45:01','2018-07-16 14:46:01'),(2,4,'2018-07-16 14:46:01','2018-07-16 14:47:01'),(2,4,'2018-07-16 14:47:01','2018-07-16 14:48:01'),(2,4,'2018-07-16 14:48:01','2018-07-16 14:49:01'),(2,4,'2018-07-16 14:49:01','2018-07-16 14:50:01'),(2,4,'2018-07-16 14:50:01','2018-07-16 14:51:01'),(2,4,'2018-07-16 14:51:01','2018-07-16 14:52:01'),(2,4,'2018-07-16 14:52:01','2018-07-16 14:53:01'),(2,4,'2018-07-16 14:53:01',NULL),(2,5,'2018-07-16 14:36:16','2018-07-16 14:37:16'),(2,5,'2018-07-16 14:37:16','2018-07-16 14:38:16'),(2,5,'2018-07-16 14:38:16','2018-07-16 14:39:16'),(2,5,'2018-07-16 14:39:16','2018-07-16 14:40:16'),(2,5,'2018-07-16 14:40:16','2018-07-16 14:41:16'),(2,5,'2018-07-16 14:41:16','2018-07-16 14:42:16'),(2,5,'2018-07-16 14:42:16','2018-07-16 14:43:16'),(2,5,'2018-07-16 14:43:16','2018-07-16 14:44:16'),(2,5,'2018-07-16 14:44:16','2018-07-16 14:45:16'),(2,5,'2018-07-16 14:45:16','2018-07-16 14:46:16'),(2,5,'2018-07-16 14:46:16','2018-07-16 14:47:16'),(2,5,'2018-07-16 14:47:16','2018-07-16 14:48:16'),(2,5,'2018-07-16 14:48:16','2018-07-16 14:49:16'),(2,5,'2018-07-16 14:49:16','2018-07-16 14:50:16'),(2,5,'2018-07-16 14:50:16','2018-07-16 14:51:16'),(2,5,'2018-07-16 14:51:16','2018-07-16 14:52:16'),(2,5,'2018-07-16 14:52:16','2018-07-16 14:53:16'),(2,5,'2018-07-16 14:53:16',NULL),(2,6,'2018-07-16 14:47:28','2018-07-16 14:48:28'),(2,6,'2018-07-16 14:48:28','2018-07-16 14:49:28'),(2,6,'2018-07-16 14:49:28','2018-07-16 14:50:28'),(2,6,'2018-07-16 14:50:28','2018-07-16 14:51:28'),(2,6,'2018-07-16 14:51:28','2018-07-16 14:52:28'),(2,6,'2018-07-16 14:52:28','2018-07-16 14:53:28'),(2,6,'2018-07-16 14:53:28',NULL),(2,7,'2018-07-16 14:49:13','2018-07-16 14:50:13'),(2,7,'2018-07-16 14:50:13','2018-07-16 14:51:13'),(2,7,'2018-07-16 14:51:13','2018-07-16 14:52:13'),(2,7,'2018-07-16 14:52:13','2018-07-16 14:53:13'),(2,7,'2018-07-16 14:53:13',NULL),(2,8,'2018-07-16 14:49:15','2018-07-16 14:50:15'),(2,8,'2018-07-16 14:50:15','2018-07-16 14:51:15'),(2,8,'2018-07-16 14:51:15','2018-07-16 14:52:15'),(2,8,'2018-07-16 14:52:15','2018-07-16 14:53:15'),(2,8,'2018-07-16 14:53:15',NULL),(2,19,'2018-07-16 16:03:29','2018-07-16 16:04:59'),(2,19,'2018-07-16 16:04:59','2018-07-16 16:06:29'),(2,19,'2018-07-16 16:06:29','2018-07-16 16:07:59'),(2,19,'2018-07-16 16:07:59','2018-07-16 16:09:29'),(2,19,'2018-07-16 16:09:29','2018-07-16 16:10:59'),(2,19,'2018-07-16 16:10:59','2018-07-16 16:12:29'),(2,19,'2018-07-16 16:12:29','2018-07-16 16:13:59'),(2,19,'2018-07-16 16:13:59','2018-07-16 16:15:29'),(2,19,'2018-07-16 16:15:29','2018-07-16 16:16:59'),(2,19,'2018-07-16 16:16:59','2018-07-16 16:18:29'),(2,19,'2018-07-16 16:18:29','2018-07-16 16:19:59'),(2,19,'2018-07-16 16:19:59','2018-07-16 16:21:29'),(2,19,'2018-07-16 16:21:29','2018-07-16 16:22:59'),(2,19,'2018-07-16 16:22:59','2018-07-16 16:24:29'),(2,19,'2018-07-16 16:24:29','2018-07-16 16:25:59'),(2,19,'2018-07-16 16:25:59',NULL),(2,21,'2018-07-16 16:05:06','2018-07-16 16:06:36'),(2,21,'2018-07-16 16:06:36','2018-07-16 16:08:06'),(2,21,'2018-07-16 16:08:06','2018-07-16 16:09:36'),(2,21,'2018-07-16 16:09:36','2018-07-16 16:11:06'),(2,21,'2018-07-16 16:11:06','2018-07-16 16:12:36'),(2,21,'2018-07-16 16:12:36','2018-07-16 16:14:06'),(2,21,'2018-07-16 16:14:06','2018-07-16 16:15:36'),(2,21,'2018-07-16 16:15:36','2018-07-16 16:17:06'),(2,21,'2018-07-16 16:17:06','2018-07-16 16:18:36'),(2,21,'2018-07-16 16:18:36','2018-07-16 16:20:06'),(2,21,'2018-07-16 16:20:06','2018-07-16 16:21:36'),(2,21,'2018-07-16 16:21:36','2018-07-16 16:23:06'),(2,21,'2018-07-16 16:23:06','2018-07-16 16:24:36'),(2,21,'2018-07-16 16:24:36','2018-07-16 16:26:06'),(2,21,'2018-07-16 16:26:06',NULL),(2,22,'2018-07-16 16:06:00','2018-07-16 16:07:30'),(2,22,'2018-07-16 16:07:30','2018-07-16 16:09:00'),(2,22,'2018-07-16 16:09:00','2018-07-16 16:10:30'),(2,22,'2018-07-16 16:10:30','2018-07-16 16:12:00'),(2,22,'2018-07-16 16:12:00','2018-07-16 16:13:30'),(2,22,'2018-07-16 16:13:30','2018-07-16 16:15:00'),(2,22,'2018-07-16 16:15:00','2018-07-16 16:16:30'),(2,22,'2018-07-16 16:16:30','2018-07-16 16:18:00'),(2,22,'2018-07-16 16:18:00','2018-07-16 16:19:30'),(2,22,'2018-07-16 16:19:30','2018-07-16 16:21:00'),(2,22,'2018-07-16 16:21:00','2018-07-16 16:22:30'),(2,22,'2018-07-16 16:22:30','2018-07-16 16:24:00'),(2,22,'2018-07-16 16:24:00','2018-07-16 16:25:30'),(2,22,'2018-07-16 16:25:30','2018-07-16 16:27:00'),(2,22,'2018-07-16 16:27:00',NULL),(2,27,'2018-07-16 16:27:07','2018-07-16 16:28:37'),(2,27,'2018-07-16 16:28:37','2018-07-16 16:30:07'),(2,27,'2018-07-16 16:30:07','2018-07-16 16:31:37'),(2,27,'2018-07-16 16:31:37','2018-07-16 16:33:07'),(2,27,'2018-07-16 16:33:07','2018-07-16 16:34:37'),(2,27,'2018-07-16 16:34:37','2018-07-16 16:36:07'),(2,27,'2018-07-16 16:36:07','2018-07-16 16:37:37'),(2,27,'2018-07-16 16:37:37','2018-07-16 16:39:07'),(2,27,'2018-07-16 16:39:07','2018-07-16 16:40:37'),(2,27,'2018-07-16 16:40:37','2018-07-16 16:42:07'),(2,27,'2018-07-16 16:42:07','2018-07-16 16:43:37'),(2,27,'2018-07-16 16:43:37','2018-07-16 16:45:07'),(2,27,'2018-07-16 16:45:07','2018-07-16 16:46:37'),(2,27,'2018-07-16 16:46:37','2018-07-16 16:48:07'),(2,27,'2018-07-16 16:48:07','2018-07-16 16:49:37'),(2,27,'2018-07-16 16:49:37','2018-07-16 16:51:07'),(2,27,'2018-07-16 16:51:07','2018-07-16 16:52:37'),(2,27,'2018-07-16 16:52:37','2018-07-16 16:54:07'),(2,27,'2018-07-16 16:54:07','2018-07-16 16:55:37'),(2,27,'2018-07-16 16:55:37','2018-07-16 16:57:07'),(2,27,'2018-07-16 16:57:07','2018-07-16 16:58:37'),(2,27,'2018-07-16 16:58:37','2018-07-16 17:00:07'),(2,27,'2018-07-16 17:00:07','2018-07-16 17:01:37'),(2,27,'2018-07-16 17:01:37','2018-07-16 17:03:07'),(2,27,'2018-07-16 17:03:07','2018-07-16 17:04:37'),(2,27,'2018-07-16 17:04:37','2018-07-16 17:06:07'),(2,27,'2018-07-16 17:06:07','2018-07-16 17:07:37'),(2,27,'2018-07-16 17:07:37','2018-07-16 17:09:07'),(2,27,'2018-07-16 17:09:07','2018-07-16 17:10:37'),(2,27,'2018-07-16 17:10:37','2018-07-16 17:12:07'),(2,27,'2018-07-16 17:12:07','2018-07-16 17:13:37'),(2,27,'2018-07-16 17:13:37','2018-07-16 17:15:07'),(2,27,'2018-07-16 17:15:07','2018-07-16 17:16:37'),(2,27,'2018-07-16 17:16:37','2018-07-16 17:18:07'),(2,27,'2018-07-16 17:18:07','2018-07-16 17:19:37'),(2,27,'2018-07-16 17:19:37','2018-07-16 17:21:07'),(2,27,'2018-07-16 17:21:07','2018-07-16 17:22:37'),(2,27,'2018-07-16 17:22:37','2018-07-16 17:24:07'),(2,27,'2018-07-16 17:24:07','2018-07-16 17:25:37'),(2,27,'2018-07-16 17:25:37','2018-07-16 17:27:07'),(2,27,'2018-07-16 17:27:07','2018-07-16 17:28:37'),(2,27,'2018-07-16 17:28:37','2018-07-16 17:30:07'),(2,27,'2018-07-16 17:30:07','2018-07-16 17:31:37'),(2,27,'2018-07-16 17:31:37','2018-07-16 17:33:07'),(2,27,'2018-07-16 17:33:07','2018-07-16 17:34:37'),(2,27,'2018-07-16 17:34:37','2018-07-16 17:36:07'),(2,27,'2018-07-16 17:36:07','2018-07-16 17:37:37'),(2,27,'2018-07-16 17:37:37','2018-07-16 17:39:07'),(2,27,'2018-07-16 17:39:07','2018-07-16 17:40:37'),(2,27,'2018-07-16 17:40:37','2018-07-16 17:42:07'),(2,32,'2018-07-17 19:40:16','2018-07-17 19:40:46'),(2,32,'2018-07-17 19:40:46','2018-07-17 19:41:16'),(2,32,'2018-07-17 19:41:16','2018-07-17 19:41:46'),(2,32,'2018-07-17 19:41:46','2018-07-17 19:42:16'),(2,32,'2018-07-17 19:42:16','2018-07-17 19:42:46'),(2,32,'2018-07-17 19:42:46','2018-07-17 19:43:16'),(2,32,'2018-07-17 19:43:16','2018-07-17 19:43:46'),(2,32,'2018-07-17 19:43:46','2018-07-17 19:44:16'),(2,32,'2018-07-17 19:44:16','2018-07-17 19:44:46'),(2,32,'2018-07-17 19:44:46','2018-07-17 19:45:16'),(2,32,'2018-07-17 19:45:16','2018-07-17 19:45:46'),(2,32,'2018-07-17 19:45:46','2018-07-17 19:46:16'),(2,32,'2018-07-17 19:46:16','2018-07-17 19:46:46'),(2,32,'2018-07-17 19:46:46','2018-07-17 19:47:16'),(2,32,'2018-07-17 19:47:16','2018-07-17 19:47:46'),(2,32,'2018-07-17 19:47:46','2018-07-17 19:48:16'),(2,32,'2018-07-17 19:48:16',NULL),(2,33,'2018-07-17 19:40:23','2018-07-17 19:40:53'),(2,33,'2018-07-17 19:40:53','2018-07-17 19:41:23'),(2,33,'2018-07-17 19:41:23','2018-07-17 19:41:53'),(2,33,'2018-07-17 19:41:53','2018-07-17 19:42:23'),(2,33,'2018-07-17 19:42:23','2018-07-17 19:42:53'),(2,33,'2018-07-17 19:42:53','2018-07-17 19:43:23'),(2,33,'2018-07-17 19:43:23','2018-07-17 19:43:53'),(2,33,'2018-07-17 19:43:53','2018-07-17 19:44:23'),(2,33,'2018-07-17 19:44:23','2018-07-17 19:44:53'),(2,33,'2018-07-17 19:44:53','2018-07-17 19:45:23'),(2,33,'2018-07-17 19:45:23','2018-07-17 19:45:53'),(2,33,'2018-07-17 19:45:53','2018-07-17 19:46:23'),(2,33,'2018-07-17 19:46:23','2018-07-17 19:46:53'),(2,33,'2018-07-17 19:46:53','2018-07-17 19:47:23'),(2,33,'2018-07-17 19:47:23','2018-07-17 19:47:53'),(2,33,'2018-07-17 19:47:53',NULL),(2,34,'2018-07-17 19:40:28','2018-07-17 19:40:58'),(2,34,'2018-07-17 19:40:58','2018-07-17 19:41:28'),(2,34,'2018-07-17 19:41:28','2018-07-17 19:41:58'),(2,34,'2018-07-17 19:41:58','2018-07-17 19:42:28'),(2,34,'2018-07-17 19:42:28','2018-07-17 19:42:58'),(2,34,'2018-07-17 19:42:58','2018-07-17 19:43:28'),(2,34,'2018-07-17 19:43:28','2018-07-17 19:43:58'),(2,34,'2018-07-17 19:43:58','2018-07-17 19:44:28'),(2,34,'2018-07-17 19:44:28','2018-07-17 19:44:58'),(2,34,'2018-07-17 19:44:58','2018-07-17 19:45:28'),(2,34,'2018-07-17 19:45:28','2018-07-17 19:45:58'),(2,34,'2018-07-17 19:45:58','2018-07-17 19:46:28'),(2,34,'2018-07-17 19:46:28','2018-07-17 19:46:58'),(2,34,'2018-07-17 19:46:58','2018-07-17 19:47:28'),(2,34,'2018-07-17 19:47:28','2018-07-17 19:47:58'),(2,34,'2018-07-17 19:47:58',NULL),(2,35,'2018-07-17 19:40:57','2018-07-17 19:41:27'),(2,35,'2018-07-17 19:41:27','2018-07-17 19:41:57'),(2,35,'2018-07-17 19:41:57','2018-07-17 19:42:27'),(2,35,'2018-07-17 19:42:27','2018-07-17 19:42:57'),(2,35,'2018-07-17 19:42:57','2018-07-17 19:43:27'),(2,35,'2018-07-17 19:43:27','2018-07-17 19:43:57'),(2,35,'2018-07-17 19:43:57','2018-07-17 19:44:27'),(2,35,'2018-07-17 19:44:27','2018-07-17 19:44:57'),(2,35,'2018-07-17 19:44:57','2018-07-17 19:45:27'),(2,35,'2018-07-17 19:45:27','2018-07-17 19:45:57'),(2,35,'2018-07-17 19:45:57','2018-07-17 19:46:27'),(2,35,'2018-07-17 19:46:27','2018-07-17 19:46:57'),(2,35,'2018-07-17 19:46:57','2018-07-17 19:47:27'),(2,35,'2018-07-17 19:47:27','2018-07-17 19:47:57'),(2,35,'2018-07-17 19:47:57',NULL),(2,36,'2018-07-17 19:40:58','2018-07-17 19:41:28'),(2,36,'2018-07-17 19:41:28','2018-07-17 19:41:58'),(2,36,'2018-07-17 19:41:58','2018-07-17 19:42:28'),(2,36,'2018-07-17 19:42:28','2018-07-17 19:42:58'),(2,36,'2018-07-17 19:42:58','2018-07-17 19:43:28'),(2,36,'2018-07-17 19:43:28','2018-07-17 19:43:58'),(2,36,'2018-07-17 19:43:58','2018-07-17 19:44:28'),(2,36,'2018-07-17 19:44:28','2018-07-17 19:44:58'),(2,36,'2018-07-17 19:44:58','2018-07-17 19:45:28'),(2,36,'2018-07-17 19:45:28','2018-07-17 19:45:58'),(2,36,'2018-07-17 19:45:58','2018-07-17 19:46:28'),(2,36,'2018-07-17 19:46:28','2018-07-17 19:46:58'),(2,36,'2018-07-17 19:46:58','2018-07-17 19:47:28'),(2,36,'2018-07-17 19:47:28','2018-07-17 19:47:58'),(2,36,'2018-07-17 19:47:58',NULL),(2,37,'2018-07-17 19:42:35','2018-07-17 19:43:05'),(2,37,'2018-07-17 19:43:05','2018-07-17 19:43:35'),(2,37,'2018-07-17 19:43:35','2018-07-17 19:44:05'),(2,37,'2018-07-17 19:44:05','2018-07-17 19:44:35'),(2,37,'2018-07-17 19:44:35','2018-07-17 19:45:05'),(2,37,'2018-07-17 19:45:05','2018-07-17 19:45:35'),(2,37,'2018-07-17 19:45:35','2018-07-17 19:46:05'),(2,37,'2018-07-17 19:46:05','2018-07-17 19:46:35'),(2,37,'2018-07-17 19:46:35','2018-07-17 19:47:05'),(2,37,'2018-07-17 19:47:05','2018-07-17 19:47:35'),(2,37,'2018-07-17 19:47:35','2018-07-17 19:48:05'),(2,37,'2018-07-17 19:48:05',NULL),(2,38,'2018-07-17 19:44:16','2018-07-17 19:44:46'),(2,38,'2018-07-17 19:44:46','2018-07-17 19:45:16'),(2,38,'2018-07-17 19:45:16','2018-07-17 19:45:46'),(2,38,'2018-07-17 19:45:46','2018-07-17 19:46:16'),(2,38,'2018-07-17 19:46:16','2018-07-17 19:46:46'),(2,38,'2018-07-17 19:46:46','2018-07-17 19:47:16'),(2,38,'2018-07-17 19:47:16','2018-07-17 19:47:46'),(2,38,'2018-07-17 19:47:46','2018-07-17 19:48:16'),(2,38,'2018-07-17 19:48:16',NULL),(2,39,'2018-07-17 19:45:38','2018-07-17 19:46:08'),(2,39,'2018-07-17 19:46:08','2018-07-17 19:46:38'),(2,39,'2018-07-17 19:46:38','2018-07-17 19:47:08'),(2,39,'2018-07-17 19:47:08','2018-07-17 19:47:38'),(2,39,'2018-07-17 19:47:38','2018-07-17 19:48:08'),(2,39,'2018-07-17 19:48:08',NULL),(2,40,'2018-07-17 19:46:51','2018-07-17 19:47:21'),(2,40,'2018-07-17 19:47:21','2018-07-17 19:47:51'),(2,40,'2018-07-17 19:47:51',NULL),(2,53,'2018-07-17 20:19:45','2018-07-17 20:20:30'),(2,53,'2018-07-17 20:20:30','2018-07-17 20:21:15'),(2,53,'2018-07-17 20:21:15','2018-07-17 20:22:00'),(2,53,'2018-07-17 20:22:00','2018-07-17 20:22:45'),(2,53,'2018-07-17 20:22:45','2018-07-17 20:23:30'),(2,53,'2018-07-17 20:23:30','2018-07-17 20:24:15'),(2,53,'2018-07-17 20:24:15','2018-07-17 20:25:00'),(2,53,'2018-07-17 20:25:00','2018-07-17 20:25:45'),(2,53,'2018-07-17 20:25:45','2018-07-17 20:26:30'),(2,53,'2018-07-17 20:26:30','2018-07-17 20:27:15'),(2,53,'2018-07-17 20:27:15','2018-07-17 20:28:00'),(2,53,'2018-07-17 20:28:00','2018-07-17 20:28:45'),(2,53,'2018-07-17 20:28:45','2018-07-17 20:29:30'),(2,53,'2018-07-17 20:29:30','2018-07-17 20:30:15'),(2,53,'2018-07-17 20:30:15','2018-07-17 20:31:00'),(2,53,'2018-07-17 20:31:00','2018-07-17 20:31:45'),(2,53,'2018-07-17 20:31:45',NULL),(2,54,'2018-07-17 20:20:36','2018-07-17 20:21:21'),(2,54,'2018-07-17 20:21:21','2018-07-17 20:22:06'),(2,54,'2018-07-17 20:22:06','2018-07-17 20:22:51'),(2,54,'2018-07-17 20:22:51','2018-07-17 20:23:36'),(2,54,'2018-07-17 20:23:36','2018-07-17 20:24:21'),(2,54,'2018-07-17 20:24:21','2018-07-17 20:25:06'),(2,54,'2018-07-17 20:25:06','2018-07-17 20:25:51'),(2,54,'2018-07-17 20:25:51','2018-07-17 20:26:36'),(2,54,'2018-07-17 20:26:36','2018-07-17 20:27:21'),(2,54,'2018-07-17 20:27:21','2018-07-17 20:28:06'),(2,54,'2018-07-17 20:28:06','2018-07-17 20:28:51'),(2,54,'2018-07-17 20:28:51','2018-07-17 20:29:36'),(2,54,'2018-07-17 20:29:36','2018-07-17 20:30:21'),(2,54,'2018-07-17 20:30:21','2018-07-17 20:31:06'),(2,54,'2018-07-17 20:31:06','2018-07-17 20:31:51'),(2,54,'2018-07-17 20:31:51',NULL),(2,55,'2018-07-17 20:20:50','2018-07-17 20:21:35'),(2,55,'2018-07-17 20:21:35','2018-07-17 20:22:20'),(2,55,'2018-07-17 20:22:20','2018-07-17 20:23:05'),(2,55,'2018-07-17 20:23:05','2018-07-17 20:23:50'),(2,55,'2018-07-17 20:23:50','2018-07-17 20:24:35'),(2,55,'2018-07-17 20:24:35','2018-07-17 20:25:20'),(2,55,'2018-07-17 20:25:20','2018-07-17 20:26:05'),(2,55,'2018-07-17 20:26:05','2018-07-17 20:26:50'),(2,55,'2018-07-17 20:26:50','2018-07-17 20:27:35'),(2,55,'2018-07-17 20:27:35','2018-07-17 20:28:20'),(2,55,'2018-07-17 20:28:20','2018-07-17 20:29:05'),(2,55,'2018-07-17 20:29:05','2018-07-17 20:29:50'),(2,55,'2018-07-17 20:29:50','2018-07-17 20:30:35'),(2,55,'2018-07-17 20:30:35','2018-07-17 20:31:20'),(2,55,'2018-07-17 20:31:20',NULL),(2,59,'2018-07-17 20:22:47','2018-07-17 20:23:32'),(2,59,'2018-07-17 20:23:32','2018-07-17 20:24:17'),(2,59,'2018-07-17 20:24:17','2018-07-17 20:25:02'),(2,59,'2018-07-17 20:25:02','2018-07-17 20:25:47'),(2,59,'2018-07-17 20:25:47','2018-07-17 20:26:32'),(2,59,'2018-07-17 20:26:32','2018-07-17 20:27:17'),(2,59,'2018-07-17 20:27:17','2018-07-17 20:28:02'),(2,59,'2018-07-17 20:28:02','2018-07-17 20:28:47'),(2,59,'2018-07-17 20:28:47','2018-07-17 20:29:32'),(2,59,'2018-07-17 20:29:32','2018-07-17 20:30:17'),(2,59,'2018-07-17 20:30:17','2018-07-17 20:31:02'),(2,59,'2018-07-17 20:31:02','2018-07-17 20:31:47'),(2,59,'2018-07-17 20:31:47',NULL),(2,61,'2018-07-17 20:23:43','2018-07-17 20:24:28'),(2,61,'2018-07-17 20:24:28','2018-07-17 20:25:13'),(2,61,'2018-07-17 20:25:13','2018-07-17 20:25:58'),(2,61,'2018-07-17 20:25:58','2018-07-17 20:26:43'),(2,61,'2018-07-17 20:26:43','2018-07-17 20:27:28'),(2,61,'2018-07-17 20:27:28','2018-07-17 20:28:13'),(2,61,'2018-07-17 20:28:13','2018-07-17 20:28:58'),(2,61,'2018-07-17 20:28:58','2018-07-17 20:29:43'),(2,61,'2018-07-17 20:29:43','2018-07-17 20:30:28'),(2,61,'2018-07-17 20:30:28','2018-07-17 20:31:13'),(2,61,'2018-07-17 20:31:13','2018-07-17 20:31:58'),(2,61,'2018-07-17 20:31:58',NULL),(2,62,'2018-07-17 20:24:50','2018-07-17 20:25:35'),(2,62,'2018-07-17 20:25:35','2018-07-17 20:26:20'),(2,62,'2018-07-17 20:26:20','2018-07-17 20:27:05'),(2,62,'2018-07-17 20:27:05','2018-07-17 20:27:50'),(2,62,'2018-07-17 20:27:50','2018-07-17 20:28:35'),(2,62,'2018-07-17 20:28:35','2018-07-17 20:29:20'),(2,62,'2018-07-17 20:29:20','2018-07-17 20:30:05'),(2,62,'2018-07-17 20:30:05','2018-07-17 20:30:50'),(2,62,'2018-07-17 20:30:50','2018-07-17 20:31:35'),(2,62,'2018-07-17 20:31:35',NULL),(2,64,'2018-07-17 20:26:01','2018-07-17 20:26:46'),(2,64,'2018-07-17 20:26:46','2018-07-17 20:27:31'),(2,64,'2018-07-17 20:27:31','2018-07-17 20:28:16'),(2,64,'2018-07-17 20:28:16','2018-07-17 20:29:01'),(2,64,'2018-07-17 20:29:01','2018-07-17 20:29:46'),(2,64,'2018-07-17 20:29:46','2018-07-17 20:30:31'),(2,64,'2018-07-17 20:30:31','2018-07-17 20:31:16'),(2,64,'2018-07-17 20:31:16','2018-07-17 20:32:01'),(2,64,'2018-07-17 20:32:01',NULL),(2,65,'2018-07-17 20:27:11','2018-07-17 20:27:56'),(2,65,'2018-07-17 20:27:56','2018-07-17 20:28:41'),(2,65,'2018-07-17 20:28:41','2018-07-17 20:29:26'),(2,65,'2018-07-17 20:29:26','2018-07-17 20:30:11'),(2,65,'2018-07-17 20:30:11','2018-07-17 20:30:56'),(2,65,'2018-07-17 20:30:56','2018-07-17 20:31:41'),(2,65,'2018-07-17 20:31:41',NULL),(2,66,'2018-07-17 20:28:18','2018-07-17 20:29:03'),(2,66,'2018-07-17 20:29:03','2018-07-17 20:29:48'),(2,66,'2018-07-17 20:29:48','2018-07-17 20:30:33'),(2,66,'2018-07-17 20:30:33','2018-07-17 20:31:18'),(2,66,'2018-07-17 20:31:18',NULL),(2,67,'2018-07-17 20:28:17','2018-07-17 20:29:02'),(2,67,'2018-07-17 20:29:02','2018-07-17 20:29:47'),(2,67,'2018-07-17 20:29:47','2018-07-17 20:30:32'),(2,67,'2018-07-17 20:30:32','2018-07-17 20:31:17'),(2,67,'2018-07-17 20:31:17','2018-07-17 20:32:02'),(2,67,'2018-07-17 20:32:02',NULL),(2,73,'2018-07-17 20:34:33','2018-07-17 20:35:18'),(2,73,'2018-07-17 20:35:18','2018-07-17 20:36:03'),(2,73,'2018-07-17 20:36:03','2018-07-17 20:36:48'),(2,73,'2018-07-17 20:36:48','2018-07-17 20:37:33'),(2,73,'2018-07-17 20:37:33','2018-07-17 20:38:18'),(2,73,'2018-07-17 20:38:18','2018-07-17 20:39:03'),(2,73,'2018-07-17 20:39:03','2018-07-17 20:39:48'),(2,73,'2018-07-17 20:39:48','2018-07-17 20:40:33'),(2,73,'2018-07-17 20:40:33','2018-07-17 20:41:18'),(2,73,'2018-07-17 20:41:18','2018-07-17 20:42:03'),(2,73,'2018-07-17 20:42:03','2018-07-17 20:42:48'),(2,73,'2018-07-17 20:42:48','2018-07-17 20:43:33'),(2,73,'2018-07-17 20:43:33','2018-07-17 20:44:18'),(2,73,'2018-07-17 20:44:18','2018-07-17 20:45:03'),(2,73,'2018-07-17 20:45:03','2018-07-17 20:45:48'),(2,73,'2018-07-17 20:45:48','2018-07-17 20:46:33'),(2,73,'2018-07-17 20:46:33','2018-07-17 20:47:18'),(2,73,'2018-07-17 20:47:18','2018-07-17 20:48:03'),(2,73,'2018-07-17 20:48:03','2018-07-17 20:48:48'),(2,73,'2018-07-17 20:48:48','2018-07-17 20:49:33'),(2,73,'2018-07-17 20:49:33','2018-07-17 20:50:18'),(2,73,'2018-07-17 20:50:18','2018-07-17 20:51:03'),(2,73,'2018-07-17 20:51:03','2018-07-17 20:51:48'),(2,73,'2018-07-17 20:51:48','2018-07-17 20:52:33'),(2,73,'2018-07-17 20:52:33','2018-07-17 20:53:18'),(2,73,'2018-07-17 20:53:18','2018-07-17 20:54:03'),(2,73,'2018-07-17 20:54:03','2018-07-17 20:54:48'),(2,73,'2018-07-17 20:54:48','2018-07-17 20:55:33'),(2,73,'2018-07-17 20:55:33','2018-07-17 20:56:18'),(2,73,'2018-07-17 20:56:18','2018-07-17 20:57:03'),(2,73,'2018-07-17 20:57:03','2018-07-17 20:57:48'),(2,73,'2018-07-17 20:57:48','2018-07-17 20:58:33'),(2,73,'2018-07-17 20:58:33','2018-07-17 20:59:18'),(2,73,'2018-07-17 20:59:18','2018-07-17 21:00:03'),(2,73,'2018-07-17 21:00:03','2018-07-17 21:00:48'),(2,73,'2018-07-17 21:00:48','2018-07-17 21:01:33'),(2,73,'2018-07-17 21:01:33','2018-07-17 21:02:18'),(2,73,'2018-07-17 21:02:18','2018-07-17 21:03:03'),(2,73,'2018-07-17 21:03:03','2018-07-17 21:03:48'),(2,73,'2018-07-17 21:03:48','2018-07-17 21:04:33'),(2,73,'2018-07-17 21:04:33','2018-07-17 21:05:18'),(2,73,'2018-07-17 21:05:18','2018-07-17 21:06:03'),(2,73,'2018-07-17 21:06:03','2018-07-17 21:06:48'),(2,73,'2018-07-17 21:06:48','2018-07-17 21:07:33'),(2,73,'2018-07-17 21:07:33','2018-07-17 21:08:18'),(2,77,'2018-07-17 21:04:28','2018-07-17 21:05:13'),(2,77,'2018-07-17 21:05:13','2018-07-17 21:05:58'),(2,77,'2018-07-17 21:05:58','2018-07-17 21:06:43'),(2,77,'2018-07-17 21:06:43','2018-07-17 21:07:28'),(2,77,'2018-07-17 21:07:28','2018-07-17 21:08:13'),(2,84,'2018-07-23 16:05:38','2018-07-23 16:06:08'),(2,84,'2018-07-23 16:07:52','2018-07-23 16:08:22'),(2,84,'2018-07-23 16:08:22','2018-07-23 16:08:52'),(2,84,'2018-07-23 16:08:52','2018-07-23 16:09:22'),(2,84,'2018-07-23 16:09:22','2018-07-23 16:09:52'),(2,84,'2018-07-23 16:11:32','2018-07-23 16:12:02'),(2,84,'2018-07-23 16:12:02','2018-07-23 16:12:32'),(2,84,'2018-07-23 16:12:32','2018-07-23 16:13:02'),(2,84,'2018-07-23 16:13:02','2018-07-23 16:13:32'),(2,84,'2018-07-23 16:13:32','2018-07-23 16:14:02'),(2,84,'2018-07-23 16:14:02','2018-07-23 16:14:32'),(2,84,'2018-07-23 16:14:32','2018-07-23 16:15:02'),(2,84,'2018-07-23 16:15:02','2018-07-23 16:15:32'),(2,84,'2018-07-23 16:15:32','2018-07-23 16:16:02'),(2,84,'2018-07-23 16:16:02','2018-07-23 16:16:32'),(2,84,'2018-07-23 16:16:32','2018-07-23 16:17:02'),(2,84,'2018-07-23 16:17:02','2018-07-23 16:17:32'),(2,84,'2018-07-23 16:17:32','2018-07-23 16:18:02'),(2,84,'2018-07-23 16:18:02','2018-07-23 16:18:32'),(2,84,'2018-07-23 16:18:32','2018-07-23 16:19:02'),(2,84,'2018-07-23 16:19:02','2018-07-23 16:19:32'),(2,84,'2018-07-23 16:19:32','2018-07-23 16:20:02'),(2,84,'2018-07-23 16:20:02','2018-07-23 16:20:32'),(2,84,'2018-07-23 16:20:32','2018-07-23 16:21:02'),(2,84,'2018-07-23 16:21:02','2018-07-23 16:21:32'),(2,84,'2018-07-23 16:21:32','2018-07-23 16:22:02'),(2,84,'2018-07-23 16:22:02','2018-07-23 16:22:32'),(2,84,'2018-07-23 16:22:32','2018-07-23 16:23:02'),(2,84,'2018-07-23 16:23:02','2018-07-23 16:23:32'),(2,84,'2018-07-23 16:23:32','2018-07-23 16:24:02'),(2,84,'2018-07-23 16:24:02','2018-07-23 16:24:32'),(2,84,'2018-07-23 16:24:32','2018-07-23 16:25:02'),(2,84,'2018-07-23 16:25:02','2018-07-23 16:25:32'),(2,84,'2018-07-23 16:25:32','2018-07-23 16:26:02'),(2,84,'2018-07-23 16:26:02','2018-07-23 16:26:32'),(2,84,'2018-07-23 16:26:32','2018-07-23 16:27:02'),(2,84,'2018-07-23 16:27:02','2018-07-23 16:27:32'),(2,84,'2018-07-23 16:27:32','2018-07-23 16:28:02'),(2,87,'2018-07-23 16:47:32','2018-07-23 16:48:02'),(2,87,'2018-07-23 16:48:02','2018-07-23 16:48:32'),(2,87,'2018-07-23 16:48:32','2018-07-23 16:49:02'),(2,87,'2018-07-23 16:49:02','2018-07-23 16:49:32'),(2,87,'2018-07-23 16:56:12','2018-07-23 16:56:42'),(2,87,'2018-07-23 16:56:42','2018-07-23 16:57:12'),(2,87,'2018-07-23 16:58:35','2018-07-23 16:59:05'),(2,87,'2018-07-23 16:59:05','2018-07-23 16:59:35'),(2,87,'2018-07-23 17:14:06','2018-07-23 17:14:36'),(2,87,'2018-07-23 17:14:36','2018-07-23 17:15:06'),(2,89,'2018-07-23 17:24:18','2018-07-23 17:24:48'),(2,89,'2018-07-23 17:24:48','2018-07-23 17:25:18'),(2,89,'2018-07-23 17:25:18','2018-07-23 17:25:48'),(2,89,'2018-07-23 17:25:48','2018-07-23 17:26:18'),(2,89,'2018-07-23 17:26:18','2018-07-23 17:26:48'),(2,89,'2018-07-23 17:26:48','2018-07-23 17:27:18'),(2,89,'2018-07-23 17:27:18','2018-07-23 17:27:48'),(2,89,'2018-07-23 17:27:48','2018-07-23 17:28:18'),(2,89,'2018-07-23 17:28:18','2018-07-23 17:28:48'),(2,89,'2018-07-23 17:28:48','2018-07-23 17:29:18'),(2,89,'2018-07-23 17:29:18','2018-07-23 17:29:48'),(2,89,'2018-07-23 17:29:48','2018-07-23 17:30:18'),(2,89,'2018-07-23 17:30:18','2018-07-23 17:30:48'),(2,89,'2018-07-23 17:30:48','2018-07-23 17:31:18'),(2,89,'2018-07-23 17:31:18','2018-07-23 17:31:48'),(2,89,'2018-07-23 17:31:48','2018-07-23 17:32:18'),(2,89,'2018-07-23 17:32:18','2018-07-23 17:32:48'),(2,89,'2018-07-23 17:32:48','2018-07-23 17:33:18'),(2,89,'2018-07-23 17:33:18','2018-07-23 17:33:48'),(2,89,'2018-07-23 17:33:48','2018-07-23 17:34:18'),(2,89,'2018-07-23 17:34:18','2018-07-23 17:34:48'),(2,89,'2018-07-23 17:34:48','2018-07-23 17:35:18'),(2,89,'2018-07-23 17:35:18','2018-07-23 17:35:48'),(2,89,'2018-07-23 17:35:48','2018-07-23 17:36:18'),(2,89,'2018-07-23 17:36:18','2018-07-23 17:36:48'),(2,89,'2018-07-23 17:36:48','2018-07-23 17:37:18'),(2,90,'2018-07-23 17:24:22','2018-07-23 17:24:52'),(2,90,'2018-07-23 17:24:52','2018-07-23 17:25:22'),(2,90,'2018-07-23 17:25:22','2018-07-23 17:25:52'),(2,90,'2018-07-23 17:25:52','2018-07-23 17:26:22'),(2,90,'2018-07-23 17:26:22','2018-07-23 17:26:52'),(2,90,'2018-07-23 17:26:52','2018-07-23 17:27:22'),(2,90,'2018-07-23 17:27:22','2018-07-23 17:27:52'),(2,90,'2018-07-23 17:27:52','2018-07-23 17:28:22'),(2,90,'2018-07-23 17:28:22','2018-07-23 17:28:52'),(2,90,'2018-07-23 17:28:52','2018-07-23 17:29:22'),(2,90,'2018-07-23 17:29:22','2018-07-23 17:29:52'),(2,90,'2018-07-23 17:29:52','2018-07-23 17:30:22'),(2,90,'2018-07-23 17:30:22','2018-07-23 17:30:52'),(2,90,'2018-07-23 17:30:52','2018-07-23 17:31:22'),(2,90,'2018-07-23 17:31:22','2018-07-23 17:31:52'),(2,90,'2018-07-23 17:31:52','2018-07-23 17:32:22'),(2,90,'2018-07-23 17:32:22','2018-07-23 17:32:52'),(2,90,'2018-07-23 17:32:52','2018-07-23 17:33:22'),(2,90,'2018-07-23 17:33:22','2018-07-23 17:33:52'),(2,90,'2018-07-23 17:33:52','2018-07-23 17:34:22'),(2,90,'2018-07-23 17:34:22','2018-07-23 17:34:52'),(2,90,'2018-07-23 17:34:52','2018-07-23 17:35:22'),(2,90,'2018-07-23 17:35:22','2018-07-23 17:35:52'),(2,90,'2018-07-23 17:35:52','2018-07-23 17:36:22'),(2,90,'2018-07-23 17:36:22','2018-07-23 17:36:52'),(2,90,'2018-07-23 17:36:52','2018-07-23 17:37:22'),(2,91,'2018-07-23 17:24:26','2018-07-23 17:24:56'),(2,91,'2018-07-23 17:24:56','2018-07-23 17:25:26'),(2,91,'2018-07-23 17:25:26','2018-07-23 17:25:56'),(2,91,'2018-07-23 17:25:56','2018-07-23 17:26:26'),(2,91,'2018-07-23 17:26:26','2018-07-23 17:26:56'),(2,91,'2018-07-23 17:26:56','2018-07-23 17:27:26'),(2,91,'2018-07-23 17:27:26','2018-07-23 17:27:56'),(2,91,'2018-07-23 17:27:56','2018-07-23 17:28:26'),(2,91,'2018-07-23 17:28:26','2018-07-23 17:28:56'),(2,91,'2018-07-23 17:28:56','2018-07-23 17:29:26'),(2,91,'2018-07-23 17:29:26','2018-07-23 17:29:56'),(2,91,'2018-07-23 17:29:56','2018-07-23 17:30:26'),(2,91,'2018-07-23 17:30:26','2018-07-23 17:30:56'),(2,91,'2018-07-23 17:30:56','2018-07-23 17:31:26'),(2,91,'2018-07-23 17:31:26','2018-07-23 17:31:56'),(2,91,'2018-07-23 17:31:56','2018-07-23 17:32:26'),(2,91,'2018-07-23 17:32:26','2018-07-23 17:32:56'),(2,91,'2018-07-23 17:32:56','2018-07-23 17:33:26'),(2,91,'2018-07-23 17:33:26','2018-07-23 17:33:56'),(2,91,'2018-07-23 17:33:56','2018-07-23 17:34:26'),(2,91,'2018-07-23 17:34:26','2018-07-23 17:34:56'),(2,91,'2018-07-23 17:34:56','2018-07-23 17:35:26'),(2,91,'2018-07-23 17:35:26','2018-07-23 17:35:56'),(2,91,'2018-07-23 17:35:56','2018-07-23 17:36:26'),(2,91,'2018-07-23 17:36:26','2018-07-23 17:36:56'),(2,92,'2018-07-23 17:24:30','2018-07-23 17:25:00'),(2,92,'2018-07-23 17:25:00','2018-07-23 17:25:30'),(2,92,'2018-07-23 17:25:30','2018-07-23 17:26:00'),(2,92,'2018-07-23 17:26:00','2018-07-23 17:26:30'),(2,92,'2018-07-23 17:26:30','2018-07-23 17:27:00'),(2,92,'2018-07-23 17:27:00','2018-07-23 17:27:30'),(2,92,'2018-07-23 17:27:30','2018-07-23 17:28:00'),(2,92,'2018-07-23 17:28:00','2018-07-23 17:28:30'),(2,92,'2018-07-23 17:28:30','2018-07-23 17:29:00'),(2,92,'2018-07-23 17:29:00','2018-07-23 17:29:30'),(2,92,'2018-07-23 17:29:30','2018-07-23 17:30:00'),(2,92,'2018-07-23 17:30:00','2018-07-23 17:30:30'),(2,92,'2018-07-23 17:30:30','2018-07-23 17:31:00'),(2,92,'2018-07-23 17:31:00','2018-07-23 17:31:30'),(2,92,'2018-07-23 17:31:30','2018-07-23 17:32:00'),(2,92,'2018-07-23 17:32:00','2018-07-23 17:32:30'),(2,92,'2018-07-23 17:32:30','2018-07-23 17:33:00'),(2,92,'2018-07-23 17:33:00','2018-07-23 17:33:30'),(2,92,'2018-07-23 17:33:30','2018-07-23 17:34:00'),(2,92,'2018-07-23 17:34:00','2018-07-23 17:34:30'),(2,92,'2018-07-23 17:34:30','2018-07-23 17:35:00'),(2,92,'2018-07-23 17:35:00','2018-07-23 17:35:30'),(2,92,'2018-07-23 17:35:30','2018-07-23 17:36:00'),(2,92,'2018-07-23 17:36:00','2018-07-23 17:36:30'),(2,92,'2018-07-23 17:36:30','2018-07-23 17:37:00'),(2,94,'2018-08-03 17:27:46','2018-08-03 17:28:16'),(2,94,'2018-08-03 17:28:16','2018-08-03 17:28:46'),(2,94,'2018-08-03 17:28:46','2018-08-03 17:29:16'),(2,94,'2018-08-03 17:29:16','2018-08-03 17:29:46'),(2,94,'2018-08-03 17:29:46','2018-08-03 17:30:16'),(2,94,'2018-08-03 17:30:16','2018-08-03 17:30:46'),(2,94,'2018-08-03 17:30:46','2018-08-03 17:31:16'),(2,94,'2018-08-03 17:31:16','2018-08-03 17:31:46'),(2,94,'2018-08-03 17:31:46','2018-08-03 17:32:16'),(2,94,'2018-08-03 17:32:16','2018-08-03 17:32:46'),(2,94,'2018-08-03 17:32:46','2018-08-03 17:33:16'),(2,94,'2018-08-03 17:33:16','2018-08-03 17:33:46'),(2,94,'2018-08-03 17:33:46','2018-08-03 17:34:16'),(2,94,'2018-08-03 17:34:16','2018-08-03 17:34:46'),(2,94,'2018-08-03 17:34:46','2018-08-03 17:35:16'),(2,94,'2018-08-03 17:35:16','2018-08-03 17:35:46'),(2,94,'2018-08-03 17:35:46','2018-08-03 17:36:16'),(2,94,'2018-08-03 17:36:16','2018-08-03 17:36:46'),(2,95,'2018-08-03 17:28:06','2018-08-03 17:28:36'),(2,95,'2018-08-03 17:28:36','2018-08-03 17:29:06'),(2,95,'2018-08-03 17:29:06','2018-08-03 17:29:36'),(2,95,'2018-08-03 17:29:36','2018-08-03 17:30:06'),(2,95,'2018-08-03 17:30:06','2018-08-03 17:30:36'),(2,95,'2018-08-03 17:30:36','2018-08-03 17:31:06'),(2,95,'2018-08-03 17:31:06','2018-08-03 17:31:36'),(2,95,'2018-08-03 17:31:36','2018-08-03 17:32:06'),(2,95,'2018-08-03 17:32:06','2018-08-03 17:32:36'),(2,95,'2018-08-03 17:32:36','2018-08-03 17:33:06'),(2,95,'2018-08-03 17:33:06','2018-08-03 17:33:36'),(2,95,'2018-08-03 17:33:36','2018-08-03 17:34:06'),(2,95,'2018-08-03 17:34:06','2018-08-03 17:34:36'),(2,95,'2018-08-03 17:34:36','2018-08-03 17:35:06'),(2,95,'2018-08-03 17:35:06','2018-08-03 17:35:36'),(2,95,'2018-08-03 17:35:36','2018-08-03 17:36:06'),(2,95,'2018-08-03 17:36:06','2018-08-03 17:36:36'),(2,96,'2018-08-03 17:28:10','2018-08-03 17:28:40'),(2,96,'2018-08-03 17:28:40','2018-08-03 17:29:10'),(2,96,'2018-08-03 17:29:10','2018-08-03 17:29:40'),(2,96,'2018-08-03 17:29:40','2018-08-03 17:30:10'),(2,96,'2018-08-03 17:30:10','2018-08-03 17:30:40'),(2,96,'2018-08-03 17:30:40','2018-08-03 17:31:10'),(2,96,'2018-08-03 17:31:10','2018-08-03 17:31:40'),(2,96,'2018-08-03 17:31:40','2018-08-03 17:32:10'),(2,96,'2018-08-03 17:32:10','2018-08-03 17:32:40'),(2,96,'2018-08-03 17:32:40','2018-08-03 17:33:10'),(2,96,'2018-08-03 17:33:10','2018-08-03 17:33:40'),(2,96,'2018-08-03 17:33:40','2018-08-03 17:34:10'),(2,96,'2018-08-03 17:34:10','2018-08-03 17:34:40'),(2,96,'2018-08-03 17:34:40','2018-08-03 17:35:10'),(2,96,'2018-08-03 17:35:10','2018-08-03 17:35:40'),(2,96,'2018-08-03 17:35:40','2018-08-03 17:36:10'),(2,96,'2018-08-03 17:36:10','2018-08-03 17:36:40'),(2,97,'2018-08-03 17:28:16','2018-08-03 17:28:46'),(2,97,'2018-08-03 17:28:46','2018-08-03 17:29:16'),(2,97,'2018-08-03 17:29:16','2018-08-03 17:29:46'),(2,97,'2018-08-03 17:29:46','2018-08-03 17:30:16'),(2,97,'2018-08-03 17:30:16','2018-08-03 17:30:46'),(2,97,'2018-08-03 17:30:46','2018-08-03 17:31:16'),(2,97,'2018-08-03 17:31:16','2018-08-03 17:31:46'),(2,97,'2018-08-03 17:31:46','2018-08-03 17:32:16'),(2,97,'2018-08-03 17:32:16','2018-08-03 17:32:46'),(2,97,'2018-08-03 17:32:46','2018-08-03 17:33:16'),(2,97,'2018-08-03 17:33:16','2018-08-03 17:33:46'),(2,97,'2018-08-03 17:33:46','2018-08-03 17:34:16'),(2,97,'2018-08-03 17:34:16','2018-08-03 17:34:46'),(2,97,'2018-08-03 17:34:46','2018-08-03 17:35:16'),(2,97,'2018-08-03 17:35:16','2018-08-03 17:35:46'),(2,97,'2018-08-03 17:35:46','2018-08-03 17:36:16'),(2,97,'2018-08-03 17:36:16','2018-08-03 17:36:46'),(2,98,'2018-08-03 17:28:21','2018-08-03 17:28:51'),(2,98,'2018-08-03 17:28:51','2018-08-03 17:29:21'),(2,98,'2018-08-03 17:29:21','2018-08-03 17:29:51'),(2,98,'2018-08-03 17:29:51','2018-08-03 17:30:21'),(2,98,'2018-08-03 17:30:21','2018-08-03 17:30:51'),(2,98,'2018-08-03 17:30:51','2018-08-03 17:31:21'),(2,98,'2018-08-03 17:31:21','2018-08-03 17:31:51'),(2,98,'2018-08-03 17:31:51','2018-08-03 17:32:21'),(2,98,'2018-08-03 17:32:21','2018-08-03 17:32:51'),(2,98,'2018-08-03 17:32:51','2018-08-03 17:33:21'),(2,98,'2018-08-03 17:33:21','2018-08-03 17:33:51'),(2,98,'2018-08-03 17:33:51','2018-08-03 17:34:21'),(2,98,'2018-08-03 17:34:21','2018-08-03 17:34:51'),(2,98,'2018-08-03 17:34:51','2018-08-03 17:35:21'),(2,98,'2018-08-03 17:35:21','2018-08-03 17:35:51'),(2,98,'2018-08-03 17:35:51','2018-08-03 17:36:21'),(2,98,'2018-08-03 17:36:21','2018-08-03 17:36:51'),(2,99,'2018-08-03 17:34:49','2018-08-03 17:35:19'),(2,99,'2018-08-03 17:35:19','2018-08-03 17:35:49'),(2,99,'2018-08-03 17:35:49','2018-08-03 17:36:19'),(2,99,'2018-08-03 17:36:19','2018-08-03 17:36:49'),(2,100,'2018-08-03 17:34:54','2018-08-03 17:35:24'),(2,100,'2018-08-03 17:35:24','2018-08-03 17:35:54'),(2,100,'2018-08-03 17:35:54','2018-08-03 17:36:24'),(2,100,'2018-08-03 17:36:24','2018-08-03 17:36:54'),(2,101,'2018-08-03 17:34:59','2018-08-03 17:35:29'),(2,101,'2018-08-03 17:35:29','2018-08-03 17:35:59'),(2,101,'2018-08-03 17:35:59','2018-08-03 17:36:29'),(2,101,'2018-08-03 17:36:29','2018-08-03 17:36:59'),(2,102,'2018-08-03 17:35:48','2018-08-03 17:36:18'),(2,102,'2018-08-03 17:36:18','2018-08-03 17:36:48'),(2,130,'2018-08-03 19:35:07','2018-08-03 19:35:52'),(2,130,'2018-08-03 19:35:52','2018-08-03 19:36:37'),(2,130,'2018-08-03 19:36:37','2018-08-03 19:37:22'),(2,130,'2018-08-03 19:38:23','2018-08-03 19:39:08'),(2,130,'2018-08-03 19:39:08','2018-08-03 19:39:53'),(2,130,'2018-08-03 19:39:53','2018-08-03 19:40:38'),(2,130,'2018-08-03 19:40:25','2018-08-03 19:41:10'),(2,130,'2018-08-03 19:41:10','2018-08-03 19:41:55'),(2,130,'2018-08-03 19:42:25','2018-08-03 19:43:10'),(2,130,'2018-08-03 19:43:10','2018-08-03 19:43:55'),(2,130,'2018-08-03 19:43:55','2018-08-03 19:44:40'),(2,130,'2018-08-03 19:44:40','2018-08-03 19:45:25'),(2,130,'2018-08-03 19:45:25','2018-08-03 19:46:10'),(2,130,'2018-08-03 19:46:10','2018-08-03 19:46:55'),(2,130,'2018-08-03 19:46:55','2018-08-03 19:47:40'),(2,130,'2018-08-03 19:47:40','2018-08-03 19:48:25'),(2,130,'2018-08-03 19:48:25','2018-08-03 19:49:10'),(2,130,'2018-08-03 19:49:10','2018-08-03 19:49:55'),(2,130,'2018-08-03 19:49:55','2018-08-03 19:50:40'),(2,130,'2018-08-03 19:50:40','2018-08-03 19:51:25'),(2,130,'2018-08-03 19:52:15','2018-08-03 19:53:00'),(2,130,'2018-08-03 19:53:00','2018-08-03 19:53:45'),(2,130,'2018-08-03 19:53:45','2018-08-03 19:54:30'),(2,130,'2018-08-03 19:54:30','2018-08-03 19:55:15'),(2,130,'2018-08-03 19:55:15','2018-08-03 19:56:00'),(2,131,'2018-08-03 19:52:13','2018-08-03 19:52:58'),(2,131,'2018-08-03 19:52:58','2018-08-03 19:53:43'),(2,131,'2018-08-03 19:53:43','2018-08-03 19:54:28'),(2,131,'2018-08-03 19:54:28','2018-08-03 19:55:13'),(2,131,'2018-08-03 19:55:13','2018-08-03 19:55:58'),(2,131,'2018-08-03 19:55:58','2018-08-03 19:56:43'),(2,131,'2018-08-03 19:56:43','2018-08-03 19:57:28'),(2,131,'2018-08-03 19:57:28','2018-08-03 19:58:13'),(2,131,'2018-08-03 19:58:13','2018-08-03 19:58:58'),(2,131,'2018-08-03 19:58:58','2018-08-03 19:59:43'),(2,131,'2018-08-03 19:59:43','2018-08-03 20:00:28'),(2,131,'2018-08-03 20:00:28','2018-08-03 20:01:13'),(2,131,'2018-08-03 20:01:13','2018-08-03 20:01:58'),(2,131,'2018-08-03 20:01:58','2018-08-03 20:02:43'),(2,131,'2018-08-03 20:02:43','2018-08-03 20:03:28'),(2,131,'2018-08-03 20:03:28','2018-08-03 20:04:13'),(2,131,'2018-08-03 20:04:13','2018-08-03 20:04:58'),(2,131,'2018-08-03 20:04:58','2018-08-03 20:05:43'),(2,131,'2018-08-03 20:05:43','2018-08-03 20:06:28'),(2,131,'2018-08-03 20:06:28','2018-08-03 20:07:13'),(2,131,'2018-08-03 20:07:13','2018-08-03 20:07:58'),(2,131,'2018-08-03 20:07:58','2018-08-03 20:08:43'),(2,131,'2018-08-03 20:08:43','2018-08-03 20:09:28'),(2,133,'2018-08-03 19:55:41','2018-08-03 19:56:26'),(2,133,'2018-08-03 19:56:26','2018-08-03 19:57:11'),(2,133,'2018-08-03 19:57:11','2018-08-03 19:57:56'),(2,133,'2018-08-03 19:57:56','2018-08-03 19:58:41'),(2,133,'2018-08-03 19:58:41','2018-08-03 19:59:26'),(2,133,'2018-08-03 19:59:26','2018-08-03 20:00:11'),(2,133,'2018-08-03 20:00:11','2018-08-03 20:00:56'),(2,133,'2018-08-03 20:00:56','2018-08-03 20:01:41'),(2,133,'2018-08-03 20:01:41','2018-08-03 20:02:26'),(2,133,'2018-08-03 20:02:26','2018-08-03 20:03:11'),(2,133,'2018-08-03 20:03:11','2018-08-03 20:03:56'),(2,133,'2018-08-03 20:03:56','2018-08-03 20:04:41'),(2,133,'2018-08-03 20:04:41','2018-08-03 20:05:26'),(2,133,'2018-08-03 20:05:26','2018-08-03 20:06:11'),(2,133,'2018-08-03 20:06:11','2018-08-03 20:06:56'),(2,133,'2018-08-03 20:06:56','2018-08-03 20:07:41'),(2,133,'2018-08-03 20:07:41','2018-08-03 20:08:26'),(2,133,'2018-08-03 20:08:26','2018-08-03 20:09:11'),(2,134,'2018-08-03 20:02:31','2018-08-03 20:03:16'),(2,134,'2018-08-03 20:03:16','2018-08-03 20:04:01'),(2,134,'2018-08-03 20:04:01','2018-08-03 20:04:46'),(2,134,'2018-08-03 20:04:46','2018-08-03 20:05:31'),(2,134,'2018-08-03 20:05:31','2018-08-03 20:06:16'),(2,134,'2018-08-03 20:06:16','2018-08-03 20:07:01'),(2,134,'2018-08-03 20:07:01','2018-08-03 20:07:46'),(2,134,'2018-08-03 20:07:46','2018-08-03 20:08:31'),(2,134,'2018-08-03 20:08:31','2018-08-03 20:09:16'),(2,146,'2018-08-05 12:50:34','2018-08-05 12:51:04'),(2,146,'2018-08-05 12:51:04','2018-08-05 12:51:34'),(2,146,'2018-08-05 12:51:34','2018-08-05 12:52:04'),(2,146,'2018-08-05 12:52:04','2018-08-05 12:52:34'),(2,146,'2018-08-05 12:52:34','2018-08-05 12:53:04'),(2,146,'2018-08-05 12:53:04','2018-08-05 12:53:34'),(2,146,'2018-08-05 12:53:34','2018-08-05 12:54:04'),(2,146,'2018-08-05 12:54:04','2018-08-05 12:54:34'),(2,146,'2018-08-05 12:54:34','2018-08-05 12:55:04'),(2,146,'2018-08-05 12:55:04','2018-08-05 12:55:34'),(2,146,'2018-08-05 12:55:34','2018-08-05 12:56:04'),(2,146,'2018-08-05 12:56:04','2018-08-05 12:56:34'),(2,146,'2018-08-05 12:56:34','2018-08-05 12:57:04'),(2,146,'2018-08-05 12:57:04','2018-08-05 12:57:34'),(2,146,'2018-08-05 12:57:34','2018-08-05 12:58:04'),(2,146,'2018-08-05 12:58:04','2018-08-05 12:58:34'),(2,146,'2018-08-05 12:58:34','2018-08-05 12:59:04'),(2,146,'2018-08-05 12:59:04','2018-08-05 12:59:34'),(2,146,'2018-08-05 12:59:34','2018-08-05 13:00:04'),(2,146,'2018-08-05 13:00:04','2018-08-05 13:00:34'),(2,146,'2018-08-05 13:00:34','2018-08-05 13:01:04'),(2,146,'2018-08-05 13:01:04','2018-08-05 13:01:34'),(2,146,'2018-08-05 13:01:34','2018-08-05 13:02:04'),(2,146,'2018-08-05 13:02:04','2018-08-05 13:02:34'),(2,146,'2018-08-05 13:02:34','2018-08-05 13:03:04'),(2,146,'2018-08-05 13:03:04','2018-08-05 13:03:34'),(2,146,'2018-08-05 13:03:34','2018-08-05 13:04:04'),(2,146,'2018-08-05 13:04:04','2018-08-05 13:04:34'),(2,146,'2018-08-05 13:04:34','2018-08-05 13:05:04'),(2,146,'2018-08-05 13:05:04','2018-08-05 13:05:34'),(2,146,'2018-08-05 13:05:34','2018-08-05 13:06:04'),(2,146,'2018-08-05 13:06:04','2018-08-05 13:06:34'),(2,146,'2018-08-05 13:06:34','2018-08-05 13:07:04'),(2,146,'2018-08-05 13:07:04','2018-08-05 13:07:34'),(2,146,'2018-08-05 13:07:34','2018-08-05 13:08:04'),(2,146,'2018-08-05 13:08:04','2018-08-05 13:08:34'),(2,146,'2018-08-05 13:08:34','2018-08-05 13:09:04'),(2,146,'2018-08-05 13:09:04','2018-08-05 13:09:34'),(2,146,'2018-08-05 13:09:34','2018-08-05 13:10:04'),(2,146,'2018-08-05 13:10:04','2018-08-05 13:10:34'),(2,146,'2018-08-05 13:10:34','2018-08-05 13:11:04'),(2,146,'2018-08-05 13:11:04','2018-08-05 13:11:34'),(2,146,'2018-08-05 13:11:34','2018-08-05 13:12:04'),(2,146,'2018-08-05 13:12:04','2018-08-05 13:12:34'),(2,146,'2018-08-05 13:12:34','2018-08-05 13:13:04'),(2,146,'2018-08-05 13:13:04','2018-08-05 13:13:34'),(2,146,'2018-08-05 13:13:34','2018-08-05 13:14:04'),(2,146,'2018-08-05 13:14:04','2018-08-05 13:14:34'),(2,146,'2018-08-05 13:14:34','2018-08-05 13:15:04'),(2,146,'2018-08-05 13:15:04','2018-08-05 13:15:34'),(2,146,'2018-08-05 13:15:34','2018-08-05 13:16:04'),(2,146,'2018-08-05 13:16:04','2018-08-05 13:16:34'),(2,146,'2018-08-05 13:16:34','2018-08-05 13:17:04'),(2,146,'2018-08-05 13:17:04','2018-08-05 13:17:34'),(2,146,'2018-08-05 13:17:34','2018-08-05 13:18:04'),(2,146,'2018-08-05 13:18:04','2018-08-05 13:18:34'),(2,146,'2018-08-05 13:18:34','2018-08-05 13:19:04'),(2,146,'2018-08-05 13:19:04','2018-08-05 13:19:34'),(2,146,'2018-08-05 13:19:34','2018-08-05 13:20:04'),(2,146,'2018-08-05 13:20:04','2018-08-05 13:20:34'),(2,146,'2018-08-05 13:20:34','2018-08-05 13:21:04'),(2,146,'2018-08-05 13:21:04','2018-08-05 13:21:34'),(2,146,'2018-08-05 13:21:34','2018-08-05 13:22:04'),(2,146,'2018-08-05 13:22:04','2018-08-05 13:22:34'),(2,146,'2018-08-05 13:22:34','2018-08-05 13:23:04'),(2,146,'2018-08-05 13:23:04','2018-08-05 13:23:34'),(2,146,'2018-08-05 13:23:34','2018-08-05 13:24:04'),(2,146,'2018-08-05 13:24:04','2018-08-05 13:24:34'),(2,146,'2018-08-05 13:24:34','2018-08-05 13:25:04'),(2,146,'2018-08-05 13:25:04','2018-08-05 13:25:34'),(2,146,'2018-08-05 13:25:34','2018-08-05 13:26:04'),(2,146,'2018-08-05 13:26:04','2018-08-05 13:26:34'),(2,146,'2018-08-05 13:26:34','2018-08-05 13:27:04'),(2,146,'2018-08-05 13:27:04','2018-08-05 13:27:34'),(2,146,'2018-08-05 13:27:34','2018-08-05 13:28:04'),(2,146,'2018-08-05 13:28:04','2018-08-05 13:28:34'),(2,146,'2018-08-05 13:28:34','2018-08-05 13:29:04'),(2,146,'2018-08-05 13:29:04','2018-08-05 13:29:34'),(2,146,'2018-08-05 13:29:34','2018-08-05 13:30:04'),(2,146,'2018-08-05 13:30:04','2018-08-05 13:30:34'),(2,146,'2018-08-05 13:30:34','2018-08-05 13:31:04'),(2,146,'2018-08-05 13:31:04','2018-08-05 13:31:34'),(2,146,'2018-08-05 13:31:34','2018-08-05 13:32:04'),(2,146,'2018-08-05 13:32:04','2018-08-05 13:32:34'),(2,146,'2018-08-05 13:32:34','2018-08-05 13:33:04'),(2,146,'2018-08-05 13:33:04','2018-08-05 13:33:34'),(2,146,'2018-08-05 13:33:34','2018-08-05 13:34:04'),(2,146,'2018-08-05 13:34:04','2018-08-05 13:34:34'),(2,146,'2018-08-05 13:34:34','2018-08-05 13:35:04'),(2,146,'2018-08-05 13:35:04','2018-08-05 13:35:34'),(2,148,'2018-09-05 20:07:16','2018-09-05 20:07:46'),(2,148,'2018-09-05 20:07:46','2018-09-05 20:08:16'),(2,148,'2018-09-05 20:08:16','2018-09-05 20:08:46'),(2,148,'2018-09-05 20:08:46','2018-09-05 20:09:16'),(2,148,'2018-09-05 20:09:16',NULL),(2,149,'2018-09-06 15:39:36','2018-09-06 15:40:06'),(2,149,'2018-09-06 15:40:06','2018-09-06 15:40:36'),(2,149,'2018-09-06 15:40:36','2018-09-06 15:41:06'),(2,149,'2018-09-06 15:41:06','2018-09-06 15:41:36'),(2,149,'2018-09-06 15:41:36','2018-09-06 15:42:06'),(2,149,'2018-09-06 15:42:06','2018-09-06 15:42:36'),(2,149,'2018-09-06 15:42:36','2018-09-06 15:43:06'),(2,149,'2018-09-06 15:43:06','2018-09-06 15:43:36'),(2,149,'2018-09-06 15:43:36','2018-09-06 15:44:06'),(2,149,'2018-09-06 15:44:06','2018-09-06 15:44:36'),(2,149,'2018-09-06 15:44:36','2018-09-06 15:45:06'),(2,149,'2018-09-06 15:45:06','2018-09-06 15:45:36'),(2,149,'2018-09-06 15:45:36','2018-09-06 15:46:06'),(2,149,'2018-09-06 15:46:06','2018-09-06 15:46:36'),(2,149,'2018-09-06 15:46:36','2018-09-06 15:47:06'),(2,149,'2018-09-06 15:47:06','2018-09-06 15:47:36'),(2,149,'2018-09-06 15:47:36','2018-09-06 15:48:06'),(2,149,'2018-09-06 15:48:06','2018-09-06 15:48:36'),(2,149,'2018-09-06 15:48:36','2018-09-06 15:49:06'),(2,149,'2018-09-06 15:49:06','2018-09-06 15:49:36'),(2,149,'2018-09-06 15:49:36','2018-09-06 15:50:06'),(2,149,'2018-09-06 15:50:06','2018-09-06 15:50:36'),(2,149,'2018-09-06 15:50:36','2018-09-06 15:51:06'),(2,149,'2018-09-06 15:51:06','2018-09-06 15:51:36'),(2,149,'2018-09-06 15:51:36','2018-09-06 15:52:06'),(2,150,'2018-09-06 15:39:42','2018-09-06 15:40:12'),(2,150,'2018-09-06 15:40:12','2018-09-06 15:40:42'),(2,150,'2018-09-06 15:40:42','2018-09-06 15:41:12'),(2,150,'2018-09-06 15:41:12','2018-09-06 15:41:42'),(2,150,'2018-09-06 15:41:42','2018-09-06 15:42:12'),(2,150,'2018-09-06 15:42:12','2018-09-06 15:42:42'),(2,150,'2018-09-06 15:42:42','2018-09-06 15:43:12'),(2,150,'2018-09-06 15:43:12','2018-09-06 15:43:42'),(2,150,'2018-09-06 15:43:42','2018-09-06 15:44:12'),(2,150,'2018-09-06 15:44:12','2018-09-06 15:44:42'),(2,150,'2018-09-06 15:44:42','2018-09-06 15:45:12'),(2,150,'2018-09-06 15:45:12','2018-09-06 15:45:42'),(2,150,'2018-09-06 15:45:42','2018-09-06 15:46:12'),(2,150,'2018-09-06 15:46:12','2018-09-06 15:46:42'),(2,150,'2018-09-06 15:46:42','2018-09-06 15:47:12'),(2,150,'2018-09-06 15:47:12','2018-09-06 15:47:42'),(2,150,'2018-09-06 15:47:42','2018-09-06 15:48:12'),(2,150,'2018-09-06 15:48:12','2018-09-06 15:48:42'),(2,150,'2018-09-06 15:48:42','2018-09-06 15:49:12'),(2,150,'2018-09-06 15:49:12','2018-09-06 15:49:42'),(2,150,'2018-09-06 15:49:42','2018-09-06 15:50:12'),(2,150,'2018-09-06 15:50:12','2018-09-06 15:50:42'),(2,150,'2018-09-06 15:50:42','2018-09-06 15:51:12'),(2,150,'2018-09-06 15:51:12','2018-09-06 15:51:42'),(2,150,'2018-09-06 15:51:42','2018-09-06 15:52:12'),(2,151,'2018-09-06 15:39:46','2018-09-06 15:40:16'),(2,151,'2018-09-06 15:40:16','2018-09-06 15:40:46'),(2,151,'2018-09-06 15:40:46','2018-09-06 15:41:16'),(2,151,'2018-09-06 15:41:16','2018-09-06 15:41:46'),(2,151,'2018-09-06 15:41:46','2018-09-06 15:42:16'),(2,151,'2018-09-06 15:42:16','2018-09-06 15:42:46'),(2,151,'2018-09-06 15:42:46','2018-09-06 15:43:16'),(2,151,'2018-09-06 15:43:16','2018-09-06 15:43:46'),(2,151,'2018-09-06 15:43:46','2018-09-06 15:44:16'),(2,151,'2018-09-06 15:44:16','2018-09-06 15:44:46'),(2,151,'2018-09-06 15:44:46','2018-09-06 15:45:16'),(2,151,'2018-09-06 15:45:16','2018-09-06 15:45:46'),(2,151,'2018-09-06 15:45:46','2018-09-06 15:46:16'),(2,151,'2018-09-06 15:46:16','2018-09-06 15:46:46'),(2,151,'2018-09-06 15:46:46','2018-09-06 15:47:16'),(2,151,'2018-09-06 15:47:16','2018-09-06 15:47:46'),(2,151,'2018-09-06 15:47:46','2018-09-06 15:48:16'),(2,151,'2018-09-06 15:48:16','2018-09-06 15:48:46'),(2,151,'2018-09-06 15:48:46','2018-09-06 15:49:16'),(2,151,'2018-09-06 15:49:16','2018-09-06 15:49:46'),(2,151,'2018-09-06 15:49:46','2018-09-06 15:50:16'),(2,151,'2018-09-06 15:50:16','2018-09-06 15:50:46'),(2,151,'2018-09-06 15:50:46','2018-09-06 15:51:16'),(2,151,'2018-09-06 15:51:16','2018-09-06 15:51:46'),(2,151,'2018-09-06 15:51:46','2018-09-06 15:52:16'),(2,152,'2018-09-06 15:39:51','2018-09-06 15:40:21'),(2,152,'2018-09-06 15:40:21','2018-09-06 15:40:51'),(2,152,'2018-09-06 15:40:51','2018-09-06 15:41:21'),(2,152,'2018-09-06 15:41:21','2018-09-06 15:41:51'),(2,152,'2018-09-06 15:41:51','2018-09-06 15:42:21'),(2,152,'2018-09-06 15:42:21','2018-09-06 15:42:51'),(2,152,'2018-09-06 15:42:51','2018-09-06 15:43:21'),(2,152,'2018-09-06 15:43:21','2018-09-06 15:43:51'),(2,152,'2018-09-06 15:43:51','2018-09-06 15:44:21'),(2,152,'2018-09-06 15:44:21','2018-09-06 15:44:51'),(2,152,'2018-09-06 15:44:51','2018-09-06 15:45:21'),(2,152,'2018-09-06 15:45:21','2018-09-06 15:45:51'),(2,152,'2018-09-06 15:45:51','2018-09-06 15:46:21'),(2,152,'2018-09-06 15:46:21','2018-09-06 15:46:51'),(2,152,'2018-09-06 15:46:51','2018-09-06 15:47:21'),(2,152,'2018-09-06 15:47:21','2018-09-06 15:47:51'),(2,152,'2018-09-06 15:47:51','2018-09-06 15:48:21'),(2,152,'2018-09-06 15:48:21','2018-09-06 15:48:51'),(2,152,'2018-09-06 15:48:51','2018-09-06 15:49:21'),(2,152,'2018-09-06 15:49:21','2018-09-06 15:49:51'),(2,152,'2018-09-06 15:49:51','2018-09-06 15:50:21'),(2,152,'2018-09-06 15:50:21','2018-09-06 15:50:51'),(2,152,'2018-09-06 15:50:51','2018-09-06 15:51:21'),(2,152,'2018-09-06 15:51:21','2018-09-06 15:51:51'),(2,152,'2018-09-06 15:51:51','2018-09-06 15:52:21'),(2,162,'2018-09-06 18:38:53','2018-09-06 18:39:38'),(2,162,'2018-09-06 18:39:38','2018-09-06 18:40:23'),(2,162,'2018-09-06 18:40:23','2018-09-06 18:41:08'),(2,162,'2018-09-06 18:41:08','2018-09-06 18:41:53'),(2,162,'2018-09-06 18:41:53','2018-09-06 18:42:38'),(2,162,'2018-09-06 18:42:38','2018-09-06 18:43:23'),(2,162,'2018-09-06 18:43:23','2018-09-06 18:44:08'),(2,162,'2018-09-06 18:44:08','2018-09-06 18:44:53'),(2,162,'2018-09-06 18:44:53','2018-09-06 18:45:38'),(2,162,'2018-09-06 18:45:38','2018-09-06 18:46:23'),(2,162,'2018-09-06 18:46:23','2018-09-06 18:47:08'),(2,162,'2018-09-06 18:47:08',NULL),(2,163,'2018-09-06 18:39:07','2018-09-06 18:39:52'),(2,163,'2018-09-06 18:39:52','2018-09-06 18:40:37'),(2,163,'2018-09-06 18:40:37','2018-09-06 18:41:22'),(2,163,'2018-09-06 18:41:22','2018-09-06 18:42:07'),(2,163,'2018-09-06 18:42:07','2018-09-06 18:42:52'),(2,163,'2018-09-06 18:42:52','2018-09-06 18:43:37'),(2,163,'2018-09-06 18:43:37','2018-09-06 18:44:22'),(2,163,'2018-09-06 18:44:22','2018-09-06 18:45:07'),(2,163,'2018-09-06 18:45:07','2018-09-06 18:45:52'),(2,163,'2018-09-06 18:45:52','2018-09-06 18:46:37'),(2,163,'2018-09-06 18:46:37','2018-09-06 18:47:22'),(2,163,'2018-09-06 18:47:22',NULL),(2,165,'2018-09-06 18:41:43','2018-09-06 18:42:28'),(2,165,'2018-09-06 18:42:28','2018-09-06 18:43:13'),(2,165,'2018-09-06 18:43:13','2018-09-06 18:43:58'),(2,165,'2018-09-06 18:43:58','2018-09-06 18:44:43'),(2,165,'2018-09-06 18:44:43','2018-09-06 18:45:28'),(2,165,'2018-09-06 18:45:28','2018-09-06 18:46:13'),(2,165,'2018-09-06 18:46:13','2018-09-06 18:46:58'),(2,165,'2018-09-06 18:46:58',NULL),(2,167,'2018-10-18 19:51:27','2018-10-18 19:51:57'),(2,167,'2018-10-18 19:51:57','2018-10-18 19:52:27'),(2,167,'2018-10-18 19:52:27',NULL),(2,168,'2018-10-18 19:51:32','2018-10-18 19:52:02'),(2,168,'2018-10-18 19:52:02','2018-10-18 19:52:32'),(2,168,'2018-10-18 19:52:32',NULL),(2,170,'2018-11-03 22:58:43','2018-11-03 22:59:13'),(2,170,'2018-11-03 22:59:13','2018-11-03 22:59:43'),(2,170,'2018-11-03 22:59:43','2018-11-03 23:00:13'),(2,170,'2018-11-03 23:00:13','2018-11-03 23:00:43'),(2,170,'2018-11-03 23:00:43','2018-11-03 23:01:13'),(2,170,'2018-11-03 23:01:13','2018-11-03 23:01:43'),(2,170,'2018-11-03 23:01:43','2018-11-03 23:02:13'),(2,170,'2018-11-03 23:02:13','2018-11-03 23:02:43'),(2,170,'2018-11-03 23:02:43','2018-11-03 23:03:13'),(2,170,'2018-11-03 23:03:13','2018-11-03 23:03:43'),(2,170,'2018-11-03 23:03:43','2018-11-03 23:04:13'),(2,170,'2018-11-03 23:04:13','2018-11-03 23:04:43'),(2,170,'2018-11-03 23:04:43','2018-11-03 23:05:13'),(2,170,'2018-11-03 23:05:13','2018-11-03 23:05:43'),(2,170,'2018-11-03 23:05:43','2018-11-03 23:06:13'),(2,170,'2018-11-03 23:06:13','2018-11-03 23:06:43'),(2,170,'2018-11-03 23:06:43','2018-11-03 23:07:13'),(2,170,'2018-11-03 23:07:13','2018-11-03 23:07:43'),(2,170,'2018-11-03 23:07:43','2018-11-03 23:08:13'),(2,170,'2018-11-03 23:08:13','2018-11-03 23:08:43'),(2,170,'2018-11-03 23:08:43','2018-11-03 23:09:13'),(2,170,'2018-11-03 23:09:13','2018-11-03 23:09:43'),(2,170,'2018-11-03 23:09:43','2018-11-03 23:10:13'),(2,170,'2018-11-03 23:10:13','2018-11-03 23:10:43'),(2,170,'2018-11-03 23:10:43','2018-11-03 23:11:13'),(2,170,'2018-11-03 23:11:13','2018-11-03 23:11:43'),(2,170,'2018-11-03 23:11:43','2018-11-03 23:12:13'),(2,170,'2018-11-03 23:12:13','2018-11-03 23:12:43'),(2,171,'2018-11-03 23:06:14','2018-11-03 23:06:44'),(2,171,'2018-11-03 23:06:44','2018-11-03 23:07:14'),(2,171,'2018-11-03 23:07:14','2018-11-03 23:07:44'),(2,171,'2018-11-03 23:07:44','2018-11-03 23:08:14'),(2,171,'2018-11-03 23:08:14','2018-11-03 23:08:44'),(2,171,'2018-11-03 23:08:44','2018-11-03 23:09:14'),(2,171,'2018-11-03 23:09:14','2018-11-03 23:09:44'),(2,171,'2018-11-03 23:09:44','2018-11-03 23:10:14'),(2,171,'2018-11-03 23:10:14','2018-11-03 23:10:44'),(2,171,'2018-11-03 23:10:44','2018-11-03 23:11:14'),(2,171,'2018-11-03 23:11:14','2018-11-03 23:11:44'),(2,171,'2018-11-03 23:11:44','2018-11-03 23:12:14'),(2,171,'2018-11-03 23:12:14','2018-11-03 23:12:44'),(2,172,'2018-11-03 23:06:11','2018-11-03 23:06:41'),(2,172,'2018-11-03 23:06:41','2018-11-03 23:07:11'),(2,172,'2018-11-03 23:07:11','2018-11-03 23:07:41'),(2,172,'2018-11-03 23:07:41','2018-11-03 23:08:11'),(2,172,'2018-11-03 23:08:11','2018-11-03 23:08:41'),(2,172,'2018-11-03 23:08:41','2018-11-03 23:09:11'),(2,172,'2018-11-03 23:09:11','2018-11-03 23:09:41'),(2,172,'2018-11-03 23:09:41','2018-11-03 23:10:11'),(2,172,'2018-11-03 23:10:11','2018-11-03 23:10:41'),(2,172,'2018-11-03 23:10:41','2018-11-03 23:11:11'),(2,172,'2018-11-03 23:11:11','2018-11-03 23:11:41'),(2,172,'2018-11-03 23:11:41','2018-11-03 23:12:11'),(2,172,'2018-11-03 23:12:11','2018-11-03 23:12:41'),(2,173,'2018-11-03 23:06:11','2018-11-03 23:06:41'),(2,173,'2018-11-03 23:06:41','2018-11-03 23:07:11'),(2,173,'2018-11-03 23:07:11','2018-11-03 23:07:41'),(2,173,'2018-11-03 23:07:41','2018-11-03 23:08:11'),(2,173,'2018-11-03 23:08:11','2018-11-03 23:08:41'),(2,173,'2018-11-03 23:08:41','2018-11-03 23:09:11'),(2,173,'2018-11-03 23:09:11','2018-11-03 23:09:41'),(2,173,'2018-11-03 23:09:41','2018-11-03 23:10:11'),(2,173,'2018-11-03 23:10:11','2018-11-03 23:10:41'),(2,173,'2018-11-03 23:10:41','2018-11-03 23:11:11'),(2,173,'2018-11-03 23:11:11','2018-11-03 23:11:41'),(2,173,'2018-11-03 23:11:41','2018-11-03 23:12:11'),(2,173,'2018-11-03 23:12:11','2018-11-03 23:12:41'),(2,174,'2018-11-03 23:06:13','2018-11-03 23:06:43'),(2,174,'2018-11-03 23:06:43','2018-11-03 23:07:13'),(2,174,'2018-11-03 23:07:13','2018-11-03 23:07:43'),(2,174,'2018-11-03 23:07:43','2018-11-03 23:08:13'),(2,174,'2018-11-03 23:08:13','2018-11-03 23:08:43'),(2,174,'2018-11-03 23:08:43','2018-11-03 23:09:13'),(2,174,'2018-11-03 23:09:13','2018-11-03 23:09:43'),(2,174,'2018-11-03 23:09:43','2018-11-03 23:10:13'),(2,174,'2018-11-03 23:10:13','2018-11-03 23:10:43'),(2,174,'2018-11-03 23:10:43','2018-11-03 23:11:13'),(2,174,'2018-11-03 23:11:13','2018-11-03 23:11:43'),(2,174,'2018-11-03 23:11:43','2018-11-03 23:12:13'),(2,174,'2018-11-03 23:12:13','2018-11-03 23:12:43'),(2,175,'2018-11-03 23:09:03','2018-11-03 23:09:33'),(2,175,'2018-11-03 23:09:33','2018-11-03 23:10:03'),(2,175,'2018-11-03 23:10:03','2018-11-03 23:10:33'),(2,175,'2018-11-03 23:10:33','2018-11-03 23:11:03'),(2,175,'2018-11-03 23:11:03','2018-11-03 23:11:33'),(2,175,'2018-11-03 23:11:33','2018-11-03 23:12:03'),(2,175,'2018-11-03 23:12:03','2018-11-03 23:12:33'),(2,176,'2018-11-03 23:09:14','2018-11-03 23:09:44'),(2,176,'2018-11-03 23:09:44','2018-11-03 23:10:14'),(2,176,'2018-11-03 23:10:14','2018-11-03 23:10:44'),(2,176,'2018-11-03 23:10:44','2018-11-03 23:11:14'),(2,176,'2018-11-03 23:11:14','2018-11-03 23:11:44'),(2,176,'2018-11-03 23:11:44','2018-11-03 23:12:14'),(2,176,'2018-11-03 23:12:14','2018-11-03 23:12:44'),(2,177,'2018-11-03 23:10:40','2018-11-03 23:11:10'),(2,177,'2018-11-03 23:11:10','2018-11-03 23:11:40'),(2,177,'2018-11-03 23:11:40','2018-11-03 23:12:10'),(2,177,'2018-11-03 23:12:10','2018-11-03 23:12:40'),(2,178,'2018-11-03 23:12:00','2018-11-03 23:12:30'),(2,178,'2018-11-03 23:12:30','2018-11-03 23:13:00'),(2,178,'2018-11-03 23:13:00',NULL),(2,202,'2018-11-05 22:06:06','2018-11-05 22:06:36'),(2,202,'2018-11-05 22:06:36','2018-11-05 22:07:06'),(2,202,'2018-11-05 22:07:06','2018-11-05 22:07:36'),(2,202,'2018-11-05 22:07:36','2018-11-05 22:08:06'),(2,202,'2018-11-05 22:08:06','2018-11-05 22:08:36'),(2,202,'2018-11-05 22:08:36','2018-11-05 22:09:06'),(2,202,'2018-11-05 22:09:06','2018-11-05 22:09:36'),(2,202,'2018-11-05 22:09:36','2018-11-05 22:10:06'),(2,202,'2018-11-05 22:10:06','2018-11-05 22:10:36'),(2,202,'2018-11-05 22:10:36','2018-11-05 22:11:06'),(2,202,'2018-11-05 22:11:06','2018-11-05 22:11:36'),(2,202,'2018-11-05 22:11:36','2018-11-05 22:12:06'),(2,202,'2018-11-05 22:12:06','2018-11-05 22:12:36'),(2,202,'2018-11-05 22:12:36','2018-11-05 22:13:06'),(2,202,'2018-11-05 22:13:06','2018-11-05 22:13:36'),(2,202,'2018-11-05 22:13:36','2018-11-05 22:14:06'),(2,202,'2018-11-05 22:14:06','2018-11-05 22:14:36'),(2,202,'2018-11-05 22:14:36','2018-11-05 22:15:06'),(2,202,'2018-11-05 22:15:06','2018-11-05 22:15:36'),(2,202,'2018-11-05 22:15:36','2018-11-05 22:16:06'),(2,202,'2018-11-05 22:16:06','2018-11-05 22:16:36'),(2,202,'2018-11-05 22:16:36','2018-11-05 22:17:06'),(2,202,'2018-11-05 22:17:06','2018-11-05 22:17:36'),(2,202,'2018-11-05 22:17:36','2018-11-05 22:18:06'),(2,202,'2018-11-05 22:18:06','2018-11-05 22:18:36'),(2,202,'2018-11-05 22:18:36','2018-11-05 22:19:06'),(2,202,'2018-11-05 22:19:06','2018-11-05 22:19:36'),(2,202,'2018-11-05 22:19:36','2018-11-05 22:20:06'),(2,202,'2018-11-05 22:20:06','2018-11-05 22:20:36'),(2,202,'2018-11-05 22:20:36','2018-11-05 22:21:06'),(2,202,'2018-11-05 22:21:06','2018-11-05 22:21:36'),(2,202,'2018-11-05 22:21:36','2018-11-05 22:22:06'),(2,202,'2018-11-05 22:22:06','2018-11-05 22:22:36'),(2,202,'2018-11-05 22:22:36','2018-11-05 22:23:06'),(2,202,'2018-11-05 22:23:06','2018-11-05 22:23:36'),(2,202,'2018-11-05 22:23:36','2018-11-05 22:24:06'),(2,202,'2018-11-05 22:24:06','2018-11-05 22:24:36'),(2,202,'2018-11-05 22:24:36','2018-11-05 22:25:06'),(2,202,'2018-11-05 22:25:06','2018-11-05 22:25:36'),(2,202,'2018-11-05 22:25:36','2018-11-05 22:26:06'),(2,202,'2018-11-05 22:26:06','2018-11-05 22:26:36'),(2,202,'2018-11-05 22:26:36','2018-11-05 22:27:06'),(2,202,'2018-11-05 22:27:06','2018-11-05 22:27:36'),(2,202,'2018-11-05 22:27:36','2018-11-05 22:28:06'),(2,202,'2018-11-05 22:28:06','2018-11-05 22:28:36'),(2,202,'2018-11-05 22:28:36','2018-11-05 22:29:06'),(2,202,'2018-11-05 22:29:06','2018-11-05 22:29:36'),(2,202,'2018-11-05 22:29:36','2018-11-05 22:30:06'),(2,202,'2018-11-05 22:30:06','2018-11-05 22:30:36'),(2,202,'2018-11-05 22:30:36','2018-11-05 22:31:06'),(2,202,'2018-11-05 22:31:06','2018-11-05 22:31:36'),(2,202,'2018-11-05 22:31:36','2018-11-05 22:32:06'),(2,202,'2018-11-05 22:32:06','2018-11-05 22:32:36'),(2,202,'2018-11-05 22:32:36','2018-11-05 22:33:06'),(2,202,'2018-11-05 22:33:06','2018-11-05 22:33:36'),(2,202,'2018-11-05 22:33:36','2018-11-05 22:34:06'),(2,202,'2018-11-05 22:34:06','2018-11-05 22:34:36'),(2,202,'2018-11-05 22:34:36','2018-11-05 22:35:06'),(2,202,'2018-11-05 22:35:06','2018-11-05 22:35:36'),(2,202,'2018-11-05 22:35:36','2018-11-05 22:36:06'),(2,202,'2018-11-05 22:36:06','2018-11-05 22:36:36'),(2,202,'2018-11-05 22:36:36','2018-11-05 22:37:06'),(2,202,'2018-11-05 22:37:06','2018-11-05 22:37:36'),(2,202,'2018-11-05 22:37:36','2018-11-05 22:38:06'),(2,202,'2018-11-05 22:38:06','2018-11-05 22:38:36'),(2,202,'2018-11-05 22:38:36','2018-11-06 09:43:06'),(2,202,'2018-11-05 22:39:06','2018-11-06 09:43:06'),(2,202,'2018-11-06 09:43:06','2018-11-05 22:39:06'),(2,202,'2018-11-12 22:41:16','2018-11-12 22:41:46'),(2,202,'2018-11-12 22:41:46','2018-11-12 22:42:16'),(2,202,'2018-11-12 22:42:16','2018-11-12 22:42:46'),(2,202,'2018-11-12 22:42:46','2018-11-12 22:43:16'),(2,202,'2018-11-12 22:43:16','2018-11-12 22:43:46'),(2,202,'2018-11-12 22:43:46','2018-11-12 22:44:16'),(2,202,'2018-11-12 22:44:16','2018-11-12 22:44:46'),(2,202,'2018-11-12 22:44:46','2018-11-12 22:45:16'),(2,202,'2018-11-12 22:45:16','2018-11-12 22:45:46'),(2,202,'2018-11-12 22:45:46','2018-11-12 22:46:16'),(2,202,'2018-11-12 22:46:16','2018-11-12 22:46:46'),(2,202,'2018-11-12 22:46:46','2018-11-12 22:47:16'),(2,202,'2018-11-12 22:47:16','2018-11-12 22:47:46'),(2,202,'2018-11-12 22:47:46','2018-11-12 22:48:16'),(2,202,'2018-11-12 22:48:16','2018-11-12 22:48:46'),(2,202,'2018-11-12 22:48:46','2018-11-12 22:49:16'),(2,202,'2018-11-12 22:49:16','2018-11-12 22:49:46'),(2,202,'2018-11-12 22:49:46','2018-11-12 22:50:16'),(2,202,'2018-11-12 22:50:16','2018-11-12 22:50:46'),(2,202,'2018-11-12 22:50:46','2018-11-12 22:51:16'),(2,202,'2018-11-12 22:51:16','2018-11-12 22:51:46'),(2,202,'2018-11-12 22:51:46','2018-11-12 22:52:16'),(2,202,'2018-11-12 22:52:16','2018-11-12 22:52:46'),(2,202,'2018-11-12 22:52:46','2018-11-12 22:53:16'),(2,202,'2018-11-12 22:53:16','2018-11-12 22:53:46'),(2,202,'2018-11-12 22:53:46','2018-11-12 22:54:16'),(2,202,'2018-11-12 22:54:16','2018-11-12 22:54:46'),(2,202,'2018-11-12 22:54:46','2018-11-12 22:55:16'),(2,202,'2018-11-12 22:55:16','2018-11-12 22:55:46'),(2,202,'2018-11-12 22:55:46','2018-11-12 22:56:16'),(2,202,'2018-11-12 22:56:16',NULL),(2,206,'2018-11-26 23:06:13','2018-11-26 23:06:43'),(2,206,'2018-11-26 23:06:43','2018-11-26 23:07:13'),(2,206,'2018-11-26 23:07:13','2018-11-26 23:07:43'),(2,206,'2018-11-26 23:07:43','2018-11-26 23:08:13'),(2,206,'2018-11-26 23:08:13','2018-11-26 23:08:43'),(2,206,'2018-11-26 23:08:43','2018-11-26 23:09:13'),(2,206,'2018-11-26 23:09:13','2018-11-26 23:09:43'),(2,206,'2018-11-26 23:09:43','2018-11-26 23:10:13'),(2,206,'2018-11-26 23:10:13','2018-11-26 23:10:43'),(2,206,'2018-11-26 23:10:43','2018-11-26 23:11:13'),(2,206,'2018-11-26 23:11:13','2018-11-26 23:11:43'),(2,206,'2018-11-26 23:11:43','2018-11-26 23:12:13'),(2,206,'2018-11-26 23:12:13',NULL),(2,207,'2018-11-26 23:06:11','2018-11-26 23:06:41'),(2,207,'2018-11-26 23:06:41','2018-11-26 23:07:11'),(2,207,'2018-11-26 23:07:11','2018-11-26 23:07:41'),(2,207,'2018-11-26 23:07:41','2018-11-26 23:08:11'),(2,207,'2018-11-26 23:08:11','2018-11-26 23:08:41'),(2,207,'2018-11-26 23:08:41','2018-11-26 23:09:11'),(2,207,'2018-11-26 23:09:11','2018-11-26 23:09:41'),(2,207,'2018-11-26 23:09:41','2018-11-26 23:10:11'),(2,207,'2018-11-26 23:10:11','2018-11-26 23:10:41'),(2,207,'2018-11-26 23:10:41','2018-11-26 23:11:11'),(2,207,'2018-11-26 23:11:11','2018-11-26 23:11:41'),(2,207,'2018-11-26 23:11:41','2018-11-26 23:12:11'),(2,207,'2018-11-26 23:12:11',NULL),(2,208,'2018-11-26 23:06:14','2018-11-26 23:06:44'),(2,208,'2018-11-26 23:06:44','2018-11-26 23:07:14'),(2,208,'2018-11-26 23:07:14','2018-11-26 23:07:44'),(2,208,'2018-11-26 23:07:44','2018-11-26 23:08:14'),(2,208,'2018-11-26 23:08:14','2018-11-26 23:08:44'),(2,208,'2018-11-26 23:08:44','2018-11-26 23:09:14'),(2,208,'2018-11-26 23:09:14','2018-11-26 23:09:44'),(2,208,'2018-11-26 23:09:44','2018-11-26 23:10:14'),(2,208,'2018-11-26 23:10:14','2018-11-26 23:10:44'),(2,208,'2018-11-26 23:10:44','2018-11-26 23:11:14'),(2,208,'2018-11-26 23:11:14','2018-11-26 23:11:44'),(2,208,'2018-11-26 23:11:44',NULL),(2,209,'2018-11-26 23:06:14','2018-11-26 23:06:44'),(2,209,'2018-11-26 23:06:44','2018-11-26 23:07:14'),(2,209,'2018-11-26 23:07:14','2018-11-26 23:07:44'),(2,209,'2018-11-26 23:07:44','2018-11-26 23:08:14'),(2,209,'2018-11-26 23:08:14','2018-11-26 23:08:44'),(2,209,'2018-11-26 23:08:44','2018-11-26 23:09:14'),(2,209,'2018-11-26 23:09:14','2018-11-26 23:09:44'),(2,209,'2018-11-26 23:09:44','2018-11-26 23:10:14'),(2,209,'2018-11-26 23:10:14','2018-11-26 23:10:44'),(2,209,'2018-11-26 23:10:44','2018-11-26 23:11:14'),(2,209,'2018-11-26 23:11:14','2018-11-26 23:11:44'),(2,209,'2018-11-26 23:11:44',NULL),(2,210,'2018-11-26 23:06:13','2018-11-26 23:06:43'),(2,210,'2018-11-26 23:06:43','2018-11-26 23:07:13'),(2,210,'2018-11-26 23:07:13','2018-11-26 23:07:43'),(2,210,'2018-11-26 23:07:43','2018-11-26 23:08:13'),(2,210,'2018-11-26 23:08:13','2018-11-26 23:08:43'),(2,210,'2018-11-26 23:08:43','2018-11-26 23:09:13'),(2,210,'2018-11-26 23:09:13','2018-11-26 23:09:43'),(2,210,'2018-11-26 23:09:43','2018-11-26 23:10:13'),(2,210,'2018-11-26 23:10:13','2018-11-26 23:10:43'),(2,210,'2018-11-26 23:10:43','2018-11-26 23:11:13'),(2,210,'2018-11-26 23:11:13','2018-11-26 23:11:43'),(2,210,'2018-11-26 23:11:43','2018-11-26 23:12:13'),(2,210,'2018-11-26 23:12:13',NULL),(2,211,'2018-11-26 23:09:17','2018-11-26 23:09:47'),(2,211,'2018-11-26 23:09:47','2018-11-26 23:10:17'),(2,211,'2018-11-26 23:10:17','2018-11-26 23:10:47'),(2,211,'2018-11-26 23:10:47','2018-11-26 23:11:17'),(2,211,'2018-11-26 23:11:17','2018-11-26 23:11:47'),(2,211,'2018-11-26 23:11:47',NULL),(3,9,'2018-07-16 14:55:01','2018-07-16 14:56:01'),(3,9,'2018-07-16 14:56:01','2018-07-16 14:57:01'),(3,9,'2018-07-16 14:57:01','2018-07-16 14:58:01'),(3,9,'2018-07-16 14:58:01','2018-07-16 14:59:01'),(3,9,'2018-07-16 14:59:01','2018-07-16 15:00:01'),(3,9,'2018-07-16 15:00:01','2018-07-16 15:01:01'),(3,9,'2018-07-16 15:01:01','2018-07-16 15:02:01'),(3,9,'2018-07-16 15:02:01','2018-07-16 15:03:01'),(3,9,'2018-07-16 15:03:01','2018-07-16 15:04:01'),(3,9,'2018-07-16 15:04:01','2018-07-16 15:05:01'),(3,9,'2018-07-16 15:05:01','2018-07-16 15:06:01'),(3,9,'2018-07-16 15:06:01','2018-07-16 15:07:01'),(3,9,'2018-07-16 15:07:01','2018-07-16 15:08:01'),(3,9,'2018-07-16 15:08:01','2018-07-16 15:09:01'),(3,9,'2018-07-16 15:09:01','2018-07-16 15:10:01'),(3,9,'2018-07-16 15:10:01','2018-07-16 15:11:01'),(3,9,'2018-07-16 15:11:01','2018-07-16 15:12:01'),(3,9,'2018-07-16 15:12:01','2018-07-16 15:13:01'),(3,9,'2018-07-16 15:13:01','2018-07-16 15:14:01'),(3,9,'2018-07-16 15:14:01','2018-07-16 15:15:01'),(3,9,'2018-07-16 15:15:01','2018-07-16 15:16:01'),(3,9,'2018-07-16 15:16:01','2018-07-16 15:17:01'),(3,9,'2018-07-16 15:17:01','2018-07-16 15:18:01'),(3,9,'2018-07-16 15:18:01','2018-07-16 15:19:01'),(3,9,'2018-07-16 15:19:01','2018-07-16 15:20:01'),(3,9,'2018-07-16 15:20:01','2018-07-16 15:21:01'),(3,9,'2018-07-16 15:21:01',NULL),(3,10,'2018-07-16 14:55:10','2018-07-16 14:56:10'),(3,10,'2018-07-16 14:56:10','2018-07-16 14:57:10'),(3,10,'2018-07-16 14:57:10','2018-07-16 14:58:10'),(3,10,'2018-07-16 14:58:10','2018-07-16 14:59:10'),(3,10,'2018-07-16 14:59:10','2018-07-16 15:00:10'),(3,10,'2018-07-16 15:00:10','2018-07-16 15:01:10'),(3,10,'2018-07-16 15:01:10','2018-07-16 15:02:10'),(3,10,'2018-07-16 15:02:10','2018-07-16 15:03:10'),(3,10,'2018-07-16 15:03:10','2018-07-16 15:04:10'),(3,10,'2018-07-16 15:04:10','2018-07-16 15:05:10'),(3,10,'2018-07-16 15:05:10','2018-07-16 15:06:10'),(3,10,'2018-07-16 15:06:10','2018-07-16 15:07:10'),(3,10,'2018-07-16 15:07:10','2018-07-16 15:08:10'),(3,10,'2018-07-16 15:08:10','2018-07-16 15:09:10'),(3,10,'2018-07-16 15:09:10','2018-07-16 15:10:10'),(3,10,'2018-07-16 15:10:10','2018-07-16 15:11:10'),(3,10,'2018-07-16 15:11:10','2018-07-16 15:12:10'),(3,10,'2018-07-16 15:12:10','2018-07-16 15:13:10'),(3,10,'2018-07-16 15:13:10','2018-07-16 15:14:10'),(3,10,'2018-07-16 15:14:10','2018-07-16 15:15:10'),(3,10,'2018-07-16 15:15:10','2018-07-16 15:16:10'),(3,10,'2018-07-16 15:16:10','2018-07-16 15:17:10'),(3,10,'2018-07-16 15:17:10','2018-07-16 15:18:10'),(3,10,'2018-07-16 15:18:10','2018-07-16 15:19:10'),(3,10,'2018-07-16 15:19:10','2018-07-16 15:20:10'),(3,10,'2018-07-16 15:20:10',NULL),(3,11,'2018-07-16 14:55:17','2018-07-16 14:56:17'),(3,11,'2018-07-16 14:56:17','2018-07-16 14:57:17'),(3,11,'2018-07-16 14:57:17','2018-07-16 14:58:17'),(3,11,'2018-07-16 14:58:17','2018-07-16 14:59:17'),(3,11,'2018-07-16 14:59:17','2018-07-16 15:00:17'),(3,11,'2018-07-16 15:00:17','2018-07-16 15:01:17'),(3,11,'2018-07-16 15:01:17','2018-07-16 15:02:17'),(3,11,'2018-07-16 15:02:17','2018-07-16 15:03:17'),(3,11,'2018-07-16 15:03:17','2018-07-16 15:04:17'),(3,11,'2018-07-16 15:04:17','2018-07-16 15:05:17'),(3,11,'2018-07-16 15:05:17','2018-07-16 15:06:17'),(3,11,'2018-07-16 15:06:17','2018-07-16 15:07:17'),(3,11,'2018-07-16 15:07:17','2018-07-16 15:08:17'),(3,11,'2018-07-16 15:08:17','2018-07-16 15:09:17'),(3,11,'2018-07-16 15:09:17','2018-07-16 15:10:17'),(3,11,'2018-07-16 15:10:17','2018-07-16 15:11:17'),(3,11,'2018-07-16 15:11:17','2018-07-16 15:12:17'),(3,11,'2018-07-16 15:12:17','2018-07-16 15:13:17'),(3,11,'2018-07-16 15:13:17','2018-07-16 15:14:17'),(3,11,'2018-07-16 15:14:17','2018-07-16 15:15:17'),(3,11,'2018-07-16 15:15:17','2018-07-16 15:16:17'),(3,11,'2018-07-16 15:16:17','2018-07-16 15:17:17'),(3,11,'2018-07-16 15:17:17','2018-07-16 15:18:17'),(3,11,'2018-07-16 15:18:17','2018-07-16 15:19:17'),(3,11,'2018-07-16 15:19:17','2018-07-16 15:20:17'),(3,11,'2018-07-16 15:20:17',NULL),(3,12,'2018-07-16 14:56:32','2018-07-16 14:57:32'),(3,12,'2018-07-16 14:57:32','2018-07-16 14:58:32'),(3,12,'2018-07-16 14:58:32','2018-07-16 14:59:32'),(3,12,'2018-07-16 14:59:32','2018-07-16 15:00:32'),(3,12,'2018-07-16 15:00:32','2018-07-16 15:01:32'),(3,12,'2018-07-16 15:01:32','2018-07-16 15:02:32'),(3,12,'2018-07-16 15:02:32','2018-07-16 15:03:32'),(3,12,'2018-07-16 15:03:32','2018-07-16 15:04:32'),(3,12,'2018-07-16 15:04:32','2018-07-16 15:05:32'),(3,12,'2018-07-16 15:05:32','2018-07-16 15:06:32'),(3,12,'2018-07-16 15:06:32','2018-07-16 15:07:32'),(3,12,'2018-07-16 15:07:32','2018-07-16 15:08:32'),(3,12,'2018-07-16 15:08:32','2018-07-16 15:09:32'),(3,12,'2018-07-16 15:09:32','2018-07-16 15:10:32'),(3,12,'2018-07-16 15:10:32','2018-07-16 15:11:32'),(3,12,'2018-07-16 15:11:32','2018-07-16 15:12:32'),(3,12,'2018-07-16 15:12:32','2018-07-16 15:13:32'),(3,12,'2018-07-16 15:13:32','2018-07-16 15:14:32'),(3,12,'2018-07-16 15:14:32','2018-07-16 15:15:32'),(3,12,'2018-07-16 15:15:32','2018-07-16 15:16:32'),(3,12,'2018-07-16 15:16:32','2018-07-16 15:17:32'),(3,12,'2018-07-16 15:17:32','2018-07-16 15:18:32'),(3,12,'2018-07-16 15:18:32','2018-07-16 15:19:32'),(3,12,'2018-07-16 15:19:32','2018-07-16 15:20:32'),(3,12,'2018-07-16 15:20:32',NULL),(3,14,'2018-07-16 15:22:49','2018-07-16 15:23:49'),(3,14,'2018-07-16 15:23:49','2018-07-16 15:24:49'),(3,14,'2018-07-16 15:24:49','2018-07-16 15:25:49'),(3,14,'2018-07-16 15:25:49','2018-07-16 15:26:49'),(3,14,'2018-07-16 15:26:49','2018-07-16 15:27:49'),(3,14,'2018-07-16 15:27:49','2018-07-16 15:28:49'),(3,14,'2018-07-16 15:28:49','2018-07-16 15:29:49'),(3,14,'2018-07-16 15:29:49','2018-07-16 15:30:49'),(3,14,'2018-07-16 15:30:49','2018-07-16 15:31:49'),(3,14,'2018-07-16 15:31:49','2018-07-16 15:32:49'),(3,14,'2018-07-16 15:32:49','2018-07-16 15:33:49'),(3,14,'2018-07-16 15:33:49','2018-07-16 15:34:49'),(3,14,'2018-07-16 15:34:49','2018-07-16 15:35:49'),(3,14,'2018-07-16 15:38:35','2018-07-16 15:39:35'),(3,14,'2018-07-16 15:47:36','2018-07-16 15:48:36'),(3,14,'2018-07-16 15:48:36','2018-07-16 15:49:36'),(3,14,'2018-07-16 15:49:36','2018-07-16 15:50:36'),(3,14,'2018-07-16 15:50:36','2018-07-16 15:51:36'),(3,14,'2018-07-16 15:51:36','2018-07-16 15:52:36'),(3,14,'2018-07-16 15:52:36','2018-07-16 15:53:36'),(3,14,'2018-07-16 15:53:36','2018-07-16 15:54:36'),(3,14,'2018-07-16 15:54:36','2018-07-16 15:55:36'),(3,14,'2018-07-16 15:55:36','2018-07-16 15:56:36'),(3,14,'2018-07-16 15:56:36','2018-07-16 15:57:36'),(3,14,'2018-07-16 15:57:36','2018-07-16 15:58:36'),(3,14,'2018-07-16 15:58:36','2018-07-16 15:59:36'),(3,14,'2018-07-16 15:59:36','2018-07-16 16:00:36'),(3,14,'2018-07-16 16:00:36','2018-07-16 16:01:36'),(3,14,'2018-07-16 16:01:36','2018-07-16 16:02:36'),(3,14,'2018-07-16 16:02:36',NULL),(3,16,'2018-07-16 15:23:16','2018-07-16 15:24:16'),(3,16,'2018-07-16 15:24:16','2018-07-16 15:25:16'),(3,16,'2018-07-16 15:25:16','2018-07-16 15:26:16'),(3,16,'2018-07-16 15:26:16','2018-07-16 15:27:16'),(3,16,'2018-07-16 15:27:16','2018-07-16 15:28:16'),(3,16,'2018-07-16 15:28:16','2018-07-16 15:29:16'),(3,16,'2018-07-16 15:29:16','2018-07-16 15:30:16'),(3,16,'2018-07-16 15:30:16','2018-07-16 15:31:16'),(3,16,'2018-07-16 15:31:16','2018-07-16 15:32:16'),(3,16,'2018-07-16 15:32:16','2018-07-16 15:33:16'),(3,16,'2018-07-16 15:33:16','2018-07-16 15:34:16'),(3,16,'2018-07-16 15:34:16','2018-07-16 15:35:16'),(3,16,'2018-07-16 15:35:16','2018-07-16 15:36:16'),(3,16,'2018-07-16 15:38:36','2018-07-16 15:39:36'),(3,16,'2018-07-16 15:41:43','2018-07-16 15:42:43'),(3,16,'2018-07-16 15:42:43','2018-07-16 15:43:43'),(3,16,'2018-07-16 15:43:43','2018-07-16 15:44:43'),(3,16,'2018-07-16 15:44:43','2018-07-16 15:45:43'),(3,16,'2018-07-16 15:45:43','2018-07-16 15:46:43'),(3,16,'2018-07-16 15:46:43','2018-07-16 15:47:43'),(3,16,'2018-07-16 15:47:43','2018-07-16 15:48:43'),(3,16,'2018-07-16 15:48:43','2018-07-16 15:49:43'),(3,16,'2018-07-16 15:49:43','2018-07-16 15:50:43'),(3,16,'2018-07-16 15:50:43','2018-07-16 15:51:43'),(3,16,'2018-07-16 15:51:43','2018-07-16 15:52:43'),(3,16,'2018-07-16 15:52:43','2018-07-16 15:53:43'),(3,16,'2018-07-16 15:53:43','2018-07-16 15:54:43'),(3,16,'2018-07-16 15:54:43','2018-07-16 15:55:43'),(3,16,'2018-07-16 15:55:43','2018-07-16 15:56:43'),(3,16,'2018-07-16 15:56:43','2018-07-16 15:57:43'),(3,16,'2018-07-16 15:57:43','2018-07-16 15:58:43'),(3,16,'2018-07-16 15:58:43','2018-07-16 15:59:43'),(3,16,'2018-07-16 15:59:43','2018-07-16 16:00:43'),(3,16,'2018-07-16 16:00:43','2018-07-16 16:01:43'),(3,16,'2018-07-16 16:01:43','2018-07-16 16:02:43'),(3,16,'2018-07-16 16:02:43',NULL),(3,17,'2018-07-16 15:30:08','2018-07-16 15:31:08'),(3,17,'2018-07-16 15:31:08','2018-07-16 15:32:08'),(3,17,'2018-07-16 15:32:08','2018-07-16 15:33:08'),(3,17,'2018-07-16 15:33:08','2018-07-16 15:34:08'),(3,17,'2018-07-16 15:34:08','2018-07-16 15:35:08'),(3,17,'2018-07-16 15:35:08','2018-07-16 15:36:08'),(3,17,'2018-07-16 15:38:38','2018-07-16 15:39:38'),(3,17,'2018-07-16 16:02:13','2018-07-16 16:03:13'),(3,17,'2018-07-16 16:03:13',NULL),(3,18,'2018-07-16 15:30:13','2018-07-16 15:31:13'),(3,18,'2018-07-16 15:31:13','2018-07-16 15:32:13'),(3,18,'2018-07-16 15:32:13','2018-07-16 15:33:13'),(3,18,'2018-07-16 15:33:13','2018-07-16 15:34:13'),(3,18,'2018-07-16 15:34:13','2018-07-16 15:35:13'),(3,18,'2018-07-16 15:35:13','2018-07-16 15:36:13'),(3,18,'2018-07-16 15:38:43','2018-07-16 15:39:43'),(3,18,'2018-07-16 15:41:46','2018-07-16 15:42:46'),(3,18,'2018-07-16 15:42:46','2018-07-16 15:43:46'),(3,18,'2018-07-16 15:43:46','2018-07-16 15:44:46'),(3,18,'2018-07-16 15:44:46','2018-07-16 15:45:46'),(3,18,'2018-07-16 15:45:46','2018-07-16 15:46:46'),(3,18,'2018-07-16 15:46:46','2018-07-16 15:47:46'),(3,18,'2018-07-16 15:47:46','2018-07-16 15:48:46'),(3,18,'2018-07-16 15:48:46','2018-07-16 15:49:46'),(3,18,'2018-07-16 15:49:46','2018-07-16 15:50:46'),(3,18,'2018-07-16 15:50:46','2018-07-16 15:51:46'),(3,18,'2018-07-16 15:51:46','2018-07-16 15:52:46'),(3,18,'2018-07-16 15:52:46','2018-07-16 15:53:46'),(3,18,'2018-07-16 15:53:46','2018-07-16 15:54:46'),(3,18,'2018-07-16 15:54:46','2018-07-16 15:55:46'),(3,18,'2018-07-16 15:55:46','2018-07-16 15:56:46'),(3,18,'2018-07-16 15:56:46','2018-07-16 15:57:46'),(3,18,'2018-07-16 15:57:46','2018-07-16 15:58:46'),(3,18,'2018-07-16 15:58:46','2018-07-16 15:59:46'),(3,18,'2018-07-16 15:59:46','2018-07-16 16:00:46'),(3,18,'2018-07-16 16:00:46','2018-07-16 16:01:46'),(3,18,'2018-07-16 16:01:46','2018-07-16 16:02:46'),(3,18,'2018-07-16 16:02:46',NULL),(3,20,'2018-07-16 16:05:12','2018-07-16 16:06:12'),(3,20,'2018-07-16 16:06:12','2018-07-16 16:07:12'),(3,20,'2018-07-16 16:07:12','2018-07-16 16:08:12'),(3,20,'2018-07-16 16:08:12','2018-07-16 16:09:12'),(3,20,'2018-07-16 16:09:12','2018-07-16 16:10:12'),(3,20,'2018-07-16 16:10:12','2018-07-16 16:11:12'),(3,20,'2018-07-16 16:11:12','2018-07-16 16:12:12'),(3,20,'2018-07-16 16:12:12','2018-07-16 16:13:12'),(3,20,'2018-07-16 16:13:12','2018-07-16 16:14:12'),(3,20,'2018-07-16 16:14:12','2018-07-16 16:15:12'),(3,20,'2018-07-16 16:15:12','2018-07-16 16:16:12'),(3,20,'2018-07-16 16:16:12','2018-07-16 16:17:12'),(3,20,'2018-07-16 16:17:12','2018-07-16 16:18:12'),(3,20,'2018-07-16 16:18:12','2018-07-16 16:19:12'),(3,20,'2018-07-16 16:19:12','2018-07-16 16:20:12'),(3,20,'2018-07-16 16:20:12','2018-07-16 16:21:12'),(3,20,'2018-07-16 16:21:12','2018-07-16 16:22:12'),(3,20,'2018-07-16 16:22:12','2018-07-16 16:23:12'),(3,20,'2018-07-16 16:23:12','2018-07-16 16:24:12'),(3,20,'2018-07-16 16:24:12','2018-07-16 16:25:12'),(3,20,'2018-07-16 16:25:12','2018-07-16 16:26:12'),(3,23,'2018-07-16 16:07:19','2018-07-16 16:08:19'),(3,23,'2018-07-16 16:08:19','2018-07-16 16:09:19'),(3,23,'2018-07-16 16:09:19','2018-07-16 16:10:19'),(3,23,'2018-07-16 16:10:19','2018-07-16 16:11:19'),(3,23,'2018-07-16 16:11:19','2018-07-16 16:12:19'),(3,23,'2018-07-16 16:12:19','2018-07-16 16:13:19'),(3,23,'2018-07-16 16:13:19','2018-07-16 16:14:19'),(3,23,'2018-07-16 16:14:19','2018-07-16 16:15:19'),(3,23,'2018-07-16 16:15:19','2018-07-16 16:16:19'),(3,23,'2018-07-16 16:16:19','2018-07-16 16:17:19'),(3,23,'2018-07-16 16:17:19','2018-07-16 16:18:19'),(3,23,'2018-07-16 16:18:19','2018-07-16 16:19:19'),(3,23,'2018-07-16 16:19:19','2018-07-16 16:20:19'),(3,23,'2018-07-16 16:20:19','2018-07-16 16:21:19'),(3,23,'2018-07-16 16:21:19','2018-07-16 16:22:19'),(3,23,'2018-07-16 16:22:19','2018-07-16 16:23:19'),(3,23,'2018-07-16 16:23:19','2018-07-16 16:24:19'),(3,23,'2018-07-16 16:24:19','2018-07-16 16:25:19'),(3,23,'2018-07-16 16:25:19','2018-07-16 16:26:19'),(3,24,'2018-07-16 16:20:57','2018-07-16 16:21:57'),(3,24,'2018-07-16 16:21:57','2018-07-16 16:22:57'),(3,24,'2018-07-16 16:22:57','2018-07-16 16:23:57'),(3,24,'2018-07-16 16:23:57','2018-07-16 16:24:57'),(3,24,'2018-07-16 16:24:57','2018-07-16 16:25:57'),(3,24,'2018-07-16 16:25:57','2018-07-16 16:26:57'),(3,24,'2018-07-16 16:26:57',NULL),(3,25,'2018-07-16 16:20:56','2018-07-16 16:21:56'),(3,25,'2018-07-16 16:21:56','2018-07-16 16:22:56'),(3,25,'2018-07-16 16:22:56','2018-07-16 16:23:56'),(3,25,'2018-07-16 16:23:56','2018-07-16 16:24:56'),(3,25,'2018-07-16 16:24:56','2018-07-16 16:25:56'),(3,29,'2018-07-16 16:35:44','2018-07-16 16:36:44'),(3,29,'2018-07-16 16:36:44','2018-07-16 16:37:44'),(3,29,'2018-07-16 16:37:44','2018-07-16 16:38:44'),(3,29,'2018-07-16 16:38:44','2018-07-16 16:39:44'),(3,29,'2018-07-16 16:39:44','2018-07-16 16:40:44'),(3,29,'2018-07-16 16:40:44','2018-07-16 16:41:44'),(3,29,'2018-07-16 16:41:44','2018-07-16 16:42:44'),(3,29,'2018-07-16 16:42:44','2018-07-16 16:43:44'),(3,29,'2018-07-16 16:43:44','2018-07-16 16:44:44'),(3,29,'2018-07-16 16:44:44','2018-07-16 16:45:44'),(3,29,'2018-07-16 16:45:44','2018-07-16 16:46:44'),(3,29,'2018-07-16 16:46:44','2018-07-16 16:47:44'),(3,29,'2018-07-16 16:47:44','2018-07-16 16:48:44'),(3,29,'2018-07-16 16:48:44','2018-07-16 16:49:44'),(3,29,'2018-07-16 16:49:44','2018-07-16 16:50:44'),(3,29,'2018-07-16 16:50:44','2018-07-16 16:51:44'),(3,29,'2018-07-16 16:51:44','2018-07-16 16:52:44'),(3,29,'2018-07-16 16:52:44','2018-07-16 16:53:44'),(3,29,'2018-07-16 16:53:44','2018-07-16 16:54:44'),(3,29,'2018-07-16 16:54:44','2018-07-16 16:55:44'),(3,29,'2018-07-16 16:57:28','2018-07-16 16:58:28'),(3,29,'2018-07-16 16:58:28','2018-07-16 16:59:28'),(3,29,'2018-07-16 16:59:28','2018-07-16 17:00:28'),(3,29,'2018-07-16 17:00:28','2018-07-16 17:01:28'),(3,29,'2018-07-16 17:01:28','2018-07-16 17:02:28'),(3,29,'2018-07-16 17:02:28','2018-07-16 17:03:28'),(3,29,'2018-07-16 17:03:28','2018-07-16 17:04:28'),(3,29,'2018-07-16 17:04:28','2018-07-16 17:05:28'),(3,29,'2018-07-16 17:05:28','2018-07-16 17:06:28'),(3,29,'2018-07-16 17:06:28','2018-07-16 17:07:28'),(3,29,'2018-07-16 17:07:28','2018-07-16 17:08:28'),(3,29,'2018-07-16 17:08:28','2018-07-16 17:09:28'),(3,29,'2018-07-16 17:09:28','2018-07-16 17:10:28'),(3,29,'2018-07-16 17:10:28','2018-07-16 17:11:28'),(3,29,'2018-07-16 17:11:28','2018-07-16 17:12:28'),(3,29,'2018-07-16 17:12:28','2018-07-16 17:13:28'),(3,29,'2018-07-16 17:13:28','2018-07-16 17:14:28'),(3,29,'2018-07-16 17:14:28','2018-07-16 17:15:28'),(3,29,'2018-07-16 17:15:28','2018-07-16 17:16:28'),(3,29,'2018-07-16 17:16:28','2018-07-16 17:17:28'),(3,29,'2018-07-16 17:17:28','2018-07-16 17:18:28'),(3,29,'2018-07-16 17:18:28','2018-07-16 17:19:28'),(3,29,'2018-07-16 17:19:28','2018-07-16 17:20:28'),(3,29,'2018-07-16 17:20:28','2018-07-16 17:21:28'),(3,29,'2018-07-16 17:21:28','2018-07-16 17:22:28'),(3,29,'2018-07-16 17:22:28','2018-07-16 17:23:28'),(3,29,'2018-07-16 17:23:28','2018-07-16 17:24:28'),(3,29,'2018-07-16 17:24:28','2018-07-16 17:25:28'),(3,29,'2018-07-16 17:25:28','2018-07-16 17:26:28'),(3,29,'2018-07-16 17:26:28','2018-07-16 17:27:28'),(3,41,'2018-07-17 19:48:17','2018-07-17 19:48:47'),(3,41,'2018-07-17 19:48:47','2018-07-17 19:49:17'),(3,41,'2018-07-17 19:49:17','2018-07-17 19:49:47'),(3,41,'2018-07-17 19:49:47','2018-07-17 19:50:17'),(3,41,'2018-07-17 19:50:17','2018-07-17 19:50:47'),(3,41,'2018-07-17 19:50:47','2018-07-17 19:51:17'),(3,41,'2018-07-17 19:51:17','2018-07-17 19:51:47'),(3,41,'2018-07-17 19:51:47','2018-07-17 19:52:17'),(3,41,'2018-07-17 19:52:17','2018-07-17 19:52:47'),(3,41,'2018-07-17 19:52:47','2018-07-17 19:53:17'),(3,41,'2018-07-17 19:53:17','2018-07-17 19:53:47'),(3,41,'2018-07-17 19:53:47','2018-07-17 19:54:17'),(3,41,'2018-07-17 19:54:17','2018-07-17 19:54:47'),(3,41,'2018-07-17 19:54:47','2018-07-17 19:55:17'),(3,41,'2018-07-17 19:55:17','2018-07-17 19:55:47'),(3,41,'2018-07-17 19:55:47','2018-07-17 19:56:17'),(3,41,'2018-07-17 19:56:17','2018-07-17 19:56:47'),(3,41,'2018-07-17 19:56:47','2018-07-17 19:57:17'),(3,41,'2018-07-17 19:57:17','2018-07-17 19:57:47'),(3,41,'2018-07-17 19:57:47','2018-07-17 19:58:17'),(3,41,'2018-07-17 19:58:17','2018-07-17 19:58:47'),(3,41,'2018-07-17 19:58:47','2018-07-17 19:59:17'),(3,41,'2018-07-17 19:59:17','2018-07-17 19:59:47'),(3,41,'2018-07-17 19:59:47','2018-07-17 20:00:17'),(3,41,'2018-07-17 20:00:17','2018-07-17 20:00:47'),(3,41,'2018-07-17 20:00:47',NULL),(3,42,'2018-07-17 19:48:18','2018-07-17 19:48:48'),(3,42,'2018-07-17 19:48:48','2018-07-17 19:49:18'),(3,42,'2018-07-17 19:49:18','2018-07-17 19:49:48'),(3,42,'2018-07-17 19:49:48','2018-07-17 19:50:18'),(3,42,'2018-07-17 19:50:18','2018-07-17 19:50:48'),(3,42,'2018-07-17 19:50:48','2018-07-17 19:51:18'),(3,42,'2018-07-17 19:51:18','2018-07-17 19:51:48'),(3,42,'2018-07-17 19:51:48','2018-07-17 19:52:18'),(3,42,'2018-07-17 19:52:18','2018-07-17 19:52:48'),(3,42,'2018-07-17 19:52:48','2018-07-17 19:53:18'),(3,42,'2018-07-17 19:53:18','2018-07-17 19:53:48'),(3,42,'2018-07-17 19:53:48','2018-07-17 19:54:18'),(3,42,'2018-07-17 19:54:18','2018-07-17 19:54:48'),(3,42,'2018-07-17 19:54:48','2018-07-17 19:55:18'),(3,42,'2018-07-17 19:55:18','2018-07-17 19:55:48'),(3,42,'2018-07-17 19:55:48','2018-07-17 19:56:18'),(3,42,'2018-07-17 19:56:18','2018-07-17 19:56:48'),(3,42,'2018-07-17 19:56:48','2018-07-17 19:57:18'),(3,42,'2018-07-17 19:57:18','2018-07-17 19:57:48'),(3,42,'2018-07-17 19:57:48','2018-07-17 19:58:18'),(3,42,'2018-07-17 19:58:18','2018-07-17 19:58:48'),(3,42,'2018-07-17 19:58:48','2018-07-17 19:59:18'),(3,42,'2018-07-17 19:59:18','2018-07-17 19:59:48'),(3,42,'2018-07-17 19:59:48','2018-07-17 20:00:18'),(3,42,'2018-07-17 20:00:18','2018-07-17 20:00:48'),(3,42,'2018-07-17 20:00:48',NULL),(3,43,'2018-07-17 19:48:24','2018-07-17 19:48:54'),(3,43,'2018-07-17 19:48:54','2018-07-17 19:49:24'),(3,43,'2018-07-17 19:49:24','2018-07-17 19:49:54'),(3,43,'2018-07-17 19:49:54','2018-07-17 19:50:24'),(3,43,'2018-07-17 19:50:24','2018-07-17 19:50:54'),(3,43,'2018-07-17 19:50:54','2018-07-17 19:51:24'),(3,43,'2018-07-17 19:51:24','2018-07-17 19:51:54'),(3,43,'2018-07-17 19:51:54','2018-07-17 19:52:24'),(3,43,'2018-07-17 19:52:24','2018-07-17 19:52:54'),(3,43,'2018-07-17 19:52:54','2018-07-17 19:53:24'),(3,43,'2018-07-17 19:53:24','2018-07-17 19:53:54'),(3,43,'2018-07-17 19:53:54','2018-07-17 19:54:24'),(3,43,'2018-07-17 19:54:24','2018-07-17 19:54:54'),(3,43,'2018-07-17 19:54:54','2018-07-17 19:55:24'),(3,43,'2018-07-17 19:55:24','2018-07-17 19:55:54'),(3,43,'2018-07-17 19:55:54','2018-07-17 19:56:24'),(3,43,'2018-07-17 19:56:24','2018-07-17 19:56:54'),(3,43,'2018-07-17 19:56:54','2018-07-17 19:57:24'),(3,43,'2018-07-17 19:57:24','2018-07-17 19:57:54'),(3,43,'2018-07-17 19:57:54','2018-07-17 19:58:24'),(3,43,'2018-07-17 19:58:24','2018-07-17 19:58:54'),(3,43,'2018-07-17 19:58:54','2018-07-17 19:59:24'),(3,43,'2018-07-17 19:59:24','2018-07-17 19:59:54'),(3,43,'2018-07-17 19:59:54','2018-07-17 20:00:24'),(3,43,'2018-07-17 20:00:24','2018-07-17 20:00:54'),(3,43,'2018-07-17 20:00:54',NULL),(3,44,'2018-07-17 19:48:31','2018-07-17 19:49:01'),(3,44,'2018-07-17 19:49:01','2018-07-17 19:49:31'),(3,44,'2018-07-17 19:49:31','2018-07-17 19:50:01'),(3,44,'2018-07-17 19:50:01','2018-07-17 19:50:31'),(3,44,'2018-07-17 19:50:31','2018-07-17 19:51:01'),(3,44,'2018-07-17 19:51:01','2018-07-17 19:51:31'),(3,44,'2018-07-17 19:51:31','2018-07-17 19:52:01'),(3,44,'2018-07-17 19:52:01','2018-07-17 19:52:31'),(3,44,'2018-07-17 19:52:31','2018-07-17 19:53:01'),(3,44,'2018-07-17 19:53:01','2018-07-17 19:53:31'),(3,44,'2018-07-17 19:53:31','2018-07-17 19:54:01'),(3,44,'2018-07-17 19:54:01','2018-07-17 19:54:31'),(3,44,'2018-07-17 19:54:31','2018-07-17 19:55:01'),(3,44,'2018-07-17 19:55:01','2018-07-17 19:55:31'),(3,44,'2018-07-17 19:55:31','2018-07-17 19:56:01'),(3,44,'2018-07-17 19:56:01','2018-07-17 19:56:31'),(3,44,'2018-07-17 19:56:31','2018-07-17 19:57:01'),(3,44,'2018-07-17 19:57:01','2018-07-17 19:57:31'),(3,44,'2018-07-17 19:57:31','2018-07-17 19:58:01'),(3,44,'2018-07-17 19:58:01','2018-07-17 19:58:31'),(3,44,'2018-07-17 19:58:31','2018-07-17 19:59:01'),(3,44,'2018-07-17 19:59:01','2018-07-17 19:59:31'),(3,44,'2018-07-17 19:59:31','2018-07-17 20:00:01'),(3,44,'2018-07-17 20:00:01','2018-07-17 20:00:31'),(3,44,'2018-07-17 20:00:31','2018-07-17 20:01:01'),(3,44,'2018-07-17 20:01:01',NULL),(3,47,'2018-07-17 20:01:20','2018-07-17 20:01:50'),(3,47,'2018-07-17 20:01:50','2018-07-17 20:02:20'),(3,47,'2018-07-17 20:02:20','2018-07-17 20:02:50'),(3,47,'2018-07-17 20:02:50','2018-07-17 20:03:20'),(3,47,'2018-07-17 20:03:20','2018-07-17 20:03:50'),(3,47,'2018-07-17 20:03:50','2018-07-17 20:04:20'),(3,47,'2018-07-17 20:04:20','2018-07-17 20:04:50'),(3,47,'2018-07-17 20:04:50','2018-07-17 20:05:20'),(3,47,'2018-07-17 20:05:20','2018-07-17 20:05:50'),(3,47,'2018-07-17 20:05:50','2018-07-17 20:06:20'),(3,47,'2018-07-17 20:06:20','2018-07-17 20:06:50'),(3,47,'2018-07-17 20:06:50','2018-07-17 20:07:20'),(3,47,'2018-07-17 20:07:20','2018-07-17 20:07:50'),(3,47,'2018-07-17 20:07:50','2018-07-17 20:08:20'),(3,47,'2018-07-17 20:08:20','2018-07-17 20:08:50'),(3,47,'2018-07-17 20:08:50','2018-07-17 20:09:20'),(3,47,'2018-07-17 20:09:20','2018-07-17 20:09:50'),(3,47,'2018-07-17 20:09:50','2018-07-17 20:10:20'),(3,47,'2018-07-17 20:10:20','2018-07-17 20:10:50'),(3,47,'2018-07-17 20:10:50','2018-07-17 20:11:20'),(3,47,'2018-07-17 20:11:20','2018-07-17 20:11:50'),(3,47,'2018-07-17 20:11:50','2018-07-17 20:12:20'),(3,47,'2018-07-17 20:12:20','2018-07-17 20:12:50'),(3,47,'2018-07-17 20:12:50','2018-07-17 20:13:20'),(3,47,'2018-07-17 20:13:20','2018-07-17 20:13:50'),(3,47,'2018-07-17 20:13:50','2018-07-17 20:14:20'),(3,47,'2018-07-17 20:14:20','2018-07-17 20:14:50'),(3,47,'2018-07-17 20:14:50','2018-07-17 20:15:20'),(3,47,'2018-07-17 20:15:20','2018-07-17 20:15:50'),(3,47,'2018-07-17 20:15:50','2018-07-17 20:16:20'),(3,47,'2018-07-17 20:16:20','2018-07-17 20:16:50'),(3,47,'2018-07-17 20:16:50','2018-07-17 20:17:20'),(3,47,'2018-07-17 20:17:20','2018-07-17 20:17:50'),(3,47,'2018-07-17 20:17:50','2018-07-17 20:18:20'),(3,47,'2018-07-17 20:18:20','2018-07-17 20:18:50'),(3,47,'2018-07-17 20:18:50','2018-07-17 20:19:20'),(3,47,'2018-07-17 20:19:20',NULL),(3,48,'2018-07-17 20:04:11','2018-07-17 20:04:41'),(3,48,'2018-07-17 20:04:41','2018-07-17 20:05:11'),(3,48,'2018-07-17 20:05:11','2018-07-17 20:05:41'),(3,48,'2018-07-17 20:05:41','2018-07-17 20:06:11'),(3,48,'2018-07-17 20:06:11','2018-07-17 20:06:41'),(3,48,'2018-07-17 20:06:41','2018-07-17 20:07:11'),(3,48,'2018-07-17 20:07:11','2018-07-17 20:07:41'),(3,48,'2018-07-17 20:07:41','2018-07-17 20:08:11'),(3,48,'2018-07-17 20:08:11','2018-07-17 20:08:41'),(3,48,'2018-07-17 20:08:41','2018-07-17 20:09:11'),(3,48,'2018-07-17 20:09:11','2018-07-17 20:09:41'),(3,48,'2018-07-17 20:09:41','2018-07-17 20:10:11'),(3,48,'2018-07-17 20:10:11','2018-07-17 20:10:41'),(3,48,'2018-07-17 20:10:41','2018-07-17 20:11:11'),(3,48,'2018-07-17 20:11:11','2018-07-17 20:11:41'),(3,48,'2018-07-17 20:11:41','2018-07-17 20:12:11'),(3,48,'2018-07-17 20:12:11','2018-07-17 20:12:41'),(3,48,'2018-07-17 20:12:41','2018-07-17 20:13:11'),(3,48,'2018-07-17 20:13:11','2018-07-17 20:13:41'),(3,48,'2018-07-17 20:13:41','2018-07-17 20:14:11'),(3,48,'2018-07-17 20:14:11','2018-07-17 20:14:41'),(3,48,'2018-07-17 20:14:41','2018-07-17 20:15:11'),(3,48,'2018-07-17 20:15:11','2018-07-17 20:15:41'),(3,48,'2018-07-17 20:15:41','2018-07-17 20:16:11'),(3,48,'2018-07-17 20:16:11','2018-07-17 20:16:41'),(3,48,'2018-07-17 20:16:41','2018-07-17 20:17:11'),(3,48,'2018-07-17 20:17:11','2018-07-17 20:17:41'),(3,48,'2018-07-17 20:17:41','2018-07-17 20:18:11'),(3,48,'2018-07-17 20:18:11','2018-07-17 20:18:41'),(3,48,'2018-07-17 20:18:41','2018-07-17 20:19:11'),(3,48,'2018-07-17 20:19:11','2018-07-17 20:19:41'),(3,48,'2018-07-17 20:19:41',NULL),(3,49,'2018-07-17 20:14:12','2018-07-17 20:14:42'),(3,49,'2018-07-17 20:14:42','2018-07-17 20:15:12'),(3,49,'2018-07-17 20:15:12','2018-07-17 20:15:42'),(3,49,'2018-07-17 20:15:42','2018-07-17 20:16:12'),(3,49,'2018-07-17 20:16:12','2018-07-17 20:16:42'),(3,49,'2018-07-17 20:16:42','2018-07-17 20:17:12'),(3,49,'2018-07-17 20:17:12','2018-07-17 20:17:42'),(3,49,'2018-07-17 20:17:42','2018-07-17 20:18:12'),(3,49,'2018-07-17 20:18:12','2018-07-17 20:18:42'),(3,49,'2018-07-17 20:18:42','2018-07-17 20:19:12'),(3,49,'2018-07-17 20:19:12','2018-07-17 20:19:42'),(3,49,'2018-07-17 20:19:42',NULL),(3,50,'2018-07-17 20:14:13','2018-07-17 20:14:43'),(3,50,'2018-07-17 20:14:43','2018-07-17 20:15:13'),(3,50,'2018-07-17 20:15:13','2018-07-17 20:15:43'),(3,50,'2018-07-17 20:15:43','2018-07-17 20:16:13'),(3,50,'2018-07-17 20:16:13','2018-07-17 20:16:43'),(3,50,'2018-07-17 20:16:43','2018-07-17 20:17:13'),(3,50,'2018-07-17 20:17:13','2018-07-17 20:17:43'),(3,50,'2018-07-17 20:17:43','2018-07-17 20:18:13'),(3,50,'2018-07-17 20:18:13','2018-07-17 20:18:43'),(3,50,'2018-07-17 20:18:43','2018-07-17 20:19:13'),(3,50,'2018-07-17 20:19:13',NULL),(3,51,'2018-07-17 20:16:15','2018-07-17 20:16:45'),(3,51,'2018-07-17 20:16:45','2018-07-17 20:17:15'),(3,51,'2018-07-17 20:17:15','2018-07-17 20:17:45'),(3,51,'2018-07-17 20:17:45','2018-07-17 20:18:15'),(3,51,'2018-07-17 20:18:15','2018-07-17 20:18:45'),(3,51,'2018-07-17 20:18:45','2018-07-17 20:19:15'),(3,51,'2018-07-17 20:19:15',NULL),(3,52,'2018-07-17 20:16:15','2018-07-17 20:16:45'),(3,52,'2018-07-17 20:16:45','2018-07-17 20:17:15'),(3,52,'2018-07-17 20:17:15','2018-07-17 20:17:45'),(3,52,'2018-07-17 20:17:45','2018-07-17 20:18:15'),(3,52,'2018-07-17 20:18:15','2018-07-17 20:18:45'),(3,52,'2018-07-17 20:18:45','2018-07-17 20:19:15'),(3,52,'2018-07-17 20:19:15',NULL),(3,56,'2018-07-17 20:20:57','2018-07-17 20:21:27'),(3,56,'2018-07-17 20:21:27','2018-07-17 20:21:57'),(3,56,'2018-07-17 20:21:57','2018-07-17 20:22:27'),(3,56,'2018-07-17 20:22:27','2018-07-17 20:22:57'),(3,56,'2018-07-17 20:22:57','2018-07-17 20:23:27'),(3,56,'2018-07-17 20:23:27','2018-07-17 20:23:57'),(3,56,'2018-07-17 20:23:57','2018-07-17 20:24:27'),(3,56,'2018-07-17 20:24:27','2018-07-17 20:24:57'),(3,56,'2018-07-17 20:24:57','2018-07-17 20:25:27'),(3,56,'2018-07-17 20:25:27','2018-07-17 20:25:57'),(3,56,'2018-07-17 20:25:57','2018-07-17 20:26:27'),(3,56,'2018-07-17 20:26:27','2018-07-17 20:26:57'),(3,56,'2018-07-17 20:26:57','2018-07-17 20:27:27'),(3,56,'2018-07-17 20:27:27','2018-07-17 20:27:57'),(3,56,'2018-07-17 20:27:57','2018-07-17 20:28:27'),(3,56,'2018-07-17 20:28:27','2018-07-17 20:28:57'),(3,56,'2018-07-17 20:28:57','2018-07-17 20:29:27'),(3,56,'2018-07-17 20:29:27','2018-07-17 20:29:57'),(3,56,'2018-07-17 20:29:57','2018-07-17 20:30:27'),(3,56,'2018-07-17 20:30:27','2018-07-17 20:30:57'),(3,56,'2018-07-17 20:30:57',NULL),(3,57,'2018-07-17 20:21:04','2018-07-17 20:21:34'),(3,57,'2018-07-17 20:21:34','2018-07-17 20:22:04'),(3,57,'2018-07-17 20:22:04','2018-07-17 20:22:34'),(3,57,'2018-07-17 20:22:34','2018-07-17 20:23:04'),(3,57,'2018-07-17 20:23:04','2018-07-17 20:23:34'),(3,57,'2018-07-17 20:23:34','2018-07-17 20:24:04'),(3,57,'2018-07-17 20:24:04','2018-07-17 20:24:34'),(3,57,'2018-07-17 20:24:34','2018-07-17 20:25:04'),(3,57,'2018-07-17 20:25:04','2018-07-17 20:25:34'),(3,57,'2018-07-17 20:25:34','2018-07-17 20:26:04'),(3,57,'2018-07-17 20:26:04','2018-07-17 20:26:34'),(3,57,'2018-07-17 20:26:34','2018-07-17 20:27:04'),(3,57,'2018-07-17 20:27:04','2018-07-17 20:27:34'),(3,57,'2018-07-17 20:27:34','2018-07-17 20:28:04'),(3,57,'2018-07-17 20:28:04','2018-07-17 20:28:34'),(3,57,'2018-07-17 20:28:34','2018-07-17 20:29:04'),(3,57,'2018-07-17 20:29:04','2018-07-17 20:29:34'),(3,57,'2018-07-17 20:29:34','2018-07-17 20:30:04'),(3,57,'2018-07-17 20:30:04','2018-07-17 20:30:34'),(3,57,'2018-07-17 20:30:34','2018-07-17 20:31:04'),(3,58,'2018-07-17 20:21:09','2018-07-17 20:21:39'),(3,58,'2018-07-17 20:21:39','2018-07-17 20:22:09'),(3,58,'2018-07-17 20:22:09','2018-07-17 20:22:39'),(3,58,'2018-07-17 20:22:39','2018-07-17 20:23:09'),(3,58,'2018-07-17 20:23:09','2018-07-17 20:23:39'),(3,58,'2018-07-17 20:23:39','2018-07-17 20:24:09'),(3,58,'2018-07-17 20:24:09','2018-07-17 20:24:39'),(3,58,'2018-07-17 20:24:39','2018-07-17 20:25:09'),(3,58,'2018-07-17 20:25:09','2018-07-17 20:25:39'),(3,58,'2018-07-17 20:25:39','2018-07-17 20:26:09'),(3,58,'2018-07-17 20:26:09','2018-07-17 20:26:39'),(3,58,'2018-07-17 20:26:39','2018-07-17 20:27:09'),(3,58,'2018-07-17 20:27:09','2018-07-17 20:27:39'),(3,58,'2018-07-17 20:27:39','2018-07-17 20:28:09'),(3,58,'2018-07-17 20:28:09','2018-07-17 20:28:39'),(3,58,'2018-07-17 20:28:39','2018-07-17 20:29:09'),(3,58,'2018-07-17 20:29:09','2018-07-17 20:29:39'),(3,58,'2018-07-17 20:29:39','2018-07-17 20:30:09'),(3,58,'2018-07-17 20:30:09','2018-07-17 20:30:39'),(3,58,'2018-07-17 20:30:39','2018-07-17 20:31:09'),(3,60,'2018-07-17 20:23:12','2018-07-17 20:23:42'),(3,60,'2018-07-17 20:23:42','2018-07-17 20:24:12'),(3,60,'2018-07-17 20:24:12','2018-07-17 20:24:42'),(3,60,'2018-07-17 20:24:42','2018-07-17 20:25:12'),(3,60,'2018-07-17 20:25:12','2018-07-17 20:25:42'),(3,60,'2018-07-17 20:25:42','2018-07-17 20:26:12'),(3,60,'2018-07-17 20:26:12','2018-07-17 20:26:42'),(3,60,'2018-07-17 20:26:42','2018-07-17 20:27:12'),(3,60,'2018-07-17 20:27:12','2018-07-17 20:27:42'),(3,60,'2018-07-17 20:27:42','2018-07-17 20:28:12'),(3,60,'2018-07-17 20:28:12','2018-07-17 20:28:42'),(3,60,'2018-07-17 20:28:42','2018-07-17 20:29:12'),(3,60,'2018-07-17 20:29:12','2018-07-17 20:29:42'),(3,60,'2018-07-17 20:29:42','2018-07-17 20:30:12'),(3,60,'2018-07-17 20:30:12','2018-07-17 20:30:42'),(3,60,'2018-07-17 20:30:42','2018-07-17 20:31:12'),(3,63,'2018-07-17 20:24:56','2018-07-17 20:25:26'),(3,63,'2018-07-17 20:25:26','2018-07-17 20:25:56'),(3,63,'2018-07-17 20:25:56','2018-07-17 20:26:26'),(3,63,'2018-07-17 20:26:26','2018-07-17 20:26:56'),(3,63,'2018-07-17 20:26:56','2018-07-17 20:27:26'),(3,63,'2018-07-17 20:27:26','2018-07-17 20:27:56'),(3,63,'2018-07-17 20:27:56','2018-07-17 20:28:26'),(3,63,'2018-07-17 20:28:26','2018-07-17 20:28:56'),(3,63,'2018-07-17 20:28:56','2018-07-17 20:29:26'),(3,63,'2018-07-17 20:29:26','2018-07-17 20:29:56'),(3,63,'2018-07-17 20:29:56','2018-07-17 20:30:26'),(3,63,'2018-07-17 20:30:26','2018-07-17 20:30:56'),(3,68,'2018-07-17 20:28:20','2018-07-17 20:28:50'),(3,68,'2018-07-17 20:28:50','2018-07-17 20:29:20'),(3,68,'2018-07-17 20:29:20','2018-07-17 20:29:50'),(3,68,'2018-07-17 20:29:50','2018-07-17 20:30:20'),(3,68,'2018-07-17 20:30:20','2018-07-17 20:30:50'),(3,68,'2018-07-17 20:30:50','2018-07-17 20:31:20'),(3,69,'2018-07-17 20:28:19','2018-07-17 20:28:49'),(3,69,'2018-07-17 20:28:49','2018-07-17 20:29:19'),(3,69,'2018-07-17 20:29:19','2018-07-17 20:29:49'),(3,69,'2018-07-17 20:29:49','2018-07-17 20:30:19'),(3,69,'2018-07-17 20:30:19','2018-07-17 20:30:49'),(3,69,'2018-07-17 20:30:49','2018-07-17 20:31:19'),(3,75,'2018-07-17 20:38:53','2018-07-17 20:39:23'),(3,75,'2018-07-17 20:39:23','2018-07-17 20:39:53'),(3,75,'2018-07-17 20:39:53','2018-07-17 20:40:23'),(3,75,'2018-07-17 20:42:08','2018-07-17 20:42:38'),(3,75,'2018-07-17 20:42:38','2018-07-17 20:43:08'),(3,75,'2018-07-17 21:01:50','2018-07-17 21:02:20'),(3,75,'2018-07-17 21:02:20','2018-07-17 21:02:50'),(3,75,'2018-07-17 21:02:50','2018-07-17 21:03:20'),(3,75,'2018-07-17 21:03:20','2018-07-17 21:03:50'),(3,75,'2018-07-17 21:03:50','2018-07-17 21:04:20'),(3,75,'2018-07-17 21:04:20','2018-07-17 21:04:50'),(3,75,'2018-07-17 21:04:50','2018-07-17 21:05:20'),(3,75,'2018-07-17 21:05:20','2018-07-17 21:05:50'),(3,75,'2018-07-17 21:05:50','2018-07-17 21:06:20'),(3,75,'2018-07-17 21:06:20','2018-07-17 21:06:50'),(3,75,'2018-07-17 21:06:50','2018-07-17 21:07:20'),(3,75,'2018-07-17 21:07:20','2018-07-17 21:07:50'),(3,75,'2018-07-17 21:07:50','2018-07-17 21:08:20'),(3,75,'2018-07-17 21:08:20','2018-07-17 21:08:50'),(3,75,'2018-07-17 21:08:50','2018-07-17 21:09:20'),(3,75,'2018-07-17 21:09:20',NULL),(3,78,'2018-07-17 21:04:51','2018-07-17 21:05:21'),(3,78,'2018-07-17 21:05:21','2018-07-17 21:05:51'),(3,78,'2018-07-17 21:05:51','2018-07-17 21:06:21'),(3,78,'2018-07-17 21:06:21','2018-07-17 21:06:51'),(3,78,'2018-07-17 21:06:51','2018-07-17 21:07:21'),(3,78,'2018-07-17 21:07:21','2018-07-17 21:07:51'),(3,78,'2018-07-17 21:07:51','2018-07-17 21:08:21'),(3,78,'2018-07-17 21:08:21','2018-07-17 21:08:51'),(3,78,'2018-07-17 21:08:51','2018-07-17 21:09:21'),(3,78,'2018-07-17 21:09:21',NULL),(3,79,'2018-07-17 21:05:07','2018-07-17 21:05:37'),(3,79,'2018-07-17 21:05:37','2018-07-17 21:06:07'),(3,79,'2018-07-17 21:06:07','2018-07-17 21:06:37'),(3,79,'2018-07-17 21:06:37','2018-07-17 21:07:07'),(3,79,'2018-07-17 21:07:07','2018-07-17 21:07:37'),(3,79,'2018-07-17 21:07:37','2018-07-17 21:08:07'),(3,79,'2018-07-17 21:08:07','2018-07-17 21:08:37'),(3,79,'2018-07-17 21:08:37','2018-07-17 21:09:07'),(3,79,'2018-07-17 21:09:07','2018-07-17 21:09:37'),(3,79,'2018-07-17 21:09:37',NULL),(3,80,'2018-07-17 21:06:34','2018-07-17 21:07:04'),(3,80,'2018-07-17 21:07:04','2018-07-17 21:07:34'),(3,80,'2018-07-17 21:07:34','2018-07-17 21:08:04'),(3,80,'2018-07-17 21:08:04','2018-07-17 21:08:34'),(3,80,'2018-07-17 21:08:34','2018-07-17 21:09:04'),(3,80,'2018-07-17 21:09:04','2018-07-17 21:09:34'),(3,80,'2018-07-17 21:09:34',NULL),(3,81,'2018-07-17 21:08:07','2018-07-17 21:08:37'),(3,81,'2018-07-17 21:08:37','2018-07-17 21:09:07'),(3,81,'2018-07-17 21:09:07','2018-07-17 21:09:37'),(3,81,'2018-07-17 21:09:37',NULL),(3,82,'2018-07-17 21:08:06','2018-07-17 21:08:36'),(3,82,'2018-07-17 21:08:36','2018-07-17 21:09:06'),(3,82,'2018-07-17 21:09:06','2018-07-17 21:09:36'),(3,82,'2018-07-17 21:09:36',NULL),(3,83,'2018-07-23 16:05:47','2018-07-23 16:06:17'),(3,83,'2018-07-23 16:06:17','2018-07-23 16:06:47'),(3,83,'2018-07-23 16:06:47','2018-07-23 16:07:17'),(3,83,'2018-07-23 16:07:17','2018-07-23 16:07:47'),(3,83,'2018-07-23 16:09:56','2018-07-23 16:10:26'),(3,83,'2018-07-23 16:13:27','2018-07-23 16:13:57'),(3,83,'2018-07-23 16:13:57','2018-07-23 16:14:27'),(3,83,'2018-07-23 16:14:27','2018-07-23 16:14:57'),(3,83,'2018-07-23 16:14:57','2018-07-23 16:15:27'),(3,83,'2018-07-23 16:15:27','2018-07-23 16:15:57'),(3,83,'2018-07-23 16:15:57','2018-07-23 16:16:27'),(3,83,'2018-07-23 16:16:27','2018-07-23 16:16:57'),(3,83,'2018-07-23 16:16:57','2018-07-23 16:17:27'),(3,83,'2018-07-23 16:17:27','2018-07-23 16:17:57'),(3,83,'2018-07-23 16:17:57','2018-07-23 16:18:27'),(3,83,'2018-07-23 16:18:27','2018-07-23 16:18:57'),(3,83,'2018-07-23 16:18:57','2018-07-23 16:19:27'),(3,83,'2018-07-23 16:19:27','2018-07-23 16:19:57'),(3,83,'2018-07-23 16:19:57','2018-07-23 16:20:27'),(3,83,'2018-07-23 16:20:27','2018-07-23 16:20:57'),(3,83,'2018-07-23 16:20:57','2018-07-23 16:21:27'),(3,83,'2018-07-23 16:21:27','2018-07-23 16:21:57'),(3,83,'2018-07-23 16:21:57','2018-07-23 16:22:27'),(3,83,'2018-07-23 16:22:27','2018-07-23 16:22:57'),(3,83,'2018-07-23 16:22:57','2018-07-23 16:23:27'),(3,83,'2018-07-23 16:23:27','2018-07-23 16:23:57'),(3,83,'2018-07-23 16:23:57','2018-07-23 16:24:27'),(3,83,'2018-07-23 16:24:27','2018-07-23 16:24:57'),(3,83,'2018-07-23 16:24:57','2018-07-23 16:25:27'),(3,83,'2018-07-23 16:25:27','2018-07-23 16:25:57'),(3,83,'2018-07-23 16:25:57','2018-07-23 16:26:27'),(3,83,'2018-07-23 16:26:27','2018-07-23 16:26:57'),(3,83,'2018-07-23 16:26:57','2018-07-23 16:27:27'),(3,83,'2018-07-23 16:27:27','2018-07-23 16:27:57'),(3,83,'2018-07-23 16:27:57','2018-07-23 16:28:27'),(3,83,'2018-07-23 16:28:27','2018-07-23 16:28:57'),(3,83,'2018-07-23 16:28:57','2018-07-23 16:29:27'),(3,83,'2018-07-23 16:29:27','2018-07-23 16:29:57'),(3,83,'2018-07-23 16:29:57',NULL),(3,85,'2018-07-23 16:29:00','2018-07-23 16:29:30'),(3,85,'2018-07-23 16:29:30','2018-07-23 16:30:00'),(3,85,'2018-07-23 16:30:00',NULL),(3,86,'2018-07-23 16:49:24','2018-07-23 16:49:54'),(3,86,'2018-07-23 16:50:29','2018-07-23 16:50:59'),(3,86,'2018-07-23 16:50:59','2018-07-23 16:51:29'),(3,86,'2018-07-23 16:51:29','2018-07-23 16:51:59'),(3,86,'2018-07-23 16:57:00','2018-07-23 16:57:30'),(3,86,'2018-07-23 16:57:30','2018-07-23 16:58:00'),(3,86,'2018-07-23 16:59:21','2018-07-23 16:59:51'),(3,86,'2018-07-23 16:59:51','2018-07-23 17:00:21'),(3,86,'2018-07-23 17:14:56','2018-07-23 17:15:26'),(3,86,'2018-07-23 17:15:26','2018-07-23 17:15:56'),(3,93,'2018-07-23 17:24:45','2018-07-23 17:25:15'),(3,93,'2018-07-23 17:25:15','2018-07-23 17:25:45'),(3,103,'2018-08-03 17:36:49','2018-08-03 17:37:19'),(3,103,'2018-08-03 17:37:19','2018-08-03 17:37:49'),(3,103,'2018-08-03 17:37:49','2018-08-03 17:38:19'),(3,103,'2018-08-03 17:38:19','2018-08-03 17:38:49'),(3,103,'2018-08-03 17:38:49','2018-08-03 17:39:19'),(3,103,'2018-08-03 17:39:19','2018-08-03 17:39:49'),(3,103,'2018-08-03 17:39:49','2018-08-03 17:40:19'),(3,103,'2018-08-03 17:40:19','2018-08-03 17:40:49'),(3,103,'2018-08-03 17:40:49','2018-08-03 17:41:19'),(3,103,'2018-08-03 17:41:19','2018-08-03 17:41:49'),(3,103,'2018-08-03 17:41:49','2018-08-03 17:42:19'),(3,103,'2018-08-03 17:42:19','2018-08-03 17:42:49'),(3,103,'2018-08-03 17:42:49','2018-08-03 17:43:19'),(3,103,'2018-08-03 17:43:19','2018-08-03 17:43:49'),(3,103,'2018-08-03 17:43:49','2018-08-03 17:44:19'),(3,103,'2018-08-03 17:44:19','2018-08-03 17:44:49'),(3,103,'2018-08-03 17:44:49','2018-08-03 17:45:19'),(3,103,'2018-08-03 17:45:19','2018-08-03 17:45:49'),(3,103,'2018-08-03 17:45:49','2018-08-03 17:46:19'),(3,103,'2018-08-03 17:46:19','2018-08-03 17:46:49'),(3,103,'2018-08-03 17:46:49','2018-08-03 17:47:19'),(3,103,'2018-08-03 17:47:19','2018-08-03 17:47:49'),(3,103,'2018-08-03 17:47:49','2018-08-03 17:48:19'),(3,103,'2018-08-03 17:48:19','2018-08-03 17:48:49'),(3,103,'2018-08-03 17:48:49','2018-08-03 17:49:19'),(3,104,'2018-08-03 17:36:52','2018-08-03 17:37:22'),(3,104,'2018-08-03 17:37:22','2018-08-03 17:37:52'),(3,104,'2018-08-03 17:37:52','2018-08-03 17:38:22'),(3,104,'2018-08-03 17:38:22','2018-08-03 17:38:52'),(3,104,'2018-08-03 17:38:52','2018-08-03 17:39:22'),(3,104,'2018-08-03 17:39:22','2018-08-03 17:39:52'),(3,104,'2018-08-03 17:39:52','2018-08-03 17:40:22'),(3,104,'2018-08-03 17:40:22','2018-08-03 17:40:52'),(3,104,'2018-08-03 17:40:52','2018-08-03 17:41:22'),(3,104,'2018-08-03 17:41:22','2018-08-03 17:41:52'),(3,104,'2018-08-03 17:41:52','2018-08-03 17:42:22'),(3,104,'2018-08-03 17:42:22','2018-08-03 17:42:52'),(3,104,'2018-08-03 17:42:52','2018-08-03 17:43:22'),(3,104,'2018-08-03 17:43:22','2018-08-03 17:43:52'),(3,104,'2018-08-03 17:43:52','2018-08-03 17:44:22'),(3,104,'2018-08-03 17:44:22','2018-08-03 17:44:52'),(3,104,'2018-08-03 17:44:52','2018-08-03 17:45:22'),(3,104,'2018-08-03 17:45:22','2018-08-03 17:45:52'),(3,104,'2018-08-03 17:45:52','2018-08-03 17:46:22'),(3,104,'2018-08-03 17:46:22','2018-08-03 17:46:52'),(3,104,'2018-08-03 17:46:52','2018-08-03 17:47:22'),(3,104,'2018-08-03 17:47:22','2018-08-03 17:47:52'),(3,104,'2018-08-03 17:47:52','2018-08-03 17:48:22'),(3,104,'2018-08-03 17:48:22','2018-08-03 17:48:52'),(3,104,'2018-08-03 17:48:52','2018-08-03 17:49:22'),(3,105,'2018-08-03 17:36:57','2018-08-03 17:37:27'),(3,105,'2018-08-03 17:37:27','2018-08-03 17:37:57'),(3,105,'2018-08-03 17:37:57','2018-08-03 17:38:27'),(3,105,'2018-08-03 17:38:27','2018-08-03 17:38:57'),(3,105,'2018-08-03 17:38:57','2018-08-03 17:39:27'),(3,105,'2018-08-03 17:39:27','2018-08-03 17:39:57'),(3,105,'2018-08-03 17:39:57','2018-08-03 17:40:27'),(3,105,'2018-08-03 17:40:27','2018-08-03 17:40:57'),(3,105,'2018-08-03 17:40:57','2018-08-03 17:41:27'),(3,105,'2018-08-03 17:41:27','2018-08-03 17:41:57'),(3,105,'2018-08-03 17:41:57','2018-08-03 17:42:27'),(3,105,'2018-08-03 17:42:27','2018-08-03 17:42:57'),(3,105,'2018-08-03 17:42:57','2018-08-03 17:43:27'),(3,105,'2018-08-03 17:43:27','2018-08-03 17:43:57'),(3,105,'2018-08-03 17:43:57','2018-08-03 17:44:27'),(3,105,'2018-08-03 17:44:27','2018-08-03 17:44:57'),(3,105,'2018-08-03 17:44:57','2018-08-03 17:45:27'),(3,105,'2018-08-03 17:45:27','2018-08-03 17:45:57'),(3,105,'2018-08-03 17:45:57','2018-08-03 17:46:27'),(3,105,'2018-08-03 17:46:27','2018-08-03 17:46:57'),(3,105,'2018-08-03 17:46:57','2018-08-03 17:47:27'),(3,105,'2018-08-03 17:47:27','2018-08-03 17:47:57'),(3,105,'2018-08-03 17:47:57','2018-08-03 17:48:27'),(3,105,'2018-08-03 17:48:27','2018-08-03 17:48:57'),(3,105,'2018-08-03 17:48:57','2018-08-03 17:49:27'),(3,106,'2018-08-03 17:37:07','2018-08-03 17:37:37'),(3,106,'2018-08-03 17:37:37','2018-08-03 17:38:07'),(3,106,'2018-08-03 17:38:07','2018-08-03 17:38:37'),(3,106,'2018-08-03 17:38:37','2018-08-03 17:39:07'),(3,106,'2018-08-03 17:39:07','2018-08-03 17:39:37'),(3,106,'2018-08-03 17:39:37','2018-08-03 17:40:07'),(3,106,'2018-08-03 17:40:07','2018-08-03 17:40:37'),(3,106,'2018-08-03 17:40:37','2018-08-03 17:41:07'),(3,106,'2018-08-03 17:41:07','2018-08-03 17:41:37'),(3,106,'2018-08-03 17:41:37','2018-08-03 17:42:07'),(3,106,'2018-08-03 17:42:07','2018-08-03 17:42:37'),(3,106,'2018-08-03 17:42:37','2018-08-03 17:43:07'),(3,106,'2018-08-03 17:43:07','2018-08-03 17:43:37'),(3,106,'2018-08-03 17:43:37','2018-08-03 17:44:07'),(3,106,'2018-08-03 17:44:07','2018-08-03 17:44:37'),(3,106,'2018-08-03 17:44:37','2018-08-03 17:45:07'),(3,106,'2018-08-03 17:45:07','2018-08-03 17:45:37'),(3,106,'2018-08-03 17:45:37','2018-08-03 17:46:07'),(3,106,'2018-08-03 17:46:07','2018-08-03 17:46:37'),(3,106,'2018-08-03 17:46:37','2018-08-03 17:47:07'),(3,106,'2018-08-03 17:47:07','2018-08-03 17:47:37'),(3,106,'2018-08-03 17:47:37','2018-08-03 17:48:07'),(3,106,'2018-08-03 17:48:07','2018-08-03 17:48:37'),(3,106,'2018-08-03 17:48:37','2018-08-03 17:49:07'),(3,106,'2018-08-03 17:49:07','2018-08-03 17:49:37'),(3,137,'2018-08-03 20:07:53','2018-08-03 20:08:23'),(3,137,'2018-08-03 20:08:23','2018-08-03 20:08:53'),(3,137,'2018-08-03 20:08:53','2018-08-03 20:09:23'),(3,137,'2018-08-03 20:09:23','2018-08-03 20:09:53'),(3,137,'2018-08-03 20:09:53','2018-08-03 20:10:23'),(3,137,'2018-08-03 20:10:23','2018-08-03 20:10:53'),(3,137,'2018-08-03 20:10:53','2018-08-03 20:11:23'),(3,137,'2018-08-03 20:11:23','2018-08-03 20:11:53'),(3,137,'2018-08-03 20:11:53','2018-08-03 20:12:23'),(3,137,'2018-08-03 20:12:23','2018-08-03 20:12:53'),(3,137,'2018-08-03 20:12:53','2018-08-03 20:13:23'),(3,137,'2018-08-03 20:13:23','2018-08-03 20:13:53'),(3,137,'2018-08-03 20:13:53','2018-08-03 20:14:23'),(3,137,'2018-08-03 20:14:23','2018-08-03 20:14:53'),(3,137,'2018-08-03 20:14:53','2018-08-03 20:15:23'),(3,137,'2018-08-03 20:15:23','2018-08-03 20:15:53'),(3,137,'2018-08-03 20:15:53','2018-08-03 20:16:23'),(3,137,'2018-08-03 20:16:23','2018-08-03 20:16:53'),(3,137,'2018-08-03 20:16:53','2018-08-03 20:17:23'),(3,137,'2018-08-03 20:17:23','2018-08-03 20:17:53'),(3,137,'2018-08-03 20:17:53','2018-08-03 20:18:23'),(3,137,'2018-08-03 20:18:23','2018-08-03 20:18:53'),(3,137,'2018-08-03 20:18:53','2018-08-03 20:19:23'),(3,137,'2018-08-03 20:19:23','2018-08-03 20:19:53'),(3,137,'2018-08-03 20:19:53','2018-08-03 20:20:23'),(3,137,'2018-08-03 20:20:23','2018-08-03 20:20:53'),(3,137,'2018-08-03 20:20:53','2018-08-03 20:21:23'),(3,137,'2018-08-03 20:21:23','2018-08-03 20:21:53'),(3,137,'2018-08-03 20:21:53','2018-08-03 20:22:23'),(3,137,'2018-08-03 20:22:23','2018-08-03 20:22:53'),(3,137,'2018-08-03 20:22:53','2018-08-03 20:23:23'),(3,137,'2018-08-03 20:23:23','2018-08-03 20:23:53'),(3,137,'2018-08-03 20:23:53','2018-08-03 20:24:23'),(3,137,'2018-08-03 20:24:23','2018-08-03 20:24:53'),(3,137,'2018-08-03 20:24:53','2018-08-03 20:25:23'),(3,137,'2018-08-03 20:25:23','2018-08-03 20:25:53'),(3,137,'2018-08-03 20:25:53','2018-08-03 20:26:23'),(3,137,'2018-08-03 20:26:23','2018-08-03 20:26:53'),(3,137,'2018-08-03 20:26:53','2018-08-03 20:27:23'),(3,137,'2018-08-03 20:27:23','2018-08-03 20:27:53'),(3,137,'2018-08-03 20:27:53','2018-08-03 20:28:23'),(3,137,'2018-08-03 20:28:23','2018-08-03 20:28:53'),(3,137,'2018-08-03 20:28:53','2018-08-03 20:29:23'),(3,137,'2018-08-03 20:29:23','2018-08-03 20:29:53'),(3,137,'2018-08-03 20:29:53','2018-08-03 20:30:23'),(3,137,'2018-08-03 20:30:23','2018-08-03 20:30:53'),(3,137,'2018-08-03 20:30:53','2018-08-03 20:31:23'),(3,137,'2018-08-03 20:31:23','2018-08-03 20:31:53'),(3,137,'2018-08-03 20:31:53','2018-08-03 20:32:23'),(3,137,'2018-08-03 20:32:23','2018-08-03 20:32:53'),(3,137,'2018-08-03 20:32:53','2018-08-03 20:33:23'),(3,137,'2018-08-03 20:33:23','2018-08-03 20:33:53'),(3,137,'2018-08-03 20:33:53','2018-08-03 20:34:23'),(3,137,'2018-08-03 20:34:23','2018-08-03 20:34:53'),(3,137,'2018-08-03 20:34:53','2018-08-03 20:35:23'),(3,137,'2018-08-03 20:35:23','2018-08-03 20:35:53'),(3,137,'2018-08-03 20:35:53','2018-08-03 20:36:23'),(3,137,'2018-08-03 20:36:23','2018-08-03 20:36:53'),(3,137,'2018-08-03 20:36:53','2018-08-03 20:37:23'),(3,137,'2018-08-03 20:37:23','2018-08-03 20:37:53'),(3,137,'2018-08-03 20:37:53','2018-08-03 20:38:23'),(3,137,'2018-08-03 20:38:23','2018-08-03 20:38:53'),(3,137,'2018-08-03 20:38:53','2018-08-03 20:39:23'),(3,137,'2018-08-03 20:39:23','2018-08-03 20:39:53'),(3,137,'2018-08-03 20:39:53','2018-08-03 20:40:23'),(3,137,'2018-08-03 20:40:23','2018-08-03 20:40:53'),(3,137,'2018-08-03 20:40:53','2018-08-03 20:41:23'),(3,137,'2018-08-03 20:41:23','2018-08-03 20:41:53'),(3,137,'2018-08-03 20:41:53','2018-08-03 20:42:23'),(3,137,'2018-08-03 20:42:23','2018-08-03 20:42:53'),(3,137,'2018-08-03 20:42:53','2018-08-03 20:43:23'),(3,137,'2018-08-03 20:43:23','2018-08-03 20:43:53'),(3,137,'2018-08-03 20:43:53','2018-08-03 20:44:23'),(3,137,'2018-08-03 20:44:23','2018-08-03 20:44:53'),(3,137,'2018-08-03 20:44:53','2018-08-03 20:45:23'),(3,137,'2018-08-03 20:45:23','2018-08-03 20:45:53'),(3,137,'2018-08-03 20:45:53','2018-08-03 20:46:23'),(3,137,'2018-08-03 20:46:23','2018-08-03 20:46:53'),(3,137,'2018-08-03 20:46:53','2018-08-03 20:47:23'),(3,137,'2018-08-03 20:47:23','2018-08-03 20:47:53'),(3,137,'2018-08-03 20:47:53','2018-08-03 20:48:23'),(3,137,'2018-08-03 20:48:23','2018-08-03 20:48:53'),(3,138,'2018-08-03 20:43:56','2018-08-03 20:44:26'),(3,138,'2018-08-03 20:44:26','2018-08-03 20:44:56'),(3,138,'2018-08-03 20:44:56','2018-08-03 20:45:26'),(3,138,'2018-08-03 20:45:26','2018-08-03 20:45:56'),(3,138,'2018-08-03 20:45:56','2018-08-03 20:46:26'),(3,138,'2018-08-03 20:46:26','2018-08-03 20:46:56'),(3,138,'2018-08-03 20:46:56','2018-08-03 20:47:26'),(3,138,'2018-08-03 20:47:26','2018-08-03 20:47:56'),(3,138,'2018-08-03 20:47:56','2018-08-03 20:48:26'),(3,139,'2018-08-03 20:44:02','2018-08-03 20:44:32'),(3,139,'2018-08-03 20:44:32','2018-08-03 20:45:02'),(3,139,'2018-08-03 20:45:02','2018-08-03 20:45:32'),(3,139,'2018-08-03 20:45:32','2018-08-03 20:46:02'),(3,139,'2018-08-03 20:46:02','2018-08-03 20:46:32'),(3,139,'2018-08-03 20:46:32','2018-08-03 20:47:02'),(3,139,'2018-08-03 20:47:02','2018-08-03 20:47:32'),(3,139,'2018-08-03 20:47:32','2018-08-03 20:48:02'),(3,139,'2018-08-03 20:48:02','2018-08-03 20:48:32'),(3,147,'2018-08-05 12:54:40','2018-08-05 12:55:10'),(3,147,'2018-08-05 12:55:10','2018-08-05 12:55:40'),(3,147,'2018-08-05 12:55:40','2018-08-05 12:56:10'),(3,147,'2018-08-05 12:56:10','2018-08-05 12:56:40'),(3,147,'2018-08-05 12:56:40','2018-08-05 12:57:10'),(3,147,'2018-08-05 12:57:10','2018-08-05 12:57:40'),(3,147,'2018-08-05 12:57:40','2018-08-05 12:58:10'),(3,147,'2018-08-05 12:58:10','2018-08-05 12:58:40'),(3,147,'2018-08-05 12:58:40','2018-08-05 12:59:10'),(3,147,'2018-08-05 12:59:10','2018-08-05 12:59:40'),(3,147,'2018-08-05 12:59:40','2018-08-05 13:00:10'),(3,147,'2018-08-05 13:00:10','2018-08-05 13:00:40'),(3,147,'2018-08-05 13:00:40','2018-08-05 13:01:10'),(3,147,'2018-08-05 13:01:10','2018-08-05 13:01:40'),(3,147,'2018-08-05 13:01:40','2018-08-05 13:02:10'),(3,147,'2018-08-05 13:02:10','2018-08-05 13:02:40'),(3,147,'2018-08-05 13:02:40','2018-08-05 13:03:10'),(3,147,'2018-08-05 13:03:10','2018-08-05 13:03:40'),(3,147,'2018-08-05 13:03:40','2018-08-05 13:04:10'),(3,147,'2018-08-05 13:04:10','2018-08-05 13:04:40'),(3,147,'2018-08-05 13:04:40','2018-08-05 13:05:10'),(3,147,'2018-08-05 13:05:10','2018-08-05 13:05:40'),(3,147,'2018-08-05 13:05:40','2018-08-05 13:06:10'),(3,147,'2018-08-05 13:06:10','2018-08-05 13:06:40'),(3,147,'2018-08-05 13:06:40','2018-08-05 13:07:10'),(3,147,'2018-08-05 13:07:10','2018-08-05 13:07:40'),(3,147,'2018-08-05 13:07:40','2018-08-05 13:08:10'),(3,147,'2018-08-05 13:08:10','2018-08-05 13:08:40'),(3,147,'2018-08-05 13:08:40','2018-08-05 13:09:10'),(3,147,'2018-08-05 13:09:10','2018-08-05 13:09:40'),(3,147,'2018-08-05 13:09:40','2018-08-05 13:10:10'),(3,147,'2018-08-05 13:10:10','2018-08-05 13:10:40'),(3,147,'2018-08-05 13:10:40','2018-08-05 13:11:10'),(3,147,'2018-08-05 13:11:10','2018-08-05 13:11:40'),(3,147,'2018-08-05 13:11:40','2018-08-05 13:12:10'),(3,147,'2018-08-05 13:12:10','2018-08-05 13:12:40'),(3,147,'2018-08-05 13:12:40','2018-08-05 13:13:10'),(3,147,'2018-08-05 13:13:10','2018-08-05 13:13:40'),(3,147,'2018-08-05 13:13:40','2018-08-05 13:14:10'),(3,147,'2018-08-05 13:14:10','2018-08-05 13:14:40'),(3,147,'2018-08-05 13:14:40','2018-08-05 13:15:10'),(3,147,'2018-08-05 13:15:10','2018-08-05 13:15:40'),(3,147,'2018-08-05 13:15:40','2018-08-05 13:16:10'),(3,147,'2018-08-05 13:16:10','2018-08-05 13:16:40'),(3,147,'2018-08-05 13:16:40','2018-08-05 13:17:10'),(3,147,'2018-08-05 13:17:10','2018-08-05 13:17:40'),(3,147,'2018-08-05 13:17:40','2018-08-05 13:18:10'),(3,147,'2018-08-05 13:18:10','2018-08-05 13:18:40'),(3,147,'2018-08-05 13:18:40','2018-08-05 13:19:10'),(3,147,'2018-08-05 13:19:10','2018-08-05 13:19:40'),(3,147,'2018-08-05 13:19:40','2018-08-05 13:20:10'),(3,147,'2018-08-05 13:20:10','2018-08-05 13:20:40'),(3,147,'2018-08-05 13:20:40','2018-08-05 13:21:10'),(3,147,'2018-08-05 13:21:10','2018-08-05 13:21:40'),(3,147,'2018-08-05 13:21:40','2018-08-05 13:22:10'),(3,147,'2018-08-05 13:22:10','2018-08-05 13:22:40'),(3,147,'2018-08-05 13:22:40','2018-08-05 13:23:10'),(3,147,'2018-08-05 13:23:10','2018-08-05 13:23:40'),(3,147,'2018-08-05 13:23:40','2018-08-05 13:24:10'),(3,147,'2018-08-05 13:24:10','2018-08-05 13:24:40'),(3,147,'2018-08-05 13:24:40','2018-08-05 13:25:10'),(3,147,'2018-08-05 13:25:10','2018-08-05 13:25:40'),(3,147,'2018-08-05 13:25:40','2018-08-05 13:26:10'),(3,147,'2018-08-05 13:26:10','2018-08-05 13:26:40'),(3,147,'2018-08-05 13:26:40','2018-08-05 13:27:10'),(3,147,'2018-08-05 13:27:10','2018-08-05 13:27:40'),(3,147,'2018-08-05 13:27:40','2018-08-05 13:28:10'),(3,147,'2018-08-05 13:28:10','2018-08-05 13:28:40'),(3,147,'2018-08-05 13:28:40','2018-08-05 13:29:10'),(3,147,'2018-08-05 13:29:10','2018-08-05 13:29:40'),(3,147,'2018-08-05 13:29:40','2018-08-05 13:30:10'),(3,147,'2018-08-05 13:30:10','2018-08-05 13:30:40'),(3,147,'2018-08-05 13:30:40','2018-08-05 13:31:10'),(3,147,'2018-08-05 13:31:10','2018-08-05 13:31:40'),(3,147,'2018-08-05 13:31:40','2018-08-05 13:32:10'),(3,147,'2018-08-05 13:32:10','2018-08-05 13:32:40'),(3,147,'2018-08-05 13:32:40','2018-08-05 13:33:10'),(3,147,'2018-08-05 13:33:10','2018-08-05 13:33:40'),(3,147,'2018-08-05 13:33:40','2018-08-05 13:34:10'),(3,147,'2018-08-05 13:34:10','2018-08-05 13:34:40'),(3,147,'2018-08-05 13:34:40','2018-08-05 13:35:10'),(3,147,'2018-08-05 13:35:10','2018-08-05 13:35:40'),(3,147,'2018-08-05 13:35:40','2018-08-05 13:36:10'),(3,147,'2018-08-05 13:36:10','2018-08-05 13:36:40'),(3,147,'2018-08-05 13:36:40','2018-08-05 13:37:10'),(3,147,'2018-08-05 13:37:10','2018-08-05 13:37:40'),(3,147,'2018-08-05 13:37:40','2018-08-05 13:38:10'),(3,147,'2018-08-05 13:38:10','2018-08-05 13:38:40'),(3,147,'2018-08-05 13:38:40','2018-08-05 13:39:10'),(3,147,'2018-08-05 13:39:10','2018-08-05 13:39:40'),(3,147,'2018-08-05 13:39:40','2018-08-05 13:40:10'),(3,147,'2018-08-05 13:40:10','2018-08-05 13:40:40'),(3,147,'2018-08-05 13:40:40','2018-08-05 13:41:10'),(3,147,'2018-08-05 13:41:10','2018-08-05 13:41:40'),(3,147,'2018-08-05 13:41:40','2018-08-05 13:42:10'),(3,147,'2018-08-05 13:42:10','2018-08-05 13:42:40'),(3,147,'2018-08-05 13:42:40','2018-08-05 13:43:10'),(3,147,'2018-08-05 13:43:10','2018-08-05 13:43:40'),(3,147,'2018-08-05 13:43:40','2018-08-05 13:44:10'),(3,147,'2018-08-05 13:44:10','2018-08-05 13:44:40'),(3,147,'2018-08-05 13:44:40','2018-08-05 13:45:10'),(3,147,'2018-08-05 13:45:10','2018-08-05 13:45:40'),(3,147,'2018-08-05 13:45:40','2018-08-05 13:46:10'),(3,147,'2018-08-05 13:46:10','2018-08-05 13:46:40'),(3,147,'2018-08-05 13:46:40','2018-08-05 13:47:10'),(3,147,'2018-08-05 13:47:10','2018-08-05 13:47:40'),(3,147,'2018-08-05 13:47:40','2018-08-05 13:48:10'),(3,147,'2018-08-05 13:48:10','2018-08-05 13:48:40'),(3,147,'2018-08-05 13:48:40','2018-08-05 13:49:10'),(3,147,'2018-08-05 13:49:10','2018-08-05 13:49:40'),(3,147,'2018-08-05 13:49:40','2018-08-05 13:50:10'),(3,147,'2018-08-05 13:50:10','2018-08-05 13:50:40'),(3,147,'2018-08-05 13:50:40','2018-08-05 13:51:10'),(3,147,'2018-08-05 13:51:10','2018-08-05 13:51:40'),(3,147,'2018-08-05 13:51:40','2018-08-05 13:52:10'),(3,147,'2018-08-05 13:52:10','2018-08-05 13:52:40'),(3,147,'2018-08-05 13:52:40','2018-08-05 13:53:10'),(3,147,'2018-08-05 13:53:10','2018-08-05 13:53:40'),(3,147,'2018-08-05 13:53:40','2018-08-05 13:54:10'),(3,147,'2018-08-05 13:54:10','2018-08-05 13:54:40'),(3,153,'2018-09-06 17:44:09','2018-09-06 17:44:39'),(3,153,'2018-09-06 17:44:39','2018-09-06 17:45:09'),(3,153,'2018-09-06 17:45:09','2018-09-06 17:45:39'),(3,153,'2018-09-06 17:45:39','2018-09-06 17:46:09'),(3,153,'2018-09-06 17:46:09','2018-09-06 17:46:39'),(3,153,'2018-09-06 17:46:39','2018-09-06 17:47:09'),(3,153,'2018-09-06 17:47:09','2018-09-06 17:47:39'),(3,153,'2018-09-06 17:47:39','2018-09-06 17:48:09'),(3,153,'2018-09-06 17:48:09','2018-09-06 17:48:39'),(3,153,'2018-09-06 17:48:39','2018-09-06 17:49:09'),(3,153,'2018-09-06 17:49:09','2018-09-06 17:49:39'),(3,153,'2018-09-06 17:49:39','2018-09-06 17:50:09'),(3,153,'2018-09-06 17:50:09','2018-09-06 17:50:39'),(3,153,'2018-09-06 17:50:39','2018-09-06 17:51:09'),(3,153,'2018-09-06 17:51:09','2018-09-06 17:51:39'),(3,153,'2018-09-06 17:51:39','2018-09-06 17:52:09'),(3,153,'2018-09-06 17:52:09','2018-09-06 17:52:39'),(3,153,'2018-09-06 17:52:39','2018-09-06 17:53:09'),(3,153,'2018-09-06 17:53:09','2018-09-06 17:53:39'),(3,153,'2018-09-06 17:53:39','2018-09-06 17:54:09'),(3,153,'2018-09-06 17:54:09','2018-09-06 17:54:39'),(3,153,'2018-09-06 17:54:39','2018-09-06 17:55:09'),(3,153,'2018-09-06 17:55:09','2018-09-06 17:55:39'),(3,153,'2018-09-06 17:55:39','2018-09-06 17:56:09'),(3,153,'2018-09-06 17:56:09','2018-09-06 17:56:39'),(3,153,'2018-09-06 17:56:39','2018-09-06 17:57:09'),(3,153,'2018-09-06 17:57:09','2018-09-06 17:57:39'),(3,153,'2018-09-06 17:57:39','2018-09-06 17:58:09'),(3,153,'2018-09-06 17:58:09','2018-09-06 17:58:39'),(3,154,'2018-09-06 17:44:24','2018-09-06 17:44:54'),(3,154,'2018-09-06 17:44:54','2018-09-06 17:45:24'),(3,154,'2018-09-06 17:45:24','2018-09-06 17:45:54'),(3,154,'2018-09-06 17:45:54','2018-09-06 17:46:24'),(3,154,'2018-09-06 17:46:24','2018-09-06 17:46:54'),(3,154,'2018-09-06 17:46:54','2018-09-06 17:47:24'),(3,154,'2018-09-06 17:47:24','2018-09-06 17:47:54'),(3,154,'2018-09-06 17:47:54','2018-09-06 17:48:24'),(3,154,'2018-09-06 17:48:24','2018-09-06 17:48:54'),(3,154,'2018-09-06 17:48:54','2018-09-06 17:49:24'),(3,154,'2018-09-06 17:49:24','2018-09-06 17:49:54'),(3,154,'2018-09-06 17:49:54','2018-09-06 17:50:24'),(3,154,'2018-09-06 17:50:24','2018-09-06 17:50:54'),(3,154,'2018-09-06 17:50:54','2018-09-06 17:51:24'),(3,154,'2018-09-06 17:51:24','2018-09-06 17:51:54'),(3,154,'2018-09-06 17:51:54','2018-09-06 17:52:24'),(3,154,'2018-09-06 17:52:24','2018-09-06 17:52:54'),(3,154,'2018-09-06 17:52:54','2018-09-06 17:53:24'),(3,154,'2018-09-06 17:53:24','2018-09-06 17:53:54'),(3,154,'2018-09-06 17:53:54','2018-09-06 17:54:24'),(3,154,'2018-09-06 17:54:24','2018-09-06 17:54:54'),(3,154,'2018-09-06 17:54:54','2018-09-06 17:55:24'),(3,154,'2018-09-06 17:55:24','2018-09-06 17:55:54'),(3,154,'2018-09-06 17:55:54','2018-09-06 17:56:24'),(3,154,'2018-09-06 17:56:24','2018-09-06 17:56:54'),(3,154,'2018-09-06 17:56:54','2018-09-06 17:57:24'),(3,154,'2018-09-06 17:57:24','2018-09-06 17:57:54'),(3,154,'2018-09-06 17:57:54','2018-09-06 17:58:24'),(3,154,'2018-09-06 17:58:24','2018-09-06 17:58:54'),(3,155,'2018-09-06 17:44:28','2018-09-06 17:44:58'),(3,155,'2018-09-06 17:44:58','2018-09-06 17:45:28'),(3,155,'2018-09-06 17:45:28','2018-09-06 17:45:58'),(3,155,'2018-09-06 17:45:58','2018-09-06 17:46:28'),(3,155,'2018-09-06 17:46:28','2018-09-06 17:46:58'),(3,155,'2018-09-06 17:46:58','2018-09-06 17:47:28'),(3,155,'2018-09-06 17:47:28','2018-09-06 17:47:58'),(3,155,'2018-09-06 17:47:58','2018-09-06 17:48:28'),(3,155,'2018-09-06 17:48:28','2018-09-06 17:48:58'),(3,155,'2018-09-06 17:48:58','2018-09-06 17:49:28'),(3,155,'2018-09-06 17:49:28','2018-09-06 17:49:58'),(3,155,'2018-09-06 17:49:58','2018-09-06 17:50:28'),(3,155,'2018-09-06 17:50:28','2018-09-06 17:50:58'),(3,155,'2018-09-06 17:50:57','2018-09-06 17:51:27'),(3,155,'2018-09-06 17:51:27','2018-09-06 17:51:57'),(3,155,'2018-09-06 17:51:57','2018-09-06 17:52:27'),(3,155,'2018-09-06 17:52:27','2018-09-06 17:52:57'),(3,155,'2018-09-06 17:52:57','2018-09-06 17:53:27'),(3,155,'2018-09-06 17:53:27','2018-09-06 17:53:57'),(3,155,'2018-09-06 17:53:57','2018-09-06 17:54:27'),(3,155,'2018-09-06 17:54:27','2018-09-06 17:54:57'),(3,155,'2018-09-06 17:54:57','2018-09-06 17:55:27'),(3,155,'2018-09-06 17:55:27','2018-09-06 17:55:57'),(3,155,'2018-09-06 17:55:57','2018-09-06 17:56:27'),(3,155,'2018-09-06 17:56:27','2018-09-06 17:56:57'),(3,155,'2018-09-06 17:56:57','2018-09-06 17:57:27'),(3,155,'2018-09-06 17:57:27','2018-09-06 17:57:57'),(3,155,'2018-09-06 17:57:57','2018-09-06 17:58:27'),(3,156,'2018-09-06 17:51:26','2018-09-06 17:51:56'),(3,156,'2018-09-06 17:51:56','2018-09-06 17:52:26'),(3,156,'2018-09-06 17:52:26','2018-09-06 17:52:56'),(3,156,'2018-09-06 17:52:56','2018-09-06 17:53:26'),(3,156,'2018-09-06 17:53:26','2018-09-06 17:53:56'),(3,156,'2018-09-06 17:53:56','2018-09-06 17:54:26'),(3,156,'2018-09-06 17:54:26','2018-09-06 17:54:56'),(3,156,'2018-09-06 17:54:56','2018-09-06 17:55:26'),(3,156,'2018-09-06 17:55:26','2018-09-06 17:55:56'),(3,156,'2018-09-06 17:55:56','2018-09-06 17:56:26'),(3,156,'2018-09-06 17:56:26','2018-09-06 17:56:56'),(3,156,'2018-09-06 17:56:56','2018-09-06 17:57:26'),(3,156,'2018-09-06 17:57:26','2018-09-06 17:57:56'),(3,156,'2018-09-06 17:57:56','2018-09-06 17:58:26'),(3,159,'2018-09-06 18:03:58','2018-09-06 18:04:28'),(3,159,'2018-09-06 18:04:28','2018-09-06 18:04:58'),(3,159,'2018-09-06 18:13:28','2018-09-06 18:13:58'),(3,159,'2018-09-06 18:13:58','2018-09-06 18:14:28'),(3,159,'2018-09-06 18:14:28','2018-09-06 18:14:58'),(3,159,'2018-09-06 18:14:58','2018-09-06 18:15:28'),(3,159,'2018-09-06 18:15:28','2018-09-06 18:15:58'),(3,159,'2018-09-06 18:15:58','2018-09-06 18:16:28'),(3,159,'2018-09-06 18:16:28','2018-09-06 18:16:58'),(3,159,'2018-09-06 18:16:58','2018-09-06 18:17:28'),(3,159,'2018-09-06 18:17:28','2018-09-06 18:17:58'),(3,159,'2018-09-06 18:17:58','2018-09-06 18:18:28'),(3,159,'2018-09-06 18:18:28','2018-09-06 18:18:58'),(3,159,'2018-09-06 18:18:58','2018-09-06 18:19:28'),(3,159,'2018-09-06 18:19:28','2018-09-06 18:19:58'),(3,159,'2018-09-06 18:19:58','2018-09-06 18:20:28'),(3,159,'2018-09-06 18:20:28','2018-09-06 18:20:58'),(3,159,'2018-09-06 18:20:58','2018-09-06 18:21:28'),(3,159,'2018-09-06 18:21:28','2018-09-06 18:21:58'),(3,159,'2018-09-06 18:21:58','2018-09-06 18:22:28'),(3,159,'2018-09-06 18:22:28','2018-09-06 18:22:58'),(3,159,'2018-09-06 18:22:58','2018-09-06 18:23:28'),(3,159,'2018-09-06 18:23:28','2018-09-06 18:23:58'),(3,159,'2018-09-06 18:23:58','2018-09-06 18:24:28'),(3,159,'2018-09-06 18:24:28','2018-09-06 18:24:58'),(3,159,'2018-09-06 18:24:58','2018-09-06 18:25:28'),(3,159,'2018-09-06 18:25:28','2018-09-06 18:25:58'),(3,159,'2018-09-06 18:25:58','2018-09-06 18:26:28'),(3,159,'2018-09-06 18:26:28','2018-09-06 18:26:58'),(3,159,'2018-09-06 18:26:58','2018-09-06 18:27:28'),(3,159,'2018-09-06 18:27:28','2018-09-06 18:27:58'),(3,159,'2018-09-06 18:27:58','2018-09-06 18:28:28'),(3,159,'2018-09-06 18:28:28','2018-09-06 18:28:58'),(3,159,'2018-09-06 18:28:58','2018-09-06 18:29:28'),(3,159,'2018-09-06 18:29:28','2018-09-06 18:29:58'),(3,159,'2018-09-06 18:29:58','2018-09-06 18:30:28'),(3,159,'2018-09-06 18:30:28','2018-09-06 18:30:58'),(3,159,'2018-09-06 18:30:58','2018-09-06 18:31:28'),(3,159,'2018-09-06 18:31:28','2018-09-06 18:31:58'),(3,159,'2018-09-06 18:31:58','2018-09-06 18:32:28'),(3,159,'2018-09-06 18:32:28','2018-09-06 18:32:58'),(3,159,'2018-09-06 18:32:58','2018-09-06 18:33:28'),(3,159,'2018-09-06 18:33:28','2018-09-06 18:33:58'),(3,159,'2018-09-06 18:33:58','2018-09-06 18:34:28'),(3,159,'2018-09-06 18:34:28','2018-09-06 18:34:58'),(3,159,'2018-09-06 18:34:58','2018-09-06 18:35:28'),(3,159,'2018-09-06 18:35:28','2018-09-06 18:35:58'),(3,159,'2018-09-06 18:35:58','2018-09-06 18:36:28'),(3,159,'2018-09-06 18:36:28','2018-09-06 18:36:58'),(3,159,'2018-09-06 18:36:58','2018-09-06 18:37:28'),(3,159,'2018-09-06 18:37:28','2018-09-06 18:37:58'),(3,160,'2018-09-06 18:13:38','2018-09-06 18:14:08'),(3,160,'2018-09-06 18:14:08','2018-09-06 18:14:38'),(3,160,'2018-09-06 18:14:38','2018-09-06 18:15:08'),(3,160,'2018-09-06 18:15:08','2018-09-06 18:15:38'),(3,160,'2018-09-06 18:15:38','2018-09-06 18:16:08'),(3,160,'2018-09-06 18:16:08','2018-09-06 18:16:38'),(3,160,'2018-09-06 18:16:38','2018-09-06 18:17:08'),(3,160,'2018-09-06 18:17:08','2018-09-06 18:17:38'),(3,160,'2018-09-06 18:17:38','2018-09-06 18:18:08'),(3,160,'2018-09-06 18:18:08','2018-09-06 18:18:38'),(3,160,'2018-09-06 18:18:38','2018-09-06 18:19:08'),(3,160,'2018-09-06 18:19:08','2018-09-06 18:19:38'),(3,160,'2018-09-06 18:19:38','2018-09-06 18:20:08'),(3,160,'2018-09-06 18:20:08','2018-09-06 18:20:38'),(3,160,'2018-09-06 18:20:38','2018-09-06 18:21:08'),(3,160,'2018-09-06 18:21:08','2018-09-06 18:21:38'),(3,160,'2018-09-06 18:21:38','2018-09-06 18:22:08'),(3,160,'2018-09-06 18:22:08','2018-09-06 18:22:38'),(3,160,'2018-09-06 18:22:38','2018-09-06 18:23:08'),(3,160,'2018-09-06 18:23:08','2018-09-06 18:23:38'),(3,160,'2018-09-06 18:23:38','2018-09-06 18:24:08'),(3,160,'2018-09-06 18:24:08','2018-09-06 18:24:38'),(3,160,'2018-09-06 18:24:38','2018-09-06 18:25:08'),(3,160,'2018-09-06 18:25:08','2018-09-06 18:25:38'),(3,160,'2018-09-06 18:25:38','2018-09-06 18:26:08'),(3,160,'2018-09-06 18:26:08','2018-09-06 18:26:38'),(3,160,'2018-09-06 18:26:38','2018-09-06 18:27:08'),(3,160,'2018-09-06 18:27:08','2018-09-06 18:27:38'),(3,160,'2018-09-06 18:27:38','2018-09-06 18:28:08'),(3,160,'2018-09-06 18:28:08','2018-09-06 18:28:38'),(3,160,'2018-09-06 18:28:38','2018-09-06 18:29:08'),(3,160,'2018-09-06 18:29:08','2018-09-06 18:29:38'),(3,160,'2018-09-06 18:29:38','2018-09-06 18:30:08'),(3,160,'2018-09-06 18:30:08','2018-09-06 18:30:38'),(3,160,'2018-09-06 18:30:38','2018-09-06 18:31:08'),(3,160,'2018-09-06 18:31:08','2018-09-06 18:31:38'),(3,160,'2018-09-06 18:31:38','2018-09-06 18:32:08'),(3,160,'2018-09-06 18:32:08','2018-09-06 18:32:38'),(3,160,'2018-09-06 18:32:38','2018-09-06 18:33:08'),(3,160,'2018-09-06 18:33:08','2018-09-06 18:33:38'),(3,160,'2018-09-06 18:33:38','2018-09-06 18:34:08'),(3,160,'2018-09-06 18:34:08','2018-09-06 18:34:38'),(3,160,'2018-09-06 18:34:38','2018-09-06 18:35:08'),(3,160,'2018-09-06 18:35:08','2018-09-06 18:35:38'),(3,160,'2018-09-06 18:35:38','2018-09-06 18:36:08'),(3,160,'2018-09-06 18:36:08','2018-09-06 18:36:38'),(3,160,'2018-09-06 18:36:38','2018-09-06 18:37:08'),(3,160,'2018-09-06 18:37:08','2018-09-06 18:37:38'),(3,160,'2018-09-06 18:37:38','2018-09-06 18:38:08'),(3,164,'2018-09-06 18:39:34','2018-09-06 18:40:04'),(3,164,'2018-09-06 18:40:04','2018-09-06 18:40:34'),(3,164,'2018-09-06 18:40:34','2018-09-06 18:41:04'),(3,164,'2018-09-06 18:41:04','2018-09-06 18:41:34'),(3,164,'2018-09-06 18:41:34','2018-09-06 18:42:04'),(3,164,'2018-09-06 18:42:04','2018-09-06 18:42:34'),(3,164,'2018-09-06 18:42:34','2018-09-06 18:43:04'),(3,164,'2018-09-06 18:43:04','2018-09-06 18:43:34'),(3,164,'2018-09-06 18:43:34','2018-09-06 18:44:04'),(3,164,'2018-09-06 18:44:04','2018-09-06 18:44:34'),(3,164,'2018-09-06 18:44:34','2018-09-06 18:45:04'),(3,164,'2018-09-06 18:45:04','2018-09-06 18:45:34'),(3,164,'2018-09-06 18:45:34','2018-09-06 18:46:04'),(3,164,'2018-09-06 18:46:04','2018-09-06 18:46:34'),(3,164,'2018-09-06 18:46:34','2018-09-06 18:47:04'),(3,164,'2018-09-06 18:47:04','2018-09-06 18:47:34'),(3,164,'2018-09-06 18:47:34',NULL),(3,179,'2018-11-03 23:13:15','2018-11-03 23:13:45'),(3,179,'2018-11-03 23:13:45','2018-11-03 23:14:15'),(3,179,'2018-11-03 23:14:15','2018-11-03 23:14:45'),(3,179,'2018-11-03 23:14:45','2018-11-03 23:15:15'),(3,179,'2018-11-03 23:15:15','2018-11-03 23:15:45'),(3,179,'2018-11-03 23:15:45','2018-11-03 23:16:15'),(3,179,'2018-11-03 23:16:15','2018-11-03 23:16:45'),(3,179,'2018-11-03 23:16:45','2018-11-03 23:17:15'),(3,179,'2018-11-03 23:17:15','2018-11-03 23:17:45'),(3,179,'2018-11-03 23:17:45','2018-11-03 23:18:15'),(3,179,'2018-11-03 23:18:15','2018-11-03 23:18:45'),(3,179,'2018-11-03 23:18:45','2018-11-03 23:19:15'),(3,179,'2018-11-03 23:19:15','2018-11-03 23:19:45'),(3,179,'2018-11-03 23:19:45','2018-11-03 23:20:15'),(3,179,'2018-11-03 23:20:15','2018-11-03 23:20:45'),(3,179,'2018-11-03 23:20:45','2018-11-03 23:21:15'),(3,179,'2018-11-03 23:21:15','2018-11-03 23:21:45'),(3,179,'2018-11-03 23:21:45','2018-11-03 23:22:15'),(3,179,'2018-11-03 23:22:15','2018-11-03 23:22:45'),(3,179,'2018-11-03 23:22:45','2018-11-03 23:23:15'),(3,179,'2018-11-03 23:23:15','2018-11-03 23:23:45'),(3,179,'2018-11-03 23:23:45','2018-11-03 23:24:15'),(3,179,'2018-11-03 23:24:15','2018-11-03 23:24:45'),(3,179,'2018-11-03 23:24:45','2018-11-03 23:25:15'),(3,179,'2018-11-03 23:25:15','2018-11-03 23:25:45'),(3,179,'2018-11-03 23:25:45','2018-11-03 23:26:15'),(3,179,'2018-11-03 23:26:15','2018-11-03 23:26:45'),(3,179,'2018-11-03 23:26:45','2018-11-03 23:27:15'),(3,179,'2018-11-03 23:27:15','2018-11-03 23:27:45'),(3,179,'2018-11-03 23:27:45','2018-11-03 23:28:15'),(3,179,'2018-11-03 23:28:15','2018-11-03 23:28:15'),(3,179,'2018-11-03 23:28:16','2018-11-03 23:28:46'),(3,179,'2018-11-03 23:28:46','2018-11-03 23:28:46'),(3,179,'2018-11-03 23:28:47','2018-11-03 23:29:17'),(3,179,'2018-11-03 23:29:17','2018-11-03 23:29:47'),(3,179,'2018-11-03 23:29:47','2018-11-03 23:30:17'),(3,179,'2018-11-03 23:30:17','2018-11-03 23:30:47'),(3,179,'2018-11-03 23:30:47','2018-11-03 23:31:17'),(3,179,'2018-11-03 23:31:17','2018-11-03 23:31:47'),(3,179,'2018-11-03 23:31:47','2018-11-03 23:32:17'),(3,179,'2018-11-03 23:32:17','2018-11-03 23:32:47'),(3,179,'2018-11-03 23:32:47','2018-11-03 23:33:17'),(3,179,'2018-11-03 23:33:17','2018-11-03 23:33:47'),(3,179,'2018-11-03 23:33:47','2018-11-03 23:34:17'),(3,179,'2018-11-03 23:34:17','2018-11-03 23:34:47'),(3,179,'2018-11-03 23:34:47','2018-11-03 23:35:17'),(3,179,'2018-11-03 23:35:17','2018-11-03 23:35:47'),(3,179,'2018-11-03 23:35:47','2018-11-03 23:36:17'),(3,179,'2018-11-03 23:36:17','2018-11-03 23:36:47'),(3,179,'2018-11-03 23:36:47','2018-11-03 23:37:17'),(3,179,'2018-11-03 23:37:17','2018-11-03 23:37:47'),(3,180,'2018-11-03 23:13:37','2018-11-03 23:14:07'),(3,180,'2018-11-03 23:14:07','2018-11-03 23:14:37'),(3,180,'2018-11-03 23:14:37','2018-11-03 23:15:07'),(3,180,'2018-11-03 23:15:07','2018-11-03 23:15:37'),(3,180,'2018-11-03 23:15:37','2018-11-03 23:16:07'),(3,180,'2018-11-03 23:16:07','2018-11-03 23:16:37'),(3,180,'2018-11-03 23:16:37','2018-11-03 23:17:07'),(3,180,'2018-11-03 23:17:07','2018-11-03 23:17:37'),(3,180,'2018-11-03 23:17:37','2018-11-03 23:18:07'),(3,180,'2018-11-03 23:18:07','2018-11-03 23:18:37'),(3,180,'2018-11-03 23:18:37','2018-11-03 23:19:07'),(3,180,'2018-11-03 23:19:07','2018-11-03 23:19:37'),(3,180,'2018-11-03 23:19:37','2018-11-03 23:20:07'),(3,180,'2018-11-03 23:20:07','2018-11-03 23:20:37'),(3,180,'2018-11-03 23:20:37','2018-11-03 23:21:07'),(3,180,'2018-11-03 23:21:07','2018-11-03 23:21:37'),(3,180,'2018-11-03 23:21:37','2018-11-03 23:22:07'),(3,180,'2018-11-03 23:22:07','2018-11-03 23:22:37'),(3,180,'2018-11-03 23:22:37','2018-11-03 23:23:07'),(3,180,'2018-11-03 23:23:07','2018-11-03 23:23:37'),(3,180,'2018-11-03 23:23:37','2018-11-03 23:24:07'),(3,180,'2018-11-03 23:24:07','2018-11-03 23:24:37'),(3,180,'2018-11-03 23:24:37','2018-11-03 23:25:07'),(3,180,'2018-11-03 23:25:07','2018-11-03 23:25:37'),(3,180,'2018-11-03 23:25:37','2018-11-03 23:26:07'),(3,180,'2018-11-03 23:26:07','2018-11-03 23:26:37'),(3,180,'2018-11-03 23:26:37','2018-11-03 23:27:07'),(3,180,'2018-11-03 23:27:07','2018-11-03 23:27:37'),(3,180,'2018-11-03 23:27:37','2018-11-03 23:28:07'),(3,180,'2018-11-03 23:28:07','2018-11-03 23:28:37'),(3,180,'2018-11-03 23:28:37','2018-11-03 23:29:07'),(3,180,'2018-11-03 23:29:07','2018-11-03 23:29:37'),(3,180,'2018-11-03 23:29:37','2018-11-03 23:29:37'),(3,180,'2018-11-03 23:33:23','2018-11-03 23:33:53'),(3,180,'2018-11-03 23:33:53','2018-11-03 23:34:23'),(3,180,'2018-11-03 23:34:23','2018-11-03 23:34:53'),(3,180,'2018-11-03 23:34:53','2018-11-03 23:35:23'),(3,180,'2018-11-03 23:35:23','2018-11-03 23:35:53'),(3,180,'2018-11-03 23:35:53','2018-11-03 23:36:23'),(3,180,'2018-11-03 23:36:23','2018-11-03 23:36:53'),(3,180,'2018-11-03 23:36:53','2018-11-03 23:37:23'),(3,180,'2018-11-03 23:37:23','2018-11-03 23:37:53'),(3,194,'2018-11-03 23:49:55','2018-11-03 23:50:25'),(3,194,'2018-11-03 23:55:18','2018-11-03 23:55:48'),(3,194,'2018-11-03 23:55:48','2018-11-03 23:56:18'),(3,194,'2018-11-03 23:56:18','2018-11-03 23:56:48'),(3,194,'2018-11-03 23:56:48','2018-11-03 23:57:18'),(3,194,'2018-11-03 23:57:18','2018-11-03 23:57:48'),(3,194,'2018-11-03 23:57:48','2018-11-03 23:58:18'),(3,194,'2018-11-03 23:58:18','2018-11-03 23:58:48'),(3,194,'2018-11-03 23:58:48','2018-11-03 23:59:18'),(3,194,'2018-11-03 23:59:18','2018-11-03 23:59:48'),(3,194,'2018-11-03 23:59:48','2018-11-04 00:00:18'),(3,194,'2018-11-04 00:00:18','2018-11-04 00:00:48'),(3,194,'2018-11-04 00:00:48','2018-11-04 00:01:18'),(3,194,'2018-11-04 00:01:18','2018-11-04 00:01:48'),(3,194,'2018-11-04 00:01:48','2018-11-04 00:02:18'),(3,194,'2018-11-04 00:02:18','2018-11-04 00:02:48'),(3,194,'2018-11-04 00:02:48','2018-11-04 00:03:18'),(3,194,'2018-11-04 00:03:18','2018-11-04 00:03:48'),(3,194,'2018-11-04 00:03:48','2018-11-04 00:04:18'),(3,194,'2018-11-04 00:04:18','2018-11-04 00:04:48'),(3,194,'2018-11-04 00:04:48','2018-11-04 00:05:18'),(3,194,'2018-11-04 00:05:18','2018-11-04 00:05:48'),(3,194,'2018-11-04 00:05:48','2018-11-04 00:06:18'),(3,194,'2018-11-04 00:06:18','2018-11-04 00:06:48'),(3,194,'2018-11-04 00:06:48','2018-11-04 00:07:18'),(3,194,'2018-11-04 00:07:18','2018-11-04 00:07:48'),(3,194,'2018-11-04 00:07:48','2018-11-04 00:08:18'),(3,194,'2018-11-04 00:08:18','2018-11-04 00:08:48'),(3,194,'2018-11-04 00:08:48','2018-11-04 00:09:18'),(3,194,'2018-11-04 00:09:18','2018-11-04 00:09:48'),(3,194,'2018-11-04 00:09:48','2018-11-04 00:10:18'),(3,194,'2018-11-04 00:10:18','2018-11-04 00:10:48'),(3,194,'2018-11-04 00:10:48','2018-11-04 00:11:18'),(3,195,'2018-11-03 23:50:00','2018-11-03 23:50:30'),(3,195,'2018-11-03 23:55:16','2018-11-03 23:55:46'),(3,195,'2018-11-03 23:55:46','2018-11-03 23:56:16'),(3,195,'2018-11-03 23:56:16','2018-11-03 23:56:46'),(3,195,'2018-11-03 23:56:46','2018-11-03 23:57:16'),(3,195,'2018-11-03 23:57:16','2018-11-03 23:57:46'),(3,195,'2018-11-03 23:57:46','2018-11-03 23:58:16'),(3,195,'2018-11-03 23:58:16','2018-11-03 23:58:46'),(3,195,'2018-11-03 23:58:46','2018-11-03 23:59:16'),(3,195,'2018-11-03 23:59:16','2018-11-03 23:59:46'),(3,195,'2018-11-03 23:59:46','2018-11-04 00:00:16'),(3,195,'2018-11-04 00:00:16','2018-11-04 00:00:46'),(3,195,'2018-11-04 00:00:46','2018-11-04 00:01:16'),(3,195,'2018-11-04 00:01:16','2018-11-04 00:01:46'),(3,195,'2018-11-04 00:01:46','2018-11-04 00:02:16'),(3,195,'2018-11-04 00:02:16','2018-11-04 00:02:46'),(3,195,'2018-11-04 00:02:46','2018-11-04 00:03:16'),(3,195,'2018-11-04 00:03:16','2018-11-04 00:03:46'),(3,195,'2018-11-04 00:03:46','2018-11-04 00:04:16'),(3,195,'2018-11-04 00:04:16','2018-11-04 00:04:46'),(3,195,'2018-11-04 00:04:46','2018-11-04 00:05:16'),(3,195,'2018-11-04 00:05:16','2018-11-04 00:05:46'),(3,195,'2018-11-04 00:05:46','2018-11-04 00:06:16'),(3,195,'2018-11-04 00:06:16','2018-11-04 00:06:46'),(3,195,'2018-11-04 00:06:46','2018-11-04 00:07:16'),(3,195,'2018-11-04 00:07:16','2018-11-04 00:07:46'),(3,195,'2018-11-04 00:07:46','2018-11-04 00:08:16'),(3,195,'2018-11-04 00:08:16','2018-11-04 00:08:46'),(3,195,'2018-11-04 00:08:46','2018-11-04 00:09:16'),(3,195,'2018-11-04 00:09:16','2018-11-04 00:09:46'),(3,195,'2018-11-04 00:09:46','2018-11-04 00:10:16'),(3,195,'2018-11-04 00:10:16','2018-11-04 00:10:46'),(3,195,'2018-11-04 00:10:46','2018-11-04 00:11:16'),(3,196,'2018-11-03 23:55:19','2018-11-03 23:55:49'),(3,196,'2018-11-03 23:55:49','2018-11-03 23:56:19'),(3,196,'2018-11-03 23:56:19','2018-11-03 23:56:49'),(3,196,'2018-11-03 23:56:49','2018-11-03 23:57:19'),(3,196,'2018-11-03 23:57:19','2018-11-03 23:57:49'),(3,196,'2018-11-03 23:57:49','2018-11-03 23:58:19'),(3,196,'2018-11-03 23:58:19','2018-11-03 23:58:49'),(3,196,'2018-11-03 23:58:49','2018-11-03 23:59:19'),(3,196,'2018-11-03 23:59:19','2018-11-03 23:59:49'),(3,196,'2018-11-03 23:59:49','2018-11-04 00:00:19'),(3,196,'2018-11-04 00:00:19','2018-11-04 00:00:49'),(3,196,'2018-11-04 00:00:49','2018-11-04 00:01:19'),(3,196,'2018-11-04 00:01:19','2018-11-04 00:01:49'),(3,196,'2018-11-04 00:01:49','2018-11-04 00:02:19'),(3,196,'2018-11-04 00:02:19','2018-11-04 00:02:49'),(3,196,'2018-11-04 00:02:49','2018-11-04 00:03:19'),(3,196,'2018-11-04 00:03:19','2018-11-04 00:03:49'),(3,196,'2018-11-04 00:03:49','2018-11-04 00:04:19'),(3,196,'2018-11-04 00:04:19','2018-11-04 00:04:49'),(3,196,'2018-11-04 00:04:49','2018-11-04 00:05:19'),(3,196,'2018-11-04 00:05:19','2018-11-04 00:05:49'),(3,196,'2018-11-04 00:05:49','2018-11-04 00:06:19'),(3,196,'2018-11-04 00:06:19','2018-11-04 00:06:49'),(3,196,'2018-11-04 00:06:49','2018-11-04 00:07:19'),(3,196,'2018-11-04 00:07:19','2018-11-04 00:07:49'),(3,196,'2018-11-04 00:07:49','2018-11-04 00:08:19'),(3,196,'2018-11-04 00:08:19','2018-11-04 00:08:49'),(3,196,'2018-11-04 00:08:49','2018-11-04 00:09:19'),(3,196,'2018-11-04 00:09:19','2018-11-04 00:09:49'),(3,196,'2018-11-04 00:09:49','2018-11-04 00:10:19'),(3,196,'2018-11-04 00:10:19','2018-11-04 00:10:49'),(3,203,'2018-11-12 23:20:35','2018-11-12 23:21:05'),(3,203,'2018-11-12 23:21:05','2018-11-12 23:21:35'),(3,203,'2018-11-12 23:21:35','2018-11-12 23:22:05'),(3,203,'2018-11-12 23:22:05','2018-11-12 23:22:35'),(3,203,'2018-11-12 23:22:35','2018-11-12 23:23:05'),(3,203,'2018-11-12 23:23:05','2018-11-12 23:23:35'),(3,203,'2018-11-12 23:23:35','2018-11-12 23:24:05'),(3,203,'2018-11-12 23:24:05','2018-11-12 23:24:35'),(3,203,'2018-11-12 23:24:35','2018-11-12 23:25:05'),(3,203,'2018-11-12 23:25:05','2018-11-12 23:25:35'),(3,203,'2018-11-12 23:25:35','2018-11-12 23:26:05'),(3,203,'2018-11-12 23:26:05','2018-11-12 23:26:35'),(3,203,'2018-11-12 23:26:35','2018-11-12 23:27:05'),(3,203,'2018-11-12 23:27:05','2018-11-12 23:27:35'),(3,203,'2018-11-12 23:27:35','2018-11-12 23:28:05'),(3,203,'2018-11-12 23:28:05','2018-11-12 23:28:35'),(3,203,'2018-11-12 23:28:35','2018-11-12 23:29:05'),(3,203,'2018-11-12 23:29:05','2018-11-12 23:29:35'),(3,203,'2018-11-12 23:29:35','2018-11-12 23:30:05'),(3,203,'2018-11-12 23:30:05','2018-11-12 23:30:35'),(3,203,'2018-11-12 23:30:35','2018-11-12 23:31:05'),(3,203,'2018-11-12 23:31:05','2018-11-12 23:31:35'),(3,203,'2018-11-12 23:31:35','2018-11-12 23:32:05'),(3,203,'2018-11-12 23:32:05','2018-11-12 23:32:35'),(3,203,'2018-11-12 23:32:35','2018-11-12 23:33:05'),(3,203,'2018-11-12 23:33:05','2018-11-12 23:33:35'),(3,203,'2018-11-12 23:33:35','2018-11-12 23:34:05'),(3,203,'2018-11-12 23:34:05','2018-11-12 23:34:35'),(3,203,'2018-11-12 23:34:35','2018-11-12 23:35:05'),(3,203,'2018-11-12 23:35:05','2018-11-12 23:35:35'),(3,203,'2018-11-12 23:35:35','2018-11-12 23:36:05'),(3,203,'2018-11-12 23:36:05','2018-11-12 23:36:35'),(3,203,'2018-11-12 23:36:35','2018-11-12 23:37:05'),(3,203,'2018-11-12 23:37:05','2018-11-12 23:37:35'),(3,203,'2018-11-12 23:37:35','2018-11-12 23:38:05'),(3,203,'2018-11-12 23:38:05','2018-11-12 23:38:35'),(3,203,'2018-11-12 23:38:35','2018-11-12 23:39:05'),(3,203,'2018-11-12 23:39:05','2018-11-12 23:39:35'),(3,203,'2018-11-12 23:39:35','2018-11-12 23:40:05'),(3,203,'2018-11-12 23:40:05','2018-11-12 23:40:35'),(3,203,'2018-11-12 23:40:35','2018-11-12 23:41:05'),(3,203,'2018-11-12 23:41:05','2018-11-12 23:41:35'),(3,203,'2018-11-12 23:41:35','2018-11-12 23:42:05'),(3,203,'2018-11-12 23:42:05','2018-11-12 23:42:35'),(3,203,'2018-11-12 23:42:35','2018-11-12 23:43:05'),(3,203,'2018-11-12 23:43:05','2018-11-12 23:43:35'),(3,203,'2018-11-12 23:43:35','2018-11-12 23:44:05'),(3,203,'2018-11-12 23:44:05','2018-11-12 23:44:35'),(3,203,'2018-11-12 23:44:35','2018-11-12 23:45:05'),(3,203,'2018-11-12 23:45:05','2018-11-12 23:45:35'),(3,203,'2018-11-12 23:45:35','2018-11-12 23:46:05'),(3,203,'2018-11-12 23:46:05','2018-11-12 23:46:35'),(3,203,'2018-11-12 23:46:35','2018-11-12 23:47:05'),(3,203,'2018-11-12 23:47:05','2018-11-12 23:47:35'),(3,203,'2018-11-12 23:47:35','2018-11-12 23:48:05'),(3,203,'2018-11-12 23:48:05','2018-11-12 23:48:35'),(3,203,'2018-11-12 23:48:35','2018-11-12 23:49:05'),(3,203,'2018-11-12 23:49:05','2018-11-12 23:49:35'),(3,203,'2018-11-12 23:49:35','2018-11-12 23:49:35'),(3,203,'2018-11-18 04:47:09','2018-11-18 04:47:39'),(3,203,'2018-11-18 04:47:39','2018-11-18 04:48:09'),(3,203,'2018-11-18 04:48:09','2018-11-18 04:48:39'),(3,203,'2018-11-18 04:48:39','2018-11-18 04:49:09'),(3,203,'2018-11-18 04:49:09','2018-11-18 04:49:09'),(3,203,'2018-11-18 04:49:26','2018-11-18 04:49:56'),(3,203,'2018-11-18 04:49:56','2018-11-18 04:50:26'),(3,203,'2018-11-18 04:50:26','2018-11-18 04:50:56'),(3,203,'2018-11-18 04:50:56','2018-11-18 04:51:26'),(3,203,'2018-11-18 04:51:26','2018-11-18 04:51:56'),(3,203,'2018-11-18 04:51:56','2018-11-18 04:52:26'),(3,203,'2018-11-18 04:52:26','2018-11-18 04:52:56'),(3,203,'2018-11-18 04:52:56','2018-11-18 04:53:26'),(3,203,'2018-11-18 04:53:26','2018-11-18 04:53:56'),(3,203,'2018-11-18 04:53:56','2018-11-18 04:54:26'),(3,203,'2018-11-18 04:54:26','2018-11-18 04:54:56'),(3,203,'2018-11-18 04:54:56','2018-11-18 04:55:26'),(3,203,'2018-11-18 04:55:26','2018-11-18 04:55:56'),(3,203,'2018-11-18 04:55:56','2018-11-18 04:56:26'),(3,203,'2018-11-18 04:56:26','2018-11-18 04:56:56'),(3,203,'2018-11-18 04:56:56','2018-11-18 04:57:26'),(3,203,'2018-11-18 04:57:26','2018-11-18 04:57:56'),(3,203,'2018-11-18 04:57:56','2018-11-18 04:58:26'),(3,203,'2018-11-18 04:58:26','2018-11-18 04:58:56'),(3,203,'2018-11-18 04:58:56','2018-11-18 04:59:26'),(3,203,'2018-11-18 04:59:26','2018-11-18 04:59:56'),(3,203,'2018-11-18 04:59:56','2018-11-18 05:00:26'),(3,203,'2018-11-18 05:00:26','2018-11-18 05:00:56'),(3,203,'2018-11-18 05:00:56','2018-11-18 05:01:26'),(3,203,'2018-11-18 05:01:26','2018-11-18 05:01:56'),(3,203,'2018-11-18 05:01:56','2018-11-18 05:02:26'),(3,203,'2018-11-18 05:02:26','2018-11-18 05:02:56'),(3,203,'2018-11-18 05:02:56','2018-11-18 05:03:26'),(3,203,'2018-11-18 05:03:26','2018-11-18 05:03:56'),(3,205,'2018-11-18 05:20:46','2018-11-18 05:21:16'),(3,205,'2018-11-18 05:21:16','2018-11-18 05:21:46'),(3,205,'2018-11-18 05:21:46','2018-11-18 05:22:16'),(3,205,'2018-11-18 05:22:16','2018-11-18 05:22:46'),(3,205,'2018-11-18 05:22:46','2018-11-18 05:23:16'),(3,205,'2018-11-18 05:23:16','2018-11-18 05:23:46'),(3,205,'2018-11-18 05:23:46','2018-11-18 05:24:16'),(3,205,'2018-11-18 05:24:16','2018-11-18 05:24:46'),(3,205,'2018-11-18 05:24:46','2018-11-18 05:25:16'),(3,205,'2018-11-18 05:25:16','2018-11-18 05:25:46'),(3,205,'2018-11-18 05:25:46','2018-11-18 05:26:16'),(3,205,'2018-11-18 05:26:16','2018-11-18 05:26:46'),(3,205,'2018-11-18 05:26:46','2018-11-18 05:27:16'),(3,205,'2018-11-18 05:27:16','2018-11-18 05:27:46'),(3,205,'2018-11-18 05:27:46','2018-11-18 05:28:16'),(3,205,'2018-11-18 05:28:16','2018-11-18 05:28:46'),(3,205,'2018-11-18 05:28:46','2018-11-18 05:29:16'),(3,205,'2018-11-18 05:29:16','2018-11-18 05:29:46'),(3,205,'2018-11-18 05:29:46','2018-11-18 05:30:16'),(3,205,'2018-11-18 05:30:16','2018-11-18 05:30:46'),(3,205,'2018-11-18 05:30:46','2018-11-18 05:31:16'),(3,205,'2018-11-18 05:31:16','2018-11-18 05:31:46'),(3,205,'2018-11-18 05:31:46','2018-11-18 05:32:16'),(3,205,'2018-11-18 05:32:16','2018-11-18 05:32:46'),(3,205,'2018-11-18 05:32:46','2018-11-18 05:33:16'),(3,205,'2018-11-18 05:33:16','2018-11-18 05:33:46'),(3,205,'2018-11-18 05:33:46','2018-11-18 05:34:16'),(3,205,'2018-11-18 05:34:16','2018-11-18 05:34:46'),(3,205,'2018-11-18 05:34:46','2018-11-18 05:35:16'),(3,205,'2018-11-18 05:35:16','2018-11-18 05:35:46'),(3,205,'2018-11-18 05:35:46','2018-11-18 05:35:46'),(3,205,'2018-11-26 00:57:53','2018-11-26 00:58:23'),(3,205,'2018-11-26 00:58:23','2018-11-26 00:58:53'),(3,205,'2018-11-26 00:58:53','2018-11-26 00:59:23'),(3,205,'2018-11-26 00:59:23','2018-11-26 00:59:53'),(3,205,'2018-11-26 00:59:53','2018-11-26 01:00:23'),(3,205,'2018-11-26 01:00:23','2018-11-26 01:00:53'),(3,205,'2018-11-26 01:00:53','2018-11-26 01:01:23'),(3,205,'2018-11-26 01:01:23','2018-11-26 01:01:53'),(3,205,'2018-11-26 01:01:53','2018-11-26 01:02:23'),(3,205,'2018-11-26 01:02:23','2018-11-26 01:02:53'),(3,205,'2018-11-26 01:02:53','2018-11-26 01:03:23'),(3,205,'2018-11-26 01:03:23','2018-11-26 01:03:53'),(3,205,'2018-11-26 01:03:53','2018-11-26 01:04:23'),(3,205,'2018-11-26 01:04:23','2018-11-26 01:04:53'),(3,205,'2018-11-26 01:04:53','2018-11-26 01:05:23'),(3,205,'2018-11-26 01:05:23','2018-11-26 01:05:53'),(3,205,'2018-11-26 01:05:53','2018-11-26 01:06:23'),(3,205,'2018-11-26 01:06:23','2018-11-26 01:06:53'),(3,205,'2018-11-26 01:06:53','2018-11-26 01:07:23'),(3,205,'2018-11-26 01:07:23','2018-11-26 01:07:53'),(3,205,'2018-11-26 01:07:53','2018-11-26 01:08:23'),(3,205,'2018-11-26 01:08:23','2018-11-26 01:08:53'),(3,205,'2018-11-26 01:08:53','2018-11-26 01:09:23'),(3,205,'2018-11-26 01:09:23','2018-11-26 01:09:53'),(3,205,'2018-11-26 01:09:53','2018-11-26 01:10:23'),(3,205,'2018-11-26 01:10:23','2018-11-26 01:10:53'),(3,205,'2018-11-26 01:10:53','2018-11-26 01:11:23'),(3,205,'2018-11-26 01:11:23','2018-11-26 01:11:53'),(3,205,'2018-11-26 01:11:53','2018-11-26 01:12:23'),(3,205,'2018-11-26 01:12:23','2018-11-26 01:12:53'),(3,205,'2018-11-26 01:12:53','2018-11-26 01:13:23'),(3,205,'2018-11-26 01:13:23','2018-11-26 01:13:53'),(3,205,'2018-11-26 01:13:53','2018-11-26 01:14:23'),(3,205,'2018-11-26 01:14:23','2018-11-26 01:14:53'),(3,205,'2018-11-26 01:14:53','2018-11-26 01:15:23'),(3,205,'2018-11-26 01:15:23','2018-11-26 01:15:53'),(3,205,'2018-11-30 21:33:32','2018-11-30 21:34:02'),(3,205,'2018-11-30 21:34:02','2018-11-30 21:34:32'),(3,205,'2018-11-30 21:34:32','2018-11-30 21:35:02'),(3,205,'2018-11-30 21:35:02','2018-11-30 21:35:32'),(3,205,'2018-11-30 21:35:32','2018-11-30 21:36:02'),(3,205,'2018-11-30 21:36:02','2018-11-30 21:36:32'),(3,205,'2018-11-30 21:36:32','2018-11-30 21:37:02'),(3,205,'2018-11-30 21:37:02','2018-11-30 21:37:32'),(3,205,'2018-11-30 21:37:32','2018-11-30 21:38:02'),(3,205,'2018-11-30 21:38:02','2018-11-30 21:38:32'),(3,205,'2018-11-30 21:38:32','2018-11-30 21:39:02'),(3,205,'2018-11-30 21:39:02','2018-11-30 21:39:32'),(3,205,'2018-11-30 21:39:32','2018-11-30 21:40:02'),(3,205,'2018-11-30 21:40:02','2018-11-30 21:40:32'),(3,205,'2018-11-30 21:40:32','2018-11-30 21:41:02'),(3,205,'2018-11-30 21:41:02','2018-11-30 21:41:32'),(3,205,'2018-11-30 21:41:32','2018-11-30 21:42:02'),(3,205,'2018-11-30 21:42:02','2018-11-30 21:42:32'),(3,205,'2018-11-30 21:42:32','2018-11-30 21:43:02'),(3,205,'2018-11-30 21:43:02','2018-11-30 21:43:32'),(3,205,'2018-11-30 21:43:32','2018-11-30 21:44:02'),(3,205,'2018-11-30 21:44:02','2018-11-30 21:44:32'),(3,205,'2018-11-30 21:44:32','2018-11-30 21:45:02'),(3,205,'2018-11-30 21:45:02','2018-11-30 21:45:32'),(3,205,'2018-11-30 21:45:32','2018-11-30 21:46:02'),(3,205,'2018-11-30 21:46:02','2018-11-30 21:46:32'),(3,205,'2018-11-30 21:46:32','2018-11-30 21:47:02'),(3,205,'2018-11-30 21:47:02','2018-11-30 21:47:32'),(3,205,'2018-11-30 21:47:32','2018-11-30 21:48:02'),(3,205,'2018-11-30 21:48:02','2018-11-30 21:48:32'),(3,205,'2018-11-30 21:48:32','2018-11-30 21:49:02'),(3,205,'2018-11-30 21:49:02','2018-11-30 21:49:32'),(4,129,'2018-08-03 19:33:23','2018-08-03 19:35:23'),(4,129,'2018-08-03 19:36:44','2018-08-03 19:38:44'),(4,129,'2018-08-03 19:38:44','2018-08-03 19:40:44'),(4,129,'2018-08-03 19:40:44','2018-08-03 19:42:44'),(4,129,'2018-08-03 19:42:44','2018-08-03 19:44:44'),(4,129,'2018-08-03 19:44:44','2018-08-03 19:46:44'),(4,129,'2018-08-03 19:46:44','2018-08-03 19:48:44'),(4,129,'2018-08-03 19:48:44','2018-08-03 19:50:44'),(4,129,'2018-08-03 19:50:44','2018-08-03 19:52:44'),(4,129,'2018-08-03 19:52:44','2018-08-03 19:54:44'),(4,129,'2018-08-03 19:54:44','2018-08-03 19:56:44'),(4,129,'2018-08-03 19:56:44','2018-08-03 19:58:44'),(4,129,'2018-08-03 19:58:44','2018-08-03 20:00:44'),(4,129,'2018-08-03 20:00:44','2018-08-03 20:02:44'),(4,129,'2018-08-03 20:02:44','2018-08-03 20:04:44'),(4,129,'2018-08-03 20:04:44','2018-08-03 20:06:44'),(4,132,'2018-08-03 19:51:43','2018-08-03 19:53:43'),(4,132,'2018-08-03 19:53:43','2018-08-03 19:55:43'),(4,132,'2018-08-03 19:55:43','2018-08-03 19:57:43'),(4,132,'2018-08-03 19:57:43','2018-08-03 19:59:43'),(4,132,'2018-08-03 19:59:43','2018-08-03 20:01:43'),(4,132,'2018-08-03 20:01:43','2018-08-03 20:03:43'),(4,132,'2018-08-03 20:03:43','2018-08-03 20:05:43'),(4,136,'2018-08-03 20:02:29','2018-08-03 20:04:29'),(4,136,'2018-08-03 20:04:29','2018-08-03 20:06:29'),(5,19,'2018-07-16 16:03:29','2018-07-16 16:04:59'),(5,19,'2018-07-16 16:04:59','2018-07-16 16:06:29'),(5,19,'2018-07-16 16:06:29','2018-07-16 16:07:59'),(5,19,'2018-07-16 16:07:59','2018-07-16 16:09:29'),(5,19,'2018-07-16 16:09:29','2018-07-16 16:10:59'),(5,19,'2018-07-16 16:10:59','2018-07-16 16:12:29'),(5,19,'2018-07-16 16:12:29','2018-07-16 16:13:59'),(5,19,'2018-07-16 16:13:59','2018-07-16 16:15:29'),(5,19,'2018-07-16 16:15:29','2018-07-16 16:16:59'),(5,19,'2018-07-16 16:16:59','2018-07-16 16:18:29'),(5,19,'2018-07-16 16:18:29','2018-07-16 16:19:59'),(5,19,'2018-07-16 16:19:59','2018-07-16 16:21:29'),(5,19,'2018-07-16 16:21:29','2018-07-16 16:22:59'),(5,19,'2018-07-16 16:22:59','2018-07-16 16:24:29'),(5,19,'2018-07-16 16:24:29','2018-07-16 16:25:59'),(5,19,'2018-07-16 16:25:59',NULL),(5,21,'2018-07-16 16:05:06','2018-07-16 16:06:36'),(5,21,'2018-07-16 16:06:36','2018-07-16 16:08:06'),(5,21,'2018-07-16 16:08:06','2018-07-16 16:09:36'),(5,21,'2018-07-16 16:09:36','2018-07-16 16:11:06'),(5,21,'2018-07-16 16:11:06','2018-07-16 16:12:36'),(5,21,'2018-07-16 16:12:36','2018-07-16 16:14:06'),(5,21,'2018-07-16 16:14:06','2018-07-16 16:15:36'),(5,21,'2018-07-16 16:15:36','2018-07-16 16:17:06'),(5,21,'2018-07-16 16:17:06','2018-07-16 16:18:36'),(5,21,'2018-07-16 16:18:36','2018-07-16 16:20:06'),(5,21,'2018-07-16 16:20:06','2018-07-16 16:21:36'),(5,21,'2018-07-16 16:21:36','2018-07-16 16:23:06'),(5,21,'2018-07-16 16:23:06','2018-07-16 16:24:36'),(5,21,'2018-07-16 16:24:36','2018-07-16 16:26:06'),(5,21,'2018-07-16 16:26:06',NULL),(5,22,'2018-07-16 16:06:00','2018-07-16 16:07:30'),(5,22,'2018-07-16 16:07:30','2018-07-16 16:09:00'),(5,22,'2018-07-16 16:09:00','2018-07-16 16:10:30'),(5,22,'2018-07-16 16:10:30','2018-07-16 16:12:00'),(5,22,'2018-07-16 16:12:00','2018-07-16 16:13:30'),(5,22,'2018-07-16 16:13:30','2018-07-16 16:15:00'),(5,22,'2018-07-16 16:15:00','2018-07-16 16:16:30'),(5,22,'2018-07-16 16:16:30','2018-07-16 16:18:00'),(5,22,'2018-07-16 16:18:00','2018-07-16 16:19:30'),(5,22,'2018-07-16 16:19:30','2018-07-16 16:21:00'),(5,22,'2018-07-16 16:21:00','2018-07-16 16:22:30'),(5,22,'2018-07-16 16:22:30','2018-07-16 16:24:00'),(5,22,'2018-07-16 16:24:00','2018-07-16 16:25:30'),(5,22,'2018-07-16 16:25:30','2018-07-16 16:27:00'),(5,22,'2018-07-16 16:27:00',NULL),(5,27,'2018-07-16 16:27:07','2018-07-16 16:28:37'),(5,27,'2018-07-16 16:28:37','2018-07-16 16:30:07'),(5,27,'2018-07-16 16:30:07','2018-07-16 16:31:37'),(5,27,'2018-07-16 16:31:37','2018-07-16 16:33:07'),(5,27,'2018-07-16 16:33:07','2018-07-16 16:34:37'),(5,27,'2018-07-16 16:34:37','2018-07-16 16:36:07'),(5,27,'2018-07-16 16:36:07','2018-07-16 16:37:37'),(5,27,'2018-07-16 16:37:37','2018-07-16 16:39:07'),(5,27,'2018-07-16 16:39:07','2018-07-16 16:40:37'),(5,27,'2018-07-16 16:40:37','2018-07-16 16:42:07'),(5,27,'2018-07-16 16:42:07','2018-07-16 16:43:37'),(5,27,'2018-07-16 16:43:37','2018-07-16 16:45:07'),(5,27,'2018-07-16 16:45:07','2018-07-16 16:46:37'),(5,27,'2018-07-16 16:46:37','2018-07-16 16:48:07'),(5,27,'2018-07-16 16:48:07','2018-07-16 16:49:37'),(5,27,'2018-07-16 16:49:37','2018-07-16 16:51:07'),(5,27,'2018-07-16 16:51:07','2018-07-16 16:52:37'),(5,27,'2018-07-16 16:52:37','2018-07-16 16:54:07'),(5,27,'2018-07-16 16:54:07','2018-07-16 16:55:37'),(5,27,'2018-07-16 16:55:37','2018-07-16 16:57:07'),(5,27,'2018-07-16 16:57:07','2018-07-16 16:58:37'),(5,27,'2018-07-16 16:58:37','2018-07-16 17:00:07'),(5,27,'2018-07-16 17:00:07','2018-07-16 17:01:37'),(5,27,'2018-07-16 17:01:37','2018-07-16 17:03:07'),(5,27,'2018-07-16 17:03:07','2018-07-16 17:04:37'),(5,27,'2018-07-16 17:04:37','2018-07-16 17:06:07'),(5,27,'2018-07-16 17:06:07','2018-07-16 17:07:37'),(5,27,'2018-07-16 17:07:37','2018-07-16 17:09:07'),(5,27,'2018-07-16 17:09:07','2018-07-16 17:10:37'),(5,27,'2018-07-16 17:10:37','2018-07-16 17:12:07'),(5,27,'2018-07-16 17:12:07','2018-07-16 17:13:37'),(5,27,'2018-07-16 17:13:37','2018-07-16 17:15:07'),(5,27,'2018-07-16 17:15:07','2018-07-16 17:16:37'),(5,27,'2018-07-16 17:16:37','2018-07-16 17:18:07'),(5,27,'2018-07-16 17:18:07','2018-07-16 17:19:37'),(5,27,'2018-07-16 17:19:37','2018-07-16 17:21:07'),(5,27,'2018-07-16 17:21:07','2018-07-16 17:22:37'),(5,27,'2018-07-16 17:22:37','2018-07-16 17:24:07'),(5,27,'2018-07-16 17:24:07','2018-07-16 17:25:37'),(5,27,'2018-07-16 17:25:37','2018-07-16 17:27:07'),(5,27,'2018-07-16 17:27:07','2018-07-16 17:28:37'),(5,27,'2018-07-16 17:28:37','2018-07-16 17:30:07'),(5,27,'2018-07-16 17:30:07','2018-07-16 17:31:37'),(5,27,'2018-07-16 17:31:37','2018-07-16 17:33:07'),(5,27,'2018-07-16 17:33:07','2018-07-16 17:34:37'),(5,27,'2018-07-16 17:34:37','2018-07-16 17:36:07'),(5,27,'2018-07-16 17:36:07','2018-07-16 17:37:37'),(5,27,'2018-07-16 17:37:37','2018-07-16 17:39:07'),(5,27,'2018-07-16 17:39:07','2018-07-16 17:40:37'),(5,27,'2018-07-16 17:40:37','2018-07-16 17:42:07'),(5,53,'2018-07-17 20:19:45','2018-07-17 20:20:30'),(5,53,'2018-07-17 20:20:30','2018-07-17 20:21:15'),(5,53,'2018-07-17 20:21:15','2018-07-17 20:22:00'),(5,53,'2018-07-17 20:22:00','2018-07-17 20:22:45'),(5,53,'2018-07-17 20:22:45','2018-07-17 20:23:30'),(5,53,'2018-07-17 20:23:30','2018-07-17 20:24:15'),(5,53,'2018-07-17 20:24:15','2018-07-17 20:25:00'),(5,53,'2018-07-17 20:25:00','2018-07-17 20:25:45'),(5,53,'2018-07-17 20:25:45','2018-07-17 20:26:30'),(5,53,'2018-07-17 20:26:30','2018-07-17 20:27:15'),(5,53,'2018-07-17 20:27:15','2018-07-17 20:28:00'),(5,53,'2018-07-17 20:28:00','2018-07-17 20:28:45'),(5,53,'2018-07-17 20:28:45','2018-07-17 20:29:30'),(5,53,'2018-07-17 20:29:30','2018-07-17 20:30:15'),(5,53,'2018-07-17 20:30:15','2018-07-17 20:31:00'),(5,53,'2018-07-17 20:31:00','2018-07-17 20:31:45'),(5,53,'2018-07-17 20:31:45',NULL),(5,54,'2018-07-17 20:20:36','2018-07-17 20:21:21'),(5,54,'2018-07-17 20:21:21','2018-07-17 20:22:06'),(5,54,'2018-07-17 20:22:06','2018-07-17 20:22:51'),(5,54,'2018-07-17 20:22:51','2018-07-17 20:23:36'),(5,54,'2018-07-17 20:23:36','2018-07-17 20:24:21'),(5,54,'2018-07-17 20:24:21','2018-07-17 20:25:06'),(5,54,'2018-07-17 20:25:06','2018-07-17 20:25:51'),(5,54,'2018-07-17 20:25:51','2018-07-17 20:26:36'),(5,54,'2018-07-17 20:26:36','2018-07-17 20:27:21'),(5,54,'2018-07-17 20:27:21','2018-07-17 20:28:06'),(5,54,'2018-07-17 20:28:06','2018-07-17 20:28:51'),(5,54,'2018-07-17 20:28:51','2018-07-17 20:29:36'),(5,54,'2018-07-17 20:29:36','2018-07-17 20:30:21'),(5,54,'2018-07-17 20:30:21','2018-07-17 20:31:06'),(5,54,'2018-07-17 20:31:06','2018-07-17 20:31:51'),(5,54,'2018-07-17 20:31:51',NULL),(5,55,'2018-07-17 20:20:50','2018-07-17 20:21:35'),(5,55,'2018-07-17 20:21:35','2018-07-17 20:22:20'),(5,55,'2018-07-17 20:22:20','2018-07-17 20:23:05'),(5,55,'2018-07-17 20:23:05','2018-07-17 20:23:50'),(5,55,'2018-07-17 20:23:50','2018-07-17 20:24:35'),(5,55,'2018-07-17 20:24:35','2018-07-17 20:25:20'),(5,55,'2018-07-17 20:25:20','2018-07-17 20:26:05'),(5,55,'2018-07-17 20:26:05','2018-07-17 20:26:50'),(5,55,'2018-07-17 20:26:50','2018-07-17 20:27:35'),(5,55,'2018-07-17 20:27:35','2018-07-17 20:28:20'),(5,55,'2018-07-17 20:28:20','2018-07-17 20:29:05'),(5,55,'2018-07-17 20:29:05','2018-07-17 20:29:50'),(5,55,'2018-07-17 20:29:50','2018-07-17 20:30:35'),(5,55,'2018-07-17 20:30:35','2018-07-17 20:31:20'),(5,55,'2018-07-17 20:31:20',NULL),(5,59,'2018-07-17 20:22:47','2018-07-17 20:23:32'),(5,59,'2018-07-17 20:23:32','2018-07-17 20:24:17'),(5,59,'2018-07-17 20:24:17','2018-07-17 20:25:02'),(5,59,'2018-07-17 20:25:02','2018-07-17 20:25:47'),(5,59,'2018-07-17 20:25:47','2018-07-17 20:26:32'),(5,59,'2018-07-17 20:26:32','2018-07-17 20:27:17'),(5,59,'2018-07-17 20:27:17','2018-07-17 20:28:02'),(5,59,'2018-07-17 20:28:02','2018-07-17 20:28:47'),(5,59,'2018-07-17 20:28:47','2018-07-17 20:29:32'),(5,59,'2018-07-17 20:29:32','2018-07-17 20:30:17'),(5,59,'2018-07-17 20:30:17','2018-07-17 20:31:02'),(5,59,'2018-07-17 20:31:02','2018-07-17 20:31:47'),(5,59,'2018-07-17 20:31:47',NULL),(5,61,'2018-07-17 20:23:43','2018-07-17 20:24:28'),(5,61,'2018-07-17 20:24:28','2018-07-17 20:25:13'),(5,61,'2018-07-17 20:25:13','2018-07-17 20:25:58'),(5,61,'2018-07-17 20:25:58','2018-07-17 20:26:43'),(5,61,'2018-07-17 20:26:43','2018-07-17 20:27:28'),(5,61,'2018-07-17 20:27:28','2018-07-17 20:28:13'),(5,61,'2018-07-17 20:28:13','2018-07-17 20:28:58'),(5,61,'2018-07-17 20:28:58','2018-07-17 20:29:43'),(5,61,'2018-07-17 20:29:43','2018-07-17 20:30:28'),(5,61,'2018-07-17 20:30:28','2018-07-17 20:31:13'),(5,61,'2018-07-17 20:31:13','2018-07-17 20:31:58'),(5,61,'2018-07-17 20:31:58',NULL),(5,62,'2018-07-17 20:24:50','2018-07-17 20:25:35'),(5,62,'2018-07-17 20:25:35','2018-07-17 20:26:20'),(5,62,'2018-07-17 20:26:20','2018-07-17 20:27:05'),(5,62,'2018-07-17 20:27:05','2018-07-17 20:27:50'),(5,62,'2018-07-17 20:27:50','2018-07-17 20:28:35'),(5,62,'2018-07-17 20:28:35','2018-07-17 20:29:20'),(5,62,'2018-07-17 20:29:20','2018-07-17 20:30:05'),(5,62,'2018-07-17 20:30:05','2018-07-17 20:30:50'),(5,62,'2018-07-17 20:30:50','2018-07-17 20:31:35'),(5,62,'2018-07-17 20:31:35',NULL),(5,64,'2018-07-17 20:26:01','2018-07-17 20:26:46'),(5,64,'2018-07-17 20:26:46','2018-07-17 20:27:31'),(5,64,'2018-07-17 20:27:31','2018-07-17 20:28:16'),(5,64,'2018-07-17 20:28:16','2018-07-17 20:29:01'),(5,64,'2018-07-17 20:29:01','2018-07-17 20:29:46'),(5,64,'2018-07-17 20:29:46','2018-07-17 20:30:31'),(5,64,'2018-07-17 20:30:31','2018-07-17 20:31:16'),(5,64,'2018-07-17 20:31:16','2018-07-17 20:32:01'),(5,64,'2018-07-17 20:32:01',NULL),(5,65,'2018-07-17 20:27:11','2018-07-17 20:27:56'),(5,65,'2018-07-17 20:27:56','2018-07-17 20:28:41'),(5,65,'2018-07-17 20:28:41','2018-07-17 20:29:26'),(5,65,'2018-07-17 20:29:26','2018-07-17 20:30:11'),(5,65,'2018-07-17 20:30:11','2018-07-17 20:30:56'),(5,65,'2018-07-17 20:30:56','2018-07-17 20:31:41'),(5,65,'2018-07-17 20:31:41',NULL),(5,66,'2018-07-17 20:28:18','2018-07-17 20:29:03'),(5,66,'2018-07-17 20:29:03','2018-07-17 20:29:48'),(5,66,'2018-07-17 20:29:48','2018-07-17 20:30:33'),(5,66,'2018-07-17 20:30:33','2018-07-17 20:31:18'),(5,66,'2018-07-17 20:31:18',NULL),(5,67,'2018-07-17 20:28:17','2018-07-17 20:29:02'),(5,67,'2018-07-17 20:29:02','2018-07-17 20:29:47'),(5,67,'2018-07-17 20:29:47','2018-07-17 20:30:32'),(5,67,'2018-07-17 20:30:32','2018-07-17 20:31:17'),(5,67,'2018-07-17 20:31:17','2018-07-17 20:32:02'),(5,67,'2018-07-17 20:32:02',NULL),(5,73,'2018-07-17 20:34:33','2018-07-17 20:35:18'),(5,73,'2018-07-17 20:35:18','2018-07-17 20:36:03'),(5,73,'2018-07-17 20:36:03','2018-07-17 20:36:48'),(5,73,'2018-07-17 20:36:48','2018-07-17 20:37:33'),(5,73,'2018-07-17 20:37:33','2018-07-17 20:38:18'),(5,73,'2018-07-17 20:38:18','2018-07-17 20:39:03'),(5,73,'2018-07-17 20:39:03','2018-07-17 20:39:48'),(5,73,'2018-07-17 20:39:48','2018-07-17 20:40:33'),(5,73,'2018-07-17 20:40:33','2018-07-17 20:41:18'),(5,73,'2018-07-17 20:41:18','2018-07-17 20:42:03'),(5,73,'2018-07-17 20:42:03','2018-07-17 20:42:48'),(5,73,'2018-07-17 20:42:48','2018-07-17 20:43:33'),(5,73,'2018-07-17 20:43:33','2018-07-17 20:44:18'),(5,73,'2018-07-17 20:44:18','2018-07-17 20:45:03'),(5,73,'2018-07-17 20:45:03','2018-07-17 20:45:48'),(5,73,'2018-07-17 20:45:48','2018-07-17 20:46:33'),(5,73,'2018-07-17 20:46:33','2018-07-17 20:47:18'),(5,73,'2018-07-17 20:47:18','2018-07-17 20:48:03'),(5,73,'2018-07-17 20:48:03','2018-07-17 20:48:48'),(5,73,'2018-07-17 20:48:48','2018-07-17 20:49:33'),(5,73,'2018-07-17 20:49:33','2018-07-17 20:50:18'),(5,73,'2018-07-17 20:50:18','2018-07-17 20:51:03'),(5,73,'2018-07-17 20:51:03','2018-07-17 20:51:48'),(5,73,'2018-07-17 20:51:48','2018-07-17 20:52:33'),(5,73,'2018-07-17 20:52:33','2018-07-17 20:53:18'),(5,73,'2018-07-17 20:53:18','2018-07-17 20:54:03'),(5,73,'2018-07-17 20:54:03','2018-07-17 20:54:48'),(5,73,'2018-07-17 20:54:48','2018-07-17 20:55:33'),(5,73,'2018-07-17 20:55:33','2018-07-17 20:56:18'),(5,73,'2018-07-17 20:56:18','2018-07-17 20:57:03'),(5,73,'2018-07-17 20:57:03','2018-07-17 20:57:48'),(5,73,'2018-07-17 20:57:48','2018-07-17 20:58:33'),(5,73,'2018-07-17 20:58:33','2018-07-17 20:59:18'),(5,73,'2018-07-17 20:59:18','2018-07-17 21:00:03'),(5,73,'2018-07-17 21:00:03','2018-07-17 21:00:48'),(5,73,'2018-07-17 21:00:48','2018-07-17 21:01:33'),(5,73,'2018-07-17 21:01:33','2018-07-17 21:02:18'),(5,73,'2018-07-17 21:02:18','2018-07-17 21:03:03'),(5,73,'2018-07-17 21:03:03','2018-07-17 21:03:48'),(5,73,'2018-07-17 21:03:48','2018-07-17 21:04:33'),(5,73,'2018-07-17 21:04:33','2018-07-17 21:05:18'),(5,73,'2018-07-17 21:05:18','2018-07-17 21:06:03'),(5,73,'2018-07-17 21:06:03','2018-07-17 21:06:48'),(5,73,'2018-07-17 21:06:48','2018-07-17 21:07:33'),(5,73,'2018-07-17 21:07:33','2018-07-17 21:08:18'),(5,77,'2018-07-17 21:04:28','2018-07-17 21:05:13'),(5,77,'2018-07-17 21:05:13','2018-07-17 21:05:58'),(5,77,'2018-07-17 21:05:58','2018-07-17 21:06:43'),(5,77,'2018-07-17 21:06:43','2018-07-17 21:07:28'),(5,77,'2018-07-17 21:07:28','2018-07-17 21:08:13'),(5,130,'2018-08-03 19:35:07','2018-08-03 19:35:52'),(5,130,'2018-08-03 19:35:52','2018-08-03 19:36:37'),(5,130,'2018-08-03 19:36:37','2018-08-03 19:37:22'),(5,130,'2018-08-03 19:38:23','2018-08-03 19:39:08'),(5,130,'2018-08-03 19:39:08','2018-08-03 19:39:53'),(5,130,'2018-08-03 19:39:53','2018-08-03 19:40:38'),(5,130,'2018-08-03 19:40:25','2018-08-03 19:41:10'),(5,130,'2018-08-03 19:41:10','2018-08-03 19:41:55'),(5,130,'2018-08-03 19:42:25','2018-08-03 19:43:10'),(5,130,'2018-08-03 19:43:10','2018-08-03 19:43:55'),(5,130,'2018-08-03 19:43:55','2018-08-03 19:44:40'),(5,130,'2018-08-03 19:44:40','2018-08-03 19:45:25'),(5,130,'2018-08-03 19:45:25','2018-08-03 19:46:10'),(5,130,'2018-08-03 19:46:10','2018-08-03 19:46:55'),(5,130,'2018-08-03 19:46:55','2018-08-03 19:47:40'),(5,130,'2018-08-03 19:47:40','2018-08-03 19:48:25'),(5,130,'2018-08-03 19:48:25','2018-08-03 19:49:10'),(5,130,'2018-08-03 19:49:10','2018-08-03 19:49:55'),(5,130,'2018-08-03 19:49:55','2018-08-03 19:50:40'),(5,130,'2018-08-03 19:50:40','2018-08-03 19:51:25'),(5,130,'2018-08-03 19:52:15','2018-08-03 19:53:00'),(5,130,'2018-08-03 19:53:00','2018-08-03 19:53:45'),(5,130,'2018-08-03 19:53:45','2018-08-03 19:54:30'),(5,130,'2018-08-03 19:54:30','2018-08-03 19:55:15'),(5,130,'2018-08-03 19:55:15','2018-08-03 19:56:00'),(5,131,'2018-08-03 19:52:13','2018-08-03 19:52:58'),(5,131,'2018-08-03 19:52:58','2018-08-03 19:53:43'),(5,131,'2018-08-03 19:53:43','2018-08-03 19:54:28'),(5,131,'2018-08-03 19:54:28','2018-08-03 19:55:13'),(5,131,'2018-08-03 19:55:13','2018-08-03 19:55:58'),(5,131,'2018-08-03 19:55:58','2018-08-03 19:56:43'),(5,131,'2018-08-03 19:56:43','2018-08-03 19:57:28'),(5,131,'2018-08-03 19:57:28','2018-08-03 19:58:13'),(5,131,'2018-08-03 19:58:13','2018-08-03 19:58:58'),(5,131,'2018-08-03 19:58:58','2018-08-03 19:59:43'),(5,131,'2018-08-03 19:59:43','2018-08-03 20:00:28'),(5,131,'2018-08-03 20:00:28','2018-08-03 20:01:13'),(5,131,'2018-08-03 20:01:13','2018-08-03 20:01:58'),(5,131,'2018-08-03 20:01:58','2018-08-03 20:02:43'),(5,131,'2018-08-03 20:02:43','2018-08-03 20:03:28'),(5,131,'2018-08-03 20:03:28','2018-08-03 20:04:13'),(5,131,'2018-08-03 20:04:13','2018-08-03 20:04:58'),(5,131,'2018-08-03 20:04:58','2018-08-03 20:05:43'),(5,131,'2018-08-03 20:05:43','2018-08-03 20:06:28'),(5,131,'2018-08-03 20:06:28','2018-08-03 20:07:13'),(5,131,'2018-08-03 20:07:13','2018-08-03 20:07:58'),(5,131,'2018-08-03 20:07:58','2018-08-03 20:08:43'),(5,131,'2018-08-03 20:08:43','2018-08-03 20:09:28'),(5,133,'2018-08-03 19:55:41','2018-08-03 19:56:26'),(5,133,'2018-08-03 19:56:26','2018-08-03 19:57:11'),(5,133,'2018-08-03 19:57:11','2018-08-03 19:57:56'),(5,133,'2018-08-03 19:57:56','2018-08-03 19:58:41'),(5,133,'2018-08-03 19:58:41','2018-08-03 19:59:26'),(5,133,'2018-08-03 19:59:26','2018-08-03 20:00:11'),(5,133,'2018-08-03 20:00:11','2018-08-03 20:00:56'),(5,133,'2018-08-03 20:00:56','2018-08-03 20:01:41'),(5,133,'2018-08-03 20:01:41','2018-08-03 20:02:26'),(5,133,'2018-08-03 20:02:26','2018-08-03 20:03:11'),(5,133,'2018-08-03 20:03:11','2018-08-03 20:03:56'),(5,133,'2018-08-03 20:03:56','2018-08-03 20:04:41'),(5,133,'2018-08-03 20:04:41','2018-08-03 20:05:26'),(5,133,'2018-08-03 20:05:26','2018-08-03 20:06:11'),(5,133,'2018-08-03 20:06:11','2018-08-03 20:06:56'),(5,133,'2018-08-03 20:06:56','2018-08-03 20:07:41'),(5,133,'2018-08-03 20:07:41','2018-08-03 20:08:26'),(5,133,'2018-08-03 20:08:26','2018-08-03 20:09:11'),(5,134,'2018-08-03 20:02:31','2018-08-03 20:03:16'),(5,134,'2018-08-03 20:03:16','2018-08-03 20:04:01'),(5,134,'2018-08-03 20:04:01','2018-08-03 20:04:46'),(5,134,'2018-08-03 20:04:46','2018-08-03 20:05:31'),(5,134,'2018-08-03 20:05:31','2018-08-03 20:06:16'),(5,134,'2018-08-03 20:06:16','2018-08-03 20:07:01'),(5,134,'2018-08-03 20:07:01','2018-08-03 20:07:46'),(5,134,'2018-08-03 20:07:46','2018-08-03 20:08:31'),(5,134,'2018-08-03 20:08:31','2018-08-03 20:09:16'),(5,162,'2018-09-06 18:38:53','2018-09-06 18:39:38'),(5,162,'2018-09-06 18:39:38','2018-09-06 18:40:23'),(5,162,'2018-09-06 18:40:23','2018-09-06 18:41:08'),(5,162,'2018-09-06 18:41:08','2018-09-06 18:41:53'),(5,162,'2018-09-06 18:41:53','2018-09-06 18:42:38'),(5,162,'2018-09-06 18:42:38','2018-09-06 18:43:23'),(5,162,'2018-09-06 18:43:23','2018-09-06 18:44:08'),(5,162,'2018-09-06 18:44:08','2018-09-06 18:44:53'),(5,162,'2018-09-06 18:44:53','2018-09-06 18:45:38'),(5,162,'2018-09-06 18:45:38','2018-09-06 18:46:23'),(5,162,'2018-09-06 18:46:23','2018-09-06 18:47:08'),(5,162,'2018-09-06 18:47:08',NULL),(5,163,'2018-09-06 18:39:07','2018-09-06 18:39:52'),(5,163,'2018-09-06 18:39:52','2018-09-06 18:40:37'),(5,163,'2018-09-06 18:40:37','2018-09-06 18:41:22'),(5,163,'2018-09-06 18:41:22','2018-09-06 18:42:07'),(5,163,'2018-09-06 18:42:07','2018-09-06 18:42:52'),(5,163,'2018-09-06 18:42:52','2018-09-06 18:43:37'),(5,163,'2018-09-06 18:43:37','2018-09-06 18:44:22'),(5,163,'2018-09-06 18:44:22','2018-09-06 18:45:07'),(5,163,'2018-09-06 18:45:07','2018-09-06 18:45:52'),(5,163,'2018-09-06 18:45:52','2018-09-06 18:46:37'),(5,163,'2018-09-06 18:46:37','2018-09-06 18:47:22'),(5,163,'2018-09-06 18:47:22',NULL),(5,165,'2018-09-06 18:41:43','2018-09-06 18:42:28'),(5,165,'2018-09-06 18:42:28','2018-09-06 18:43:13'),(5,165,'2018-09-06 18:43:13','2018-09-06 18:43:58'),(5,165,'2018-09-06 18:43:58','2018-09-06 18:44:43'),(5,165,'2018-09-06 18:44:43','2018-09-06 18:45:28'),(5,165,'2018-09-06 18:45:28','2018-09-06 18:46:13'),(5,165,'2018-09-06 18:46:13','2018-09-06 18:46:58'),(5,165,'2018-09-06 18:46:58',NULL),(7,13,'2018-07-16 15:21:15','2018-07-16 15:22:45'),(7,13,'2018-07-16 15:22:45','2018-07-16 15:24:15'),(7,13,'2018-07-16 15:24:15','2018-07-16 15:25:45'),(7,13,'2018-07-16 15:25:45','2018-07-16 15:27:15'),(7,13,'2018-07-16 15:27:15','2018-07-16 15:28:45'),(7,13,'2018-07-16 15:28:45','2018-07-16 15:30:15'),(7,13,'2018-07-16 15:30:15','2018-07-16 15:31:45'),(7,13,'2018-07-16 15:31:45','2018-07-16 15:33:15'),(7,13,'2018-07-16 15:33:15','2018-07-16 15:34:45'),(7,13,'2018-07-16 15:34:45','2018-07-16 15:36:15'),(7,13,'2018-07-16 15:36:15','2018-07-16 15:37:45'),(7,13,'2018-07-16 15:37:45','2018-07-16 15:39:15'),(7,13,'2018-07-16 15:39:15','2018-07-16 15:40:45'),(7,13,'2018-07-16 15:40:45','2018-07-16 15:42:15'),(7,13,'2018-07-16 15:42:15','2018-07-16 15:43:45'),(7,13,'2018-07-16 15:43:45','2018-07-16 15:45:15'),(7,13,'2018-07-16 15:45:15','2018-07-16 15:46:45'),(7,13,'2018-07-16 15:46:45','2018-07-16 15:48:15'),(7,13,'2018-07-16 15:48:15','2018-07-16 15:49:45'),(7,13,'2018-07-16 15:49:45','2018-07-16 15:51:15'),(7,13,'2018-07-16 15:51:15','2018-07-16 15:52:45'),(7,13,'2018-07-16 15:52:45','2018-07-16 15:54:15'),(7,13,'2018-07-16 15:54:15','2018-07-16 15:55:45'),(7,13,'2018-07-16 15:55:45','2018-07-16 15:57:15'),(7,13,'2018-07-16 15:57:15','2018-07-16 15:58:45'),(7,13,'2018-07-16 15:58:45','2018-07-16 16:00:15'),(7,13,'2018-07-16 16:00:15',NULL),(7,15,'2018-07-16 15:23:13','2018-07-16 15:24:43'),(7,15,'2018-07-16 15:24:43','2018-07-16 15:26:13'),(7,15,'2018-07-16 15:26:13','2018-07-16 15:27:43'),(7,15,'2018-07-16 15:27:43','2018-07-16 15:29:13'),(7,15,'2018-07-16 15:29:13','2018-07-16 15:30:43'),(7,15,'2018-07-16 15:30:43','2018-07-16 15:32:13'),(7,15,'2018-07-16 15:32:13','2018-07-16 15:33:43'),(7,15,'2018-07-16 15:33:43','2018-07-16 15:35:13'),(7,15,'2018-07-16 15:35:13','2018-07-16 15:36:43'),(7,15,'2018-07-16 15:36:43','2018-07-16 15:38:13'),(7,15,'2018-07-16 15:38:13','2018-07-16 15:39:43'),(7,15,'2018-07-16 15:39:43','2018-07-16 15:41:13'),(7,15,'2018-07-16 15:41:13','2018-07-16 15:42:43'),(7,15,'2018-07-16 15:42:43','2018-07-16 15:44:13'),(7,15,'2018-07-16 15:44:13','2018-07-16 15:45:43'),(7,15,'2018-07-16 15:45:43','2018-07-16 15:47:13'),(7,15,'2018-07-16 15:47:13','2018-07-16 15:48:43'),(7,15,'2018-07-16 15:48:43','2018-07-16 15:50:13'),(7,15,'2018-07-16 15:50:13','2018-07-16 15:51:43'),(7,15,'2018-07-16 15:51:43','2018-07-16 15:53:13'),(7,15,'2018-07-16 15:53:13','2018-07-16 15:54:43'),(7,15,'2018-07-16 15:54:43','2018-07-16 15:56:13'),(7,15,'2018-07-16 15:56:13','2018-07-16 15:57:43'),(7,15,'2018-07-16 15:57:43','2018-07-16 15:59:13'),(7,15,'2018-07-16 15:59:13',NULL),(7,26,'2018-07-16 16:27:02','2018-07-16 16:28:32'),(7,26,'2018-07-16 16:28:32','2018-07-16 16:30:02'),(7,26,'2018-07-16 16:30:02','2018-07-16 16:31:32'),(7,26,'2018-07-16 16:31:32','2018-07-16 16:33:02'),(7,26,'2018-07-16 16:33:02','2018-07-16 16:34:32'),(7,26,'2018-07-16 16:34:32','2018-07-16 16:36:02'),(7,26,'2018-07-16 16:36:02','2018-07-16 16:37:32'),(7,26,'2018-07-16 16:37:32','2018-07-16 16:39:02'),(7,26,'2018-07-16 16:39:02','2018-07-16 16:40:32'),(7,26,'2018-07-16 16:40:32','2018-07-16 16:42:02'),(7,26,'2018-07-16 16:42:02','2018-07-16 16:43:32'),(7,26,'2018-07-16 16:43:32','2018-07-16 16:45:02'),(7,26,'2018-07-16 16:45:02','2018-07-16 16:46:32'),(7,26,'2018-07-16 16:46:32','2018-07-16 16:48:02'),(7,26,'2018-07-16 16:48:02','2018-07-16 16:49:32'),(7,26,'2018-07-16 16:49:32','2018-07-16 16:51:02'),(7,26,'2018-07-16 16:51:02','2018-07-16 16:52:32'),(7,26,'2018-07-16 16:52:32','2018-07-16 16:54:02'),(7,26,'2018-07-16 16:54:02','2018-07-16 16:55:32'),(7,26,'2018-07-16 16:55:32','2018-07-16 16:57:02'),(7,26,'2018-07-16 16:57:02','2018-07-16 16:58:32'),(7,26,'2018-07-16 16:58:32','2018-07-16 17:00:02'),(7,26,'2018-07-16 17:00:02','2018-07-16 17:01:32'),(7,26,'2018-07-16 17:01:32','2018-07-16 17:03:02'),(7,26,'2018-07-16 17:03:02','2018-07-16 17:04:32'),(7,45,'2018-07-17 20:00:54','2018-07-17 20:01:39'),(7,45,'2018-07-17 20:01:39','2018-07-17 20:02:24'),(7,45,'2018-07-17 20:02:24','2018-07-17 20:03:09'),(7,45,'2018-07-17 20:03:09','2018-07-17 20:03:54'),(7,45,'2018-07-17 20:03:54','2018-07-17 20:04:39'),(7,45,'2018-07-17 20:04:39','2018-07-17 20:05:24'),(7,45,'2018-07-17 20:05:24','2018-07-17 20:06:09'),(7,45,'2018-07-17 20:06:09','2018-07-17 20:06:54'),(7,45,'2018-07-17 20:06:54','2018-07-17 20:07:39'),(7,45,'2018-07-17 20:07:39','2018-07-17 20:08:24'),(7,45,'2018-07-17 20:08:24','2018-07-17 20:09:09'),(7,45,'2018-07-17 20:09:09','2018-07-17 20:09:54'),(7,45,'2018-07-17 20:09:54','2018-07-17 20:10:39'),(7,45,'2018-07-17 20:10:39','2018-07-17 20:11:24'),(7,45,'2018-07-17 20:11:24','2018-07-17 20:12:09'),(7,45,'2018-07-17 20:12:09','2018-07-17 20:12:54'),(7,45,'2018-07-17 20:12:54','2018-07-17 20:13:39'),(7,45,'2018-07-17 20:13:39','2018-07-17 20:14:24'),(7,45,'2018-07-17 20:14:24','2018-07-17 20:15:09'),(7,45,'2018-07-17 20:15:09','2018-07-17 20:15:54'),(7,45,'2018-07-17 20:15:54','2018-07-17 20:16:39'),(7,45,'2018-07-17 20:16:39','2018-07-17 20:17:24'),(7,45,'2018-07-17 20:17:24','2018-07-17 20:18:09'),(7,45,'2018-07-17 20:18:09','2018-07-17 20:18:54'),(7,45,'2018-07-17 20:18:54','2018-07-17 20:19:39'),(7,45,'2018-07-17 20:19:39',NULL),(7,46,'2018-07-17 20:00:59','2018-07-17 20:01:44'),(7,46,'2018-07-17 20:01:44','2018-07-17 20:02:29'),(7,46,'2018-07-17 20:02:29','2018-07-17 20:03:14'),(7,46,'2018-07-17 20:03:14','2018-07-17 20:03:59'),(7,46,'2018-07-17 20:03:59','2018-07-17 20:04:44'),(7,46,'2018-07-17 20:04:44','2018-07-17 20:05:29'),(7,46,'2018-07-17 20:05:29','2018-07-17 20:06:14'),(7,46,'2018-07-17 20:06:14','2018-07-17 20:06:59'),(7,46,'2018-07-17 20:06:59','2018-07-17 20:07:44'),(7,46,'2018-07-17 20:07:44','2018-07-17 20:08:29'),(7,46,'2018-07-17 20:08:29','2018-07-17 20:09:14'),(7,46,'2018-07-17 20:09:14','2018-07-17 20:09:59'),(7,46,'2018-07-17 20:09:59','2018-07-17 20:10:44'),(7,46,'2018-07-17 20:10:44','2018-07-17 20:11:29'),(7,46,'2018-07-17 20:11:29','2018-07-17 20:12:14'),(7,46,'2018-07-17 20:12:14','2018-07-17 20:12:59'),(7,46,'2018-07-17 20:12:59','2018-07-17 20:13:44'),(7,46,'2018-07-17 20:13:44','2018-07-17 20:14:29'),(7,46,'2018-07-17 20:14:29','2018-07-17 20:15:14'),(7,46,'2018-07-17 20:15:14','2018-07-17 20:15:59'),(7,46,'2018-07-17 20:15:59','2018-07-17 20:16:44'),(7,46,'2018-07-17 20:16:44','2018-07-17 20:17:29'),(7,46,'2018-07-17 20:17:29','2018-07-17 20:18:14'),(7,46,'2018-07-17 20:18:14','2018-07-17 20:18:59'),(7,46,'2018-07-17 20:18:59','2018-07-17 20:19:44'),(7,46,'2018-07-17 20:19:44',NULL),(7,74,'2018-07-17 20:34:32','2018-07-17 20:35:17'),(7,74,'2018-07-17 20:35:17','2018-07-17 20:36:02'),(7,74,'2018-07-17 20:36:02','2018-07-17 20:36:47'),(7,74,'2018-07-17 20:36:47','2018-07-17 20:37:32'),(7,74,'2018-07-17 20:37:32','2018-07-17 20:38:17'),(7,74,'2018-07-17 20:38:17','2018-07-17 20:39:02'),(7,74,'2018-07-17 20:39:02','2018-07-17 20:39:47'),(7,74,'2018-07-17 20:39:47','2018-07-17 20:40:32'),(7,74,'2018-07-17 20:40:32','2018-07-17 20:41:17'),(7,74,'2018-07-17 20:41:17','2018-07-17 20:42:02'),(7,74,'2018-07-17 20:42:02','2018-07-17 20:42:47'),(7,74,'2018-07-17 20:42:47','2018-07-17 20:43:32'),(7,74,'2018-07-17 20:43:32','2018-07-17 20:44:17'),(7,74,'2018-07-17 20:44:17','2018-07-17 20:45:02'),(7,74,'2018-07-17 20:45:02','2018-07-17 20:45:47'),(7,74,'2018-07-17 20:45:47','2018-07-17 20:46:32'),(7,74,'2018-07-17 20:46:32','2018-07-17 20:47:17'),(7,74,'2018-07-17 20:47:17','2018-07-17 20:48:02'),(7,74,'2018-07-17 20:48:02','2018-07-17 20:48:47'),(7,74,'2018-07-17 20:48:47','2018-07-17 20:49:32'),(7,74,'2018-07-17 20:49:32','2018-07-17 20:50:17'),(7,74,'2018-07-17 20:50:17','2018-07-17 20:51:02'),(7,74,'2018-07-17 20:51:02','2018-07-17 20:51:47'),(7,74,'2018-07-17 20:51:47','2018-07-17 20:52:32'),(7,74,'2018-07-17 20:52:32','2018-07-17 20:53:17'),(7,144,'2018-08-05 12:33:20','2018-08-05 12:34:05'),(7,144,'2018-08-05 12:34:05','2018-08-05 12:34:50'),(7,144,'2018-08-05 12:34:50','2018-08-05 12:35:35'),(7,144,'2018-08-05 12:35:35','2018-08-05 12:36:20'),(7,144,'2018-08-05 12:36:20','2018-08-05 12:37:05'),(7,144,'2018-08-05 12:37:05','2018-08-05 12:37:50'),(7,144,'2018-08-05 12:37:50','2018-08-05 12:38:35'),(7,144,'2018-08-05 12:38:35','2018-08-05 12:39:20'),(7,144,'2018-08-05 12:39:20','2018-08-05 12:40:05'),(7,144,'2018-08-05 12:40:05','2018-08-05 12:40:50'),(7,144,'2018-08-05 12:40:50','2018-08-05 12:41:35'),(7,144,'2018-08-05 12:41:35','2018-08-05 12:42:20'),(7,144,'2018-08-05 12:42:20','2018-08-05 12:43:05'),(7,144,'2018-08-05 12:43:05','2018-08-05 12:43:50'),(7,144,'2018-08-05 12:43:50','2018-08-05 12:44:35'),(7,144,'2018-08-05 12:44:35','2018-08-05 12:45:20'),(7,144,'2018-08-05 12:45:20','2018-08-05 12:46:05'),(7,144,'2018-08-05 12:46:05','2018-08-05 12:46:50'),(7,144,'2018-08-05 12:46:50','2018-08-05 12:47:35'),(7,144,'2018-08-05 12:47:35','2018-08-05 12:48:20'),(7,144,'2018-08-05 12:48:20','2018-08-05 12:49:05'),(7,144,'2018-08-05 12:49:05','2018-08-05 12:49:50'),(7,144,'2018-08-05 12:49:50','2018-08-05 12:50:35'),(7,144,'2018-08-05 12:50:35','2018-08-05 12:51:20'),(7,144,'2018-08-05 12:51:20','2018-08-05 12:52:05'),(7,144,'2018-08-05 12:52:05','2018-08-05 12:52:50'),(7,144,'2018-08-05 12:52:50','2018-08-05 12:53:35'),(7,144,'2018-08-05 12:53:35','2018-08-05 12:54:20'),(7,144,'2018-08-05 12:54:20','2018-08-05 12:55:05'),(7,144,'2018-08-05 12:55:05','2018-08-05 12:55:50'),(7,144,'2018-08-05 12:55:50','2018-08-05 12:56:35'),(7,144,'2018-08-05 12:56:35','2018-08-05 12:57:20'),(7,144,'2018-08-05 12:57:20','2018-08-05 12:58:05'),(7,144,'2018-08-05 12:58:05','2018-08-05 12:58:50'),(7,144,'2018-08-05 12:58:50','2018-08-05 12:59:35'),(7,144,'2018-08-05 12:59:35','2018-08-05 13:00:20'),(7,144,'2018-08-05 13:00:20','2018-08-05 13:01:05'),(7,144,'2018-08-05 13:01:05','2018-08-05 13:01:50'),(7,144,'2018-08-05 13:01:50','2018-08-05 13:02:35'),(7,144,'2018-08-05 13:02:35','2018-08-05 13:03:20'),(7,144,'2018-08-05 13:03:20','2018-08-05 13:04:05'),(7,144,'2018-08-05 13:04:05','2018-08-05 13:04:50'),(7,144,'2018-08-05 13:04:50','2018-08-05 13:05:35'),(7,144,'2018-08-05 13:05:35','2018-08-05 13:06:20'),(7,144,'2018-08-05 13:06:20','2018-08-05 13:07:05'),(7,144,'2018-08-05 13:07:05','2018-08-05 13:07:50'),(7,144,'2018-08-05 13:07:50','2018-08-05 13:08:35'),(7,144,'2018-08-05 13:08:35','2018-08-05 13:09:20'),(7,144,'2018-08-05 13:09:20','2018-08-05 13:10:05'),(7,144,'2018-08-05 13:10:05','2018-08-05 13:10:50'),(7,144,'2018-08-05 13:10:50','2018-08-05 13:11:35'),(7,144,'2018-08-05 13:11:35','2018-08-05 13:12:20'),(7,144,'2018-08-05 13:12:20','2018-08-05 13:13:05'),(7,144,'2018-08-05 13:13:05','2018-08-05 13:13:50'),(7,144,'2018-08-05 13:13:50','2018-08-05 13:14:35'),(7,144,'2018-08-05 13:14:35','2018-08-05 13:15:20'),(7,144,'2018-08-05 13:15:20','2018-08-05 13:16:05'),(7,144,'2018-08-05 13:16:05','2018-08-05 13:16:50'),(7,144,'2018-08-05 13:16:50','2018-08-05 13:17:35'),(7,144,'2018-08-05 13:17:35','2018-08-05 13:18:20'),(7,146,'2018-08-05 12:50:34','2018-08-05 12:51:04'),(7,146,'2018-08-05 12:51:04','2018-08-05 12:51:34'),(7,146,'2018-08-05 12:51:34','2018-08-05 12:52:04'),(7,146,'2018-08-05 12:52:04','2018-08-05 12:52:34'),(7,146,'2018-08-05 12:52:34','2018-08-05 12:53:04'),(7,146,'2018-08-05 12:53:04','2018-08-05 12:53:34'),(7,146,'2018-08-05 12:53:34','2018-08-05 12:54:04'),(7,146,'2018-08-05 12:54:04','2018-08-05 12:54:34'),(7,146,'2018-08-05 12:54:34','2018-08-05 12:55:04'),(7,146,'2018-08-05 12:55:04','2018-08-05 12:55:34'),(7,146,'2018-08-05 12:55:34','2018-08-05 12:56:04'),(7,146,'2018-08-05 12:56:04','2018-08-05 12:56:34'),(7,146,'2018-08-05 12:56:34','2018-08-05 12:57:04'),(7,146,'2018-08-05 12:57:04','2018-08-05 12:57:34'),(7,146,'2018-08-05 12:57:34','2018-08-05 12:58:04'),(7,146,'2018-08-05 12:58:04','2018-08-05 12:58:34'),(7,146,'2018-08-05 12:58:34','2018-08-05 12:59:04'),(7,146,'2018-08-05 12:59:04','2018-08-05 12:59:34'),(7,146,'2018-08-05 12:59:34','2018-08-05 13:00:04'),(7,146,'2018-08-05 13:00:04','2018-08-05 13:00:34'),(7,146,'2018-08-05 13:00:34','2018-08-05 13:01:04'),(7,146,'2018-08-05 13:01:04','2018-08-05 13:01:34'),(7,146,'2018-08-05 13:01:34','2018-08-05 13:02:04'),(7,146,'2018-08-05 13:02:04','2018-08-05 13:02:34'),(7,146,'2018-08-05 13:02:34','2018-08-05 13:03:04'),(7,146,'2018-08-05 13:03:04','2018-08-05 13:03:34'),(7,146,'2018-08-05 13:03:34','2018-08-05 13:04:04'),(7,146,'2018-08-05 13:04:04','2018-08-05 13:04:34'),(7,146,'2018-08-05 13:04:34','2018-08-05 13:05:04'),(7,146,'2018-08-05 13:05:04','2018-08-05 13:05:34'),(7,146,'2018-08-05 13:05:34','2018-08-05 13:06:04'),(7,146,'2018-08-05 13:06:04','2018-08-05 13:06:34'),(7,146,'2018-08-05 13:06:34','2018-08-05 13:07:04'),(7,146,'2018-08-05 13:07:04','2018-08-05 13:07:34'),(7,146,'2018-08-05 13:07:34','2018-08-05 13:08:04'),(7,146,'2018-08-05 13:08:04','2018-08-05 13:08:34'),(7,146,'2018-08-05 13:08:34','2018-08-05 13:09:04'),(7,146,'2018-08-05 13:09:04','2018-08-05 13:09:34'),(7,146,'2018-08-05 13:09:34','2018-08-05 13:10:04'),(7,146,'2018-08-05 13:10:04','2018-08-05 13:10:34'),(7,146,'2018-08-05 13:10:34','2018-08-05 13:11:04'),(7,146,'2018-08-05 13:11:04','2018-08-05 13:11:34'),(7,146,'2018-08-05 13:11:34','2018-08-05 13:12:04'),(7,146,'2018-08-05 13:12:04','2018-08-05 13:12:34'),(7,146,'2018-08-05 13:12:34','2018-08-05 13:13:04'),(7,146,'2018-08-05 13:13:04','2018-08-05 13:13:34'),(7,146,'2018-08-05 13:13:34','2018-08-05 13:14:04'),(7,146,'2018-08-05 13:14:04','2018-08-05 13:14:34'),(7,146,'2018-08-05 13:14:34','2018-08-05 13:15:04'),(7,146,'2018-08-05 13:15:04','2018-08-05 13:15:34'),(7,146,'2018-08-05 13:15:34','2018-08-05 13:16:04'),(7,146,'2018-08-05 13:16:04','2018-08-05 13:16:34'),(7,146,'2018-08-05 13:16:34','2018-08-05 13:17:04'),(7,146,'2018-08-05 13:17:04','2018-08-05 13:17:34'),(7,146,'2018-08-05 13:17:34','2018-08-05 13:18:04'),(7,146,'2018-08-05 13:18:04','2018-08-05 13:18:34'),(7,146,'2018-08-05 13:18:34','2018-08-05 13:19:04'),(7,146,'2018-08-05 13:19:04','2018-08-05 13:19:34'),(7,146,'2018-08-05 13:19:34','2018-08-05 13:20:04'),(7,146,'2018-08-05 13:20:04','2018-08-05 13:20:34'),(7,146,'2018-08-05 13:20:34','2018-08-05 13:21:04'),(7,146,'2018-08-05 13:21:04','2018-08-05 13:21:34'),(7,146,'2018-08-05 13:21:34','2018-08-05 13:22:04'),(7,146,'2018-08-05 13:22:04','2018-08-05 13:22:34'),(7,146,'2018-08-05 13:22:34','2018-08-05 13:23:04'),(7,146,'2018-08-05 13:23:04','2018-08-05 13:23:34'),(7,146,'2018-08-05 13:23:34','2018-08-05 13:24:04'),(7,146,'2018-08-05 13:24:04','2018-08-05 13:24:34'),(7,146,'2018-08-05 13:24:34','2018-08-05 13:25:04'),(7,146,'2018-08-05 13:25:04','2018-08-05 13:25:34'),(7,146,'2018-08-05 13:25:34','2018-08-05 13:26:04'),(7,146,'2018-08-05 13:26:04','2018-08-05 13:26:34'),(7,146,'2018-08-05 13:26:34','2018-08-05 13:27:04'),(7,146,'2018-08-05 13:27:04','2018-08-05 13:27:34'),(7,146,'2018-08-05 13:27:34','2018-08-05 13:28:04'),(7,146,'2018-08-05 13:28:04','2018-08-05 13:28:34'),(7,146,'2018-08-05 13:28:34','2018-08-05 13:29:04'),(7,146,'2018-08-05 13:29:04','2018-08-05 13:29:34'),(7,146,'2018-08-05 13:29:34','2018-08-05 13:30:04'),(7,146,'2018-08-05 13:30:04','2018-08-05 13:30:34'),(7,146,'2018-08-05 13:30:34','2018-08-05 13:31:04'),(7,146,'2018-08-05 13:31:04','2018-08-05 13:31:34'),(7,146,'2018-08-05 13:31:34','2018-08-05 13:32:04'),(7,146,'2018-08-05 13:32:04','2018-08-05 13:32:34'),(7,146,'2018-08-05 13:32:34','2018-08-05 13:33:04'),(7,146,'2018-08-05 13:33:04','2018-08-05 13:33:34'),(7,146,'2018-08-05 13:33:34','2018-08-05 13:34:04'),(7,146,'2018-08-05 13:34:04','2018-08-05 13:34:34'),(7,146,'2018-08-05 13:34:34','2018-08-05 13:35:04'),(7,146,'2018-08-05 13:35:04','2018-08-05 13:35:34'),(7,158,'2018-09-06 18:03:32','2018-09-06 18:04:17'),(7,158,'2018-09-06 18:04:17','2018-09-06 18:05:02'),(7,158,'2018-09-06 18:05:02','2018-09-06 18:05:47'),(7,158,'2018-09-06 18:05:47','2018-09-06 18:06:32'),(7,158,'2018-09-06 18:06:32','2018-09-06 18:07:17'),(7,158,'2018-09-06 18:07:17','2018-09-06 18:08:02'),(7,158,'2018-09-06 18:08:02','2018-09-06 18:08:47'),(7,158,'2018-09-06 18:08:47','2018-09-06 18:09:32'),(7,158,'2018-09-06 18:09:32','2018-09-06 18:10:17'),(7,158,'2018-09-06 18:10:17','2018-09-06 18:11:02'),(7,158,'2018-09-06 18:11:02','2018-09-06 18:11:47'),(7,158,'2018-09-06 18:11:47','2018-09-06 18:12:32'),(7,158,'2018-09-06 18:12:32','2018-09-06 18:13:17'),(7,158,'2018-09-06 18:13:17','2018-09-06 18:14:02'),(7,158,'2018-09-06 18:14:02','2018-09-06 18:14:47'),(7,158,'2018-09-06 18:14:47','2018-09-06 18:15:32'),(7,158,'2018-09-06 18:15:32','2018-09-06 18:16:17'),(7,158,'2018-09-06 18:16:17','2018-09-06 18:17:02'),(7,158,'2018-09-06 18:17:02','2018-09-06 18:17:47'),(7,158,'2018-09-06 18:17:47','2018-09-06 18:18:32'),(7,158,'2018-09-06 18:18:32','2018-09-06 18:19:17'),(7,158,'2018-09-06 18:19:17','2018-09-06 18:20:02'),(7,158,'2018-09-06 18:20:02','2018-09-06 18:20:47'),(7,158,'2018-09-06 18:20:47','2018-09-06 18:21:32'),(7,158,'2018-09-06 18:21:32','2018-09-06 18:22:17'),(7,158,'2018-09-06 18:22:17','2018-09-06 18:23:02'),(7,158,'2018-09-06 18:23:02','2018-09-06 18:23:47'),(7,158,'2018-09-06 18:23:47','2018-09-06 18:24:32'),(7,158,'2018-09-06 18:24:32','2018-09-06 18:25:17'),(7,158,'2018-09-06 18:25:17','2018-09-06 18:26:02'),(7,158,'2018-09-06 18:26:02','2018-09-06 18:26:47'),(7,158,'2018-09-06 18:26:47','2018-09-06 18:27:32'),(7,161,'2018-09-06 18:13:45','2018-09-06 18:14:30'),(7,161,'2018-09-06 18:14:30','2018-09-06 18:15:15'),(7,161,'2018-09-06 18:15:15','2018-09-06 18:16:00'),(7,161,'2018-09-06 18:16:00','2018-09-06 18:16:45'),(7,161,'2018-09-06 18:16:45','2018-09-06 18:17:30'),(7,161,'2018-09-06 18:17:30','2018-09-06 18:18:15'),(7,161,'2018-09-06 18:18:15','2018-09-06 18:19:00'),(7,161,'2018-09-06 18:19:00','2018-09-06 18:19:45'),(7,161,'2018-09-06 18:19:45','2018-09-06 18:20:30'),(7,161,'2018-09-06 18:20:30','2018-09-06 18:21:15'),(7,161,'2018-09-06 18:21:15','2018-09-06 18:22:00'),(7,161,'2018-09-06 18:22:00','2018-09-06 18:22:45'),(7,161,'2018-09-06 18:22:45','2018-09-06 18:23:30'),(7,161,'2018-09-06 18:23:30','2018-09-06 18:24:15'),(7,161,'2018-09-06 18:24:15','2018-09-06 18:25:00'),(7,161,'2018-09-06 18:25:00','2018-09-06 18:25:45'),(7,161,'2018-09-06 18:25:45','2018-09-06 18:26:30'),(7,161,'2018-09-06 18:26:30','2018-09-06 18:27:15'),(7,192,'2018-11-03 23:49:07','2018-11-03 23:49:52'),(7,192,'2018-11-03 23:49:52','2018-11-03 23:50:37'),(7,192,'2018-11-03 23:50:37','2018-11-03 23:51:22'),(7,192,'2018-11-03 23:51:22','2018-11-03 23:52:07'),(7,192,'2018-11-03 23:52:07','2018-11-03 23:52:07'),(7,192,'2018-11-03 23:52:08','2018-11-03 23:52:53'),(7,192,'2018-11-03 23:52:53','2018-11-03 23:53:38'),(7,192,'2018-11-03 23:53:38','2018-11-03 23:54:23'),(7,192,'2018-11-03 23:54:23','2018-11-03 23:55:08'),(7,192,'2018-11-03 23:55:08','2018-11-03 23:55:53'),(7,192,'2018-11-03 23:55:53','2018-11-03 23:56:38'),(7,192,'2018-11-03 23:56:38','2018-11-03 23:57:23'),(7,192,'2018-11-03 23:57:23','2018-11-03 23:58:08'),(7,192,'2018-11-03 23:58:08','2018-11-03 23:58:53'),(7,192,'2018-11-03 23:58:53','2018-11-03 23:59:38'),(7,192,'2018-11-03 23:59:38','2018-11-04 00:00:23'),(7,192,'2018-11-04 00:00:23','2018-11-04 00:01:08'),(7,192,'2018-11-04 00:01:08','2018-11-04 00:01:53'),(7,192,'2018-11-04 00:01:53','2018-11-04 00:02:38'),(7,192,'2018-11-04 00:02:38','2018-11-04 00:03:23'),(7,192,'2018-11-04 00:03:23','2018-11-04 00:03:23'),(7,193,'2018-11-03 23:49:08','2018-11-03 23:49:53'),(7,193,'2018-11-03 23:49:53','2018-11-03 23:50:38'),(7,193,'2018-11-03 23:50:38','2018-11-03 23:51:23'),(7,193,'2018-11-03 23:51:23','2018-11-03 23:52:08'),(7,193,'2018-11-03 23:52:08','2018-11-03 23:52:53'),(7,193,'2018-11-03 23:52:53','2018-11-03 23:52:54'),(7,193,'2018-11-03 23:52:54','2018-11-03 23:53:39'),(7,193,'2018-11-03 23:53:39','2018-11-03 23:54:24'),(7,193,'2018-11-03 23:54:24','2018-11-03 23:55:09'),(7,193,'2018-11-03 23:55:09','2018-11-03 23:55:54'),(7,193,'2018-11-03 23:55:54','2018-11-03 23:56:39'),(7,193,'2018-11-03 23:56:39','2018-11-03 23:57:24'),(7,193,'2018-11-03 23:57:24','2018-11-03 23:58:09'),(7,193,'2018-11-03 23:58:09','2018-11-03 23:58:54'),(7,193,'2018-11-03 23:58:54','2018-11-03 23:59:39'),(7,193,'2018-11-03 23:59:39','2018-11-04 00:00:24'),(7,193,'2018-11-04 00:00:24','2018-11-04 00:01:09'),(7,193,'2018-11-04 00:01:09','2018-11-04 00:01:54'),(7,193,'2018-11-04 00:01:54','2018-11-04 00:02:39'),(7,193,'2018-11-04 00:02:39','2018-11-04 00:03:24'),(7,193,'2018-11-04 00:03:24','2018-11-04 00:04:09'),(7,193,'2018-11-04 00:04:09','2018-11-04 00:04:54'),(7,193,'2018-11-04 00:04:54','2018-11-04 00:05:39'),(7,204,'2018-11-18 05:19:24','2018-11-18 05:20:09'),(7,204,'2018-11-18 05:20:09','2018-11-18 05:20:54'),(7,204,'2018-11-18 05:20:54','2018-11-18 05:21:39'),(7,204,'2018-11-18 05:21:39','2018-11-18 05:22:24'),(7,204,'2018-11-18 05:22:24','2018-11-18 05:23:09'),(7,204,'2018-11-18 05:23:09','2018-11-18 05:23:54'),(7,204,'2018-11-18 05:23:54','2018-11-18 05:24:39'),(7,204,'2018-11-18 05:24:39','2018-11-18 05:25:24'),(7,204,'2018-11-18 05:25:24','2018-11-18 05:26:09'),(7,204,'2018-11-18 05:26:09','2018-11-18 05:26:54'),(7,204,'2018-11-18 05:26:54','2018-11-18 05:27:39'),(7,204,'2018-11-18 05:27:39','2018-11-18 05:28:24'),(7,204,'2018-11-18 05:28:24','2018-11-18 05:29:09'),(7,204,'2018-11-18 05:29:09','2018-11-18 05:29:54'),(7,204,'2018-11-18 05:29:54','2018-11-18 05:30:39'),(7,204,'2018-11-18 05:30:39','2018-11-18 05:31:24'),(7,204,'2018-11-18 05:31:24','2018-11-18 05:32:09'),(7,204,'2018-11-18 05:32:09','2018-11-18 05:32:54'),(7,204,'2018-11-18 05:32:54','2018-11-18 05:33:39'),(7,204,'2018-11-18 05:33:39','2018-11-18 05:34:24'),(7,204,'2018-11-18 05:34:24','2018-11-18 05:35:09'),(7,204,'2018-11-18 05:35:09','2018-11-18 05:35:54'),(7,204,'2018-11-18 05:35:54','2018-11-18 05:36:39'),(7,204,'2018-11-18 05:36:39','2018-11-18 05:37:24'),(7,204,'2018-11-18 05:37:24','2018-11-18 05:38:09'),(7,204,'2018-11-18 05:38:09','2018-11-18 05:38:54'),(7,204,'2018-11-18 05:38:54','2018-11-18 05:39:39'),(7,204,'2018-11-18 05:39:39','2018-11-18 05:40:24'),(7,204,'2018-11-18 05:40:24','2018-11-18 05:41:09'),(7,204,'2018-11-18 05:41:09','2018-11-18 05:41:54'),(7,204,'2018-11-18 05:41:54','2018-11-26 00:42:16'),(7,204,'2018-11-26 00:42:16','2018-11-26 00:43:01'),(7,204,'2018-11-26 00:43:01','2018-11-26 00:43:46'),(7,204,'2018-11-26 00:43:46','2018-11-26 00:44:31'),(7,204,'2018-11-26 00:44:31','2018-11-26 00:45:16'),(7,204,'2018-11-26 00:45:16','2018-11-26 00:46:01'),(7,204,'2018-11-26 00:46:01','2018-11-26 00:46:46'),(7,204,'2018-11-26 00:46:46','2018-11-26 00:47:31'),(7,204,'2018-11-26 00:47:31','2018-11-26 00:48:16'),(7,204,'2018-11-26 00:48:16','2018-11-26 00:49:01'),(7,204,'2018-11-26 00:49:01','2018-11-26 00:49:46'),(7,204,'2018-11-26 00:49:46','2018-11-26 00:50:31'),(7,204,'2018-11-26 00:50:31','2018-11-26 00:51:16'),(7,204,'2018-11-26 00:51:16','2018-11-26 00:52:01'),(7,204,'2018-11-26 00:52:01','2018-11-26 00:52:46'),(7,204,'2018-11-26 00:52:46','2018-11-26 00:53:31'),(7,204,'2018-11-26 00:53:31','2018-11-26 00:54:16'),(7,204,'2018-11-26 00:54:16','2018-11-26 00:55:01'),(7,204,'2018-11-26 00:55:01','2018-11-26 00:55:46'),(7,204,'2018-11-26 00:55:46','2018-11-26 00:56:31'),(8,28,'2018-07-16 16:34:52','2018-07-16 16:36:52'),(8,28,'2018-07-16 16:36:52','2018-07-16 16:38:52'),(8,28,'2018-07-16 16:38:52','2018-07-16 16:40:52'),(8,28,'2018-07-16 16:40:52','2018-07-16 16:42:52'),(8,28,'2018-07-16 16:42:52','2018-07-16 16:44:52'),(8,28,'2018-07-16 16:44:52','2018-07-16 16:46:52'),(8,28,'2018-07-16 16:46:52','2018-07-16 16:48:52'),(8,28,'2018-07-16 16:48:52','2018-07-16 16:50:52'),(8,28,'2018-07-16 16:50:52','2018-07-16 16:52:52'),(8,28,'2018-07-16 17:49:03','2018-07-16 17:51:03'),(8,28,'2018-07-16 17:51:03','2018-07-16 17:53:03'),(8,28,'2018-07-16 17:53:03','2018-07-16 17:55:03'),(8,28,'2018-07-16 17:55:03','2018-07-16 17:57:03'),(8,28,'2018-07-16 17:57:03','2018-07-16 17:59:03'),(8,28,'2018-07-16 17:59:03','2018-07-16 18:01:03'),(8,28,'2018-07-16 18:01:03',NULL),(8,30,'2018-07-16 17:49:49','2018-07-16 17:51:49'),(8,30,'2018-07-16 17:51:49','2018-07-16 17:53:49'),(8,30,'2018-07-16 17:53:49','2018-07-16 17:55:49'),(8,30,'2018-07-16 17:55:49','2018-07-16 17:57:49'),(8,30,'2018-07-16 17:57:49','2018-07-16 17:59:49'),(8,30,'2018-07-16 17:59:49',NULL),(8,31,'2018-07-16 17:49:50','2018-07-16 17:51:50'),(8,31,'2018-07-16 17:51:50','2018-07-16 17:53:50'),(8,31,'2018-07-16 17:53:50','2018-07-16 17:55:50'),(8,31,'2018-07-16 17:55:50','2018-07-16 17:57:50'),(8,31,'2018-07-16 17:57:50','2018-07-16 17:59:50'),(8,31,'2018-07-16 17:59:50',NULL),(8,76,'2018-07-17 20:39:55','2018-07-17 20:40:55'),(8,76,'2018-07-17 20:40:55','2018-07-17 20:41:55'),(8,76,'2018-07-17 20:41:55','2018-07-17 20:42:55'),(8,76,'2018-07-17 20:42:55','2018-07-17 20:43:55'),(8,76,'2018-07-17 20:43:55','2018-07-17 20:44:55'),(8,76,'2018-07-17 20:44:55','2018-07-17 20:45:55'),(8,76,'2018-07-17 20:45:55','2018-07-17 20:46:55'),(8,76,'2018-07-17 20:46:55','2018-07-17 20:47:55'),(8,76,'2018-07-17 20:47:55','2018-07-17 20:48:55'),(8,76,'2018-07-17 20:48:55','2018-07-17 20:49:55'),(8,76,'2018-07-17 20:49:55','2018-07-17 20:50:55'),(8,76,'2018-07-17 20:50:55','2018-07-17 20:51:55'),(8,76,'2018-07-17 20:51:55','2018-07-17 20:52:55'),(8,76,'2018-07-17 20:52:55','2018-07-17 20:53:55'),(8,76,'2018-07-17 20:53:55','2018-07-17 20:54:55'),(8,76,'2018-07-17 20:54:55','2018-07-17 20:55:55'),(8,76,'2018-07-17 20:55:55','2018-07-17 20:56:55'),(8,76,'2018-07-17 20:56:55','2018-07-17 20:57:55'),(8,76,'2018-07-17 20:57:55','2018-07-17 20:58:55'),(8,76,'2018-07-17 20:58:55','2018-07-17 20:59:55'),(8,76,'2018-07-17 20:59:55','2018-07-17 21:00:55'),(8,76,'2018-07-17 21:00:55','2018-07-17 21:01:55'),(8,76,'2018-07-17 21:01:55','2018-07-17 21:02:55'),(8,76,'2018-07-17 21:02:55','2018-07-17 21:03:55'),(8,76,'2018-07-17 21:03:55','2018-07-17 21:04:55'),(8,135,'2018-08-03 20:04:56','2018-08-03 20:06:26'),(8,135,'2018-08-03 20:06:26','2018-08-03 20:07:56'),(8,135,'2018-08-03 20:07:56','2018-08-03 20:09:26'),(8,135,'2018-08-03 20:09:26','2018-08-03 20:10:56'),(8,135,'2018-08-03 20:10:56','2018-08-03 20:12:26'),(8,135,'2018-08-03 20:12:26','2018-08-03 20:13:56'),(8,135,'2018-08-03 20:13:56','2018-08-03 20:15:26'),(8,135,'2018-08-03 20:15:26','2018-08-03 20:16:56'),(8,135,'2018-08-03 20:16:56','2018-08-03 20:18:26'),(8,135,'2018-08-03 20:18:26','2018-08-03 20:19:56'),(8,135,'2018-08-03 20:19:56','2018-08-03 20:21:26'),(8,135,'2018-08-03 20:21:26','2018-08-03 20:22:56'),(8,135,'2018-08-03 20:22:56','2018-08-03 20:24:26'),(8,135,'2018-08-03 20:24:26','2018-08-03 20:25:56'),(8,135,'2018-08-03 20:25:56','2018-08-03 20:27:26'),(8,135,'2018-08-03 20:27:26','2018-08-03 20:28:56'),(8,135,'2018-08-03 20:28:56','2018-08-03 20:30:26'),(8,135,'2018-08-03 20:30:26','2018-08-03 20:31:56'),(8,135,'2018-08-03 20:31:56','2018-08-03 20:33:26'),(8,135,'2018-08-03 20:33:26','2018-08-03 20:34:56'),(8,145,'2018-08-05 12:44:14','2018-08-05 12:45:44'),(8,145,'2018-08-05 12:45:44','2018-08-05 12:47:14'),(8,145,'2018-08-05 12:47:14','2018-08-05 12:48:44'),(8,145,'2018-08-05 12:48:44','2018-08-05 12:50:14'),(8,145,'2018-08-05 12:50:14','2018-08-05 12:51:44'),(8,145,'2018-08-05 12:51:44','2018-08-05 12:53:14'),(8,145,'2018-08-05 12:53:14','2018-08-05 12:54:44'),(8,145,'2018-08-05 12:54:44','2018-08-05 12:56:14'),(8,145,'2018-08-05 12:56:14','2018-08-05 12:57:44'),(8,145,'2018-08-05 12:57:44','2018-08-05 12:59:14'),(8,145,'2018-08-05 12:59:14','2018-08-05 13:00:44'),(8,145,'2018-08-05 13:00:44','2018-08-05 13:02:14'),(8,145,'2018-08-05 13:02:14','2018-08-05 13:03:44'),(8,145,'2018-08-05 13:03:44','2018-08-05 13:05:14'),(8,145,'2018-08-05 13:05:14','2018-08-05 13:06:44'),(8,145,'2018-08-05 13:06:44','2018-08-05 13:08:14'),(8,145,'2018-08-05 13:08:14','2018-08-05 13:09:44'),(8,145,'2018-08-05 13:09:44','2018-08-05 13:11:14'),(8,145,'2018-08-05 13:11:14','2018-08-05 13:12:44'),(8,145,'2018-08-05 13:12:44','2018-08-05 13:14:14'),(8,145,'2018-08-05 13:14:14','2018-08-05 13:15:44'),(8,145,'2018-08-05 13:15:44','2018-08-05 13:17:14'),(8,145,'2018-08-05 13:17:14','2018-08-05 13:18:44'),(8,145,'2018-08-05 13:18:44','2018-08-05 13:20:14'),(8,145,'2018-08-05 13:20:14','2018-08-05 13:21:44'),(8,145,'2018-08-05 13:21:44','2018-08-05 13:23:14'),(8,145,'2018-08-05 13:23:14','2018-08-05 13:24:44'),(8,145,'2018-08-05 13:24:44','2018-08-05 13:26:14'),(8,145,'2018-08-05 13:26:14','2018-08-05 13:27:44'),(8,145,'2018-08-05 13:27:44','2018-08-05 13:29:14');
/*!40000 ALTER TABLE `item_robot` ENABLE KEYS */;
UNLOCK TABLES;

--
-- Table structure for table `planet`
--

DROP TABLE IF EXISTS `planet`;
/*!40101 SET @saved_cs_client     = @@character_set_client */;
/*!40101 SET character_set_client = utf8 */;
CREATE TABLE `planet` (
  `planet_id` int(11) NOT NULL AUTO_INCREMENT,
  `planet_name` varchar(255) NOT NULL,
  `planet_image` varchar(255) NOT NULL,
  `difficulty_level` int(11) NOT NULL,
  `initial_energy` int(11) NOT NULL,
  PRIMARY KEY (`planet_id`)
) ENGINE=InnoDB AUTO_INCREMENT=18 DEFAULT CHARSET=latin1;
/*!40101 SET character_set_client = @saved_cs_client */;

--
-- Dumping data for table `planet`
--

LOCK TABLES `planet` WRITE;
/*!40000 ALTER TABLE `planet` DISABLE KEYS */;
INSERT INTO `planet` VALUES (1,'Dagobah','dagobah.jpg',1,100),(2,'Tatooine','tatooine.jpg',2,240),(3,'Hoth','hoth.jpg',3,100),(4,'Mustafar','mustafar.jpg',4,300),(5,'Jakku','jakku.jpg',5,125),(6,'Vulcan','vulcan.jpg',6,220),(7,'Andoria','andoria.jpg',7,200),(8,'Remus','remus.jpg',1,80),(9,'Pegasi','pegasi.jpg',1,140),(10,'Geonosis','geonosis.jpg',2,700),(11,'Q','Q.jpg',2,125),(12,'Kashyyyk','kashyyyk.jpg',3,200),(13,'Proxima Centauri B','prox.jpg',3,575),(14,'Nibiru','nibiru.jpg',4,200),(15,'Torte','torte.jpg',5,500),(16,'Janus VI','janus.jpg',6,60),(17,'Earth','earth.jpg',7,550);
/*!40000 ALTER TABLE `planet` ENABLE KEYS */;
UNLOCK TABLES;

--
-- Table structure for table `planet_item_goal`
--

DROP TABLE IF EXISTS `planet_item_goal`;
/*!40101 SET @saved_cs_client     = @@character_set_client */;
/*!40101 SET character_set_client = utf8 */;
CREATE TABLE `planet_item_goal` (
  `planet_id` int(11) NOT NULL,
  `item_id` int(11) NOT NULL,
  `required_qty` int(11) NOT NULL,
  PRIMARY KEY (`planet_id`,`item_id`),
  KEY `fk_planet_item_goal_item_id` (`item_id`),
  CONSTRAINT `fk_planet_item_goal_item_id` FOREIGN KEY (`item_id`) REFERENCES `item` (`item_id`),
  CONSTRAINT `fk_planet_item_goal_planet_id` FOREIGN KEY (`planet_id`) REFERENCES `planet` (`planet_id`)
) ENGINE=InnoDB DEFAULT CHARSET=latin1;
/*!40101 SET character_set_client = @saved_cs_client */;

--
-- Dumping data for table `planet_item_goal`
--

LOCK TABLES `planet_item_goal` WRITE;
/*!40000 ALTER TABLE `planet_item_goal` DISABLE KEYS */;
INSERT INTO `planet_item_goal` VALUES (1,2,100),(2,3,100),(3,3,100),(4,2,100),(4,3,100),(5,3,50),(5,8,25),(6,2,40),(6,3,100),(6,8,60),(7,2,60),(7,3,120),(8,3,30),(9,19,120),(10,2,50),(11,14,2),(12,3,10),(12,10,50),(13,2,20),(13,8,20),(14,2,50),(14,10,10),(15,18,18),(16,3,100),(17,21,15);
/*!40000 ALTER TABLE `planet_item_goal` ENABLE KEYS */;
UNLOCK TABLES;

--
-- Table structure for table `planet_item_init_resource`
--

DROP TABLE IF EXISTS `planet_item_init_resource`;
/*!40101 SET @saved_cs_client     = @@character_set_client */;
/*!40101 SET character_set_client = utf8 */;
CREATE TABLE `planet_item_init_resource` (
  `planet_id` int(11) NOT NULL,
  `item_id` int(11) NOT NULL,
  `available_qty` int(11) NOT NULL,
  PRIMARY KEY (`planet_id`,`item_id`),
  KEY `fk_planet_item_init_resource_item_id` (`item_id`),
  CONSTRAINT `fk_planet_item_init_resource_item_id` FOREIGN KEY (`item_id`) REFERENCES `item` (`item_id`),
  CONSTRAINT `fk_planet_item_init_resource_planet_id` FOREIGN KEY (`planet_id`) REFERENCES `planet` (`planet_id`)
) ENGINE=InnoDB DEFAULT CHARSET=latin1;
/*!40101 SET character_set_client = @saved_cs_client */;

--
-- Dumping data for table `planet_item_init_resource`
--

LOCK TABLES `planet_item_init_resource` WRITE;
/*!40000 ALTER TABLE `planet_item_init_resource` DISABLE KEYS */;
INSERT INTO `planet_item_init_resource` VALUES (1,3,100),(2,1,200),(2,2,100),(3,2,100),(3,6,50),(4,1,200),(4,4,100),(5,4,50),(5,6,25),(6,1,200),(6,5,90),(6,7,60),(6,9,100),(7,6,60),(7,9,60),(8,1,60),(8,2,30),(9,16,30),(10,5,75),(10,9,50),(11,17,85),(12,11,150),(12,17,150),(13,3,60),(13,7,20),(14,3,90),(14,11,30),(14,13,20),(15,13,105),(16,6,150),(16,9,100),(17,20,132);
/*!40000 ALTER TABLE `planet_item_init_resource` ENABLE KEYS */;
UNLOCK TABLES;

--
-- Table structure for table `planet_user`
--

DROP TABLE IF EXISTS `planet_user`;
/*!40101 SET @saved_cs_client     = @@character_set_client */;
/*!40101 SET character_set_client = utf8 */;
CREATE TABLE `planet_user` (
  `planet_user_id` int(11) NOT NULL AUTO_INCREMENT,
  `planet_id` int(11) NOT NULL,
  `user_id` int(11) NOT NULL,
  `energy` int(11) NOT NULL,
  `completed` tinyint(1) NOT NULL,
  `time_started` timestamp NULL DEFAULT CURRENT_TIMESTAMP,
  `time_finished` timestamp NULL DEFAULT NULL,
  PRIMARY KEY (`planet_user_id`),
  UNIQUE KEY `planet_id` (`planet_id`,`user_id`),
  KEY `fk_planet_user_user_id` (`user_id`),
  CONSTRAINT `fk_planet_user_planet_id` FOREIGN KEY (`planet_id`) REFERENCES `planet` (`planet_id`),
  CONSTRAINT `fk_planet_user_user_id` FOREIGN KEY (`user_id`) REFERENCES `user` (`user_id`)
) ENGINE=InnoDB AUTO_INCREMENT=609 DEFAULT CHARSET=latin1;
/*!40101 SET character_set_client = @saved_cs_client */;

--
-- Dumping data for table `planet_user`
--

LOCK TABLES `planet_user` WRITE;
/*!40000 ALTER TABLE `planet_user` DISABLE KEYS */;
INSERT INTO `planet_user` VALUES (1,1,1,40,1,'2010-01-01 00:00:01','2010-01-01 01:00:00'),(2,2,1,0,1,'2010-01-01 00:00:01','2010-01-01 01:00:00'),(3,3,1,60,1,'2010-01-01 00:00:01','2010-01-01 01:00:00'),(4,4,1,718,1,'2010-01-01 00:00:01','2010-01-01 01:00:00'),(5,5,1,90,1,'2010-01-01 00:00:01','2010-01-01 01:00:00'),(6,1,2,100,0,'2010-01-01 00:00:01','2010-01-01 01:00:00'),(7,1,3,20,1,'2010-01-01 00:00:01','2010-01-01 01:00:00'),(8,2,3,0,1,'2010-01-01 00:00:01','2010-01-01 01:00:00'),(9,3,3,40,1,'2010-01-01 00:00:01','2010-01-01 01:00:00'),(10,4,3,1030,1,'2010-01-01 00:00:01','2010-01-01 01:00:00'),(11,5,3,140,1,'2010-01-01 00:00:01','2010-01-01 01:00:00'),(12,1,4,100,0,'2010-01-01 00:00:01','2010-01-01 01:00:00'),(13,1,5,20,0,'2010-01-01 00:00:01','2010-01-01 01:00:00'),(14,1,6,35,0,'2010-01-01 00:00:01','2010-01-01 01:00:00'),(15,1,7,108,1,'2010-01-01 00:00:01','2010-01-01 01:00:00'),(16,2,7,240,0,'2010-01-01 00:00:01','2010-01-01 01:00:00'),(17,1,8,20,1,'2010-01-01 00:00:01','2010-01-01 01:00:00'),(18,2,8,0,1,'2010-01-01 00:00:01','2010-01-01 01:00:00'),(19,3,8,100,0,'2010-01-01 00:00:01','2010-01-01 01:00:00'),(20,6,3,40,1,'2010-01-01 00:00:01','2010-01-01 01:00:00'),(21,7,3,5,1,'2010-01-01 00:00:01','2010-01-01 01:00:00'),(22,1,9,84,0,'2010-01-01 00:00:01','2010-01-01 01:00:00'),(23,1,10,120,1,'2010-01-01 00:00:01','2010-01-01 01:00:00'),(24,2,10,0,1,'2010-01-01 00:00:01','2010-01-01 01:00:00'),(25,3,10,80,1,'2010-01-01 00:00:01','2010-01-01 01:00:00'),(26,4,10,538,0,'2010-01-01 00:00:01','2010-01-01 01:00:00'),(27,1,11,100,0,'2010-01-01 00:00:01','2010-01-01 01:00:00'),(28,1,12,54,0,'2010-01-01 00:00:01','2010-01-01 01:00:00'),(29,1,13,100,0,'2010-01-01 00:00:01','2010-01-01 01:00:00'),(30,1,14,20,1,'2010-01-01 00:00:01','2010-01-01 01:00:00'),(31,2,14,20,1,'2010-01-01 00:00:01','2010-01-01 01:00:00'),(32,3,14,70,1,'2010-01-01 00:00:01','2010-01-01 01:00:00'),(33,4,14,270,0,'2010-01-01 00:00:01','2010-01-01 01:00:00'),(36,1,16,100,0,'2010-01-01 00:00:01','2010-01-01 01:00:00'),(37,1,17,179,1,'2010-01-01 00:00:01','2010-01-01 01:00:00'),(38,1,18,100,0,'2010-01-01 00:00:01','2010-01-01 01:00:00'),(39,2,17,30,1,'2010-01-01 00:00:01','2010-01-01 01:00:00'),(40,3,17,115,1,'2010-01-01 00:00:01','2018-12-01 00:46:01'),(48,1,19,43,1,'2018-11-26 23:05:29','2018-11-26 23:12:13'),(49,2,19,240,0,'2018-11-26 23:12:13',NULL),(51,4,17,290,0,'2018-11-30 21:50:23',NULL),(52,1,21,100,0,'2018-11-30 22:37:17',NULL),(53,7,14,200,0,'2018-11-30 23:00:21',NULL),(54,16,14,60,0,'2018-11-30 23:07:07',NULL),(55,17,14,550,0,'2018-11-30 23:07:14',NULL),(56,5,17,125,0,'2018-11-30 23:09:11',NULL),(57,17,17,550,0,'2018-11-30 23:11:37',NULL),(58,5,14,125,0,'2018-11-30 23:11:46',NULL),(59,15,14,500,0,'2018-11-30 23:13:56',NULL),(60,1,22,0,0,'2018-11-30 23:17:05',NULL),(61,6,14,220,0,'2018-11-30 23:22:45',NULL),(62,16,17,60,0,'2018-11-30 23:27:09',NULL);
/*!40000 ALTER TABLE `planet_user` ENABLE KEYS */;
UNLOCK TABLES;

--
-- Table structure for table `planet_user_item`
--

DROP TABLE IF EXISTS `planet_user_item`;
/*!40101 SET @saved_cs_client     = @@character_set_client */;
/*!40101 SET character_set_client = utf8 */;
CREATE TABLE `planet_user_item` (
  `planet_user_id` int(11) NOT NULL,
  `item_id` int(11) NOT NULL,
  `owned_qty` int(11) NOT NULL,
  KEY `planet_user_id` (`planet_user_id`),
  KEY `fk_planet_user_item_item_id` (`item_id`),
  CONSTRAINT `fk_planet_user_item_item_id` FOREIGN KEY (`item_id`) REFERENCES `item` (`item_id`),
  CONSTRAINT `fk_planet_user_item_planet_user_id` FOREIGN KEY (`planet_user_id`) REFERENCES `planet_user` (`planet_user_id`)
) ENGINE=InnoDB DEFAULT CHARSET=latin1;
/*!40101 SET character_set_client = @saved_cs_client */;

--
-- Dumping data for table `planet_user_item`
--

LOCK TABLES `planet_user_item` WRITE;
/*!40000 ALTER TABLE `planet_user_item` DISABLE KEYS */;
INSERT INTO `planet_user_item` VALUES (1,3,100),(1,1,2),(1,2,1),(1,3,-1),(1,1,2),(1,2,1),(1,3,-1),(1,1,2),(1,2,1),(1,3,-1),(1,1,2),(1,2,1),(1,3,-1),(1,1,2),(1,2,1),(1,3,-1),(1,1,2),(1,2,1),(1,3,-1),(1,1,2),(1,2,1),(1,3,-1),(1,1,2),(1,2,1),(1,3,-1),(1,1,2),(1,2,1),(1,3,-1),(1,1,2),(1,2,1),(1,3,-1),(1,1,2),(1,2,1),(1,3,-1),(1,1,2),(1,2,1),(1,3,-1),(1,1,2),(1,2,1),(1,3,-1),(1,1,2),(1,2,1),(1,3,-1),(1,1,2),(1,2,1),(1,3,-1),(1,1,2),(1,2,1),(1,3,-1),(1,1,2),(1,2,1),(1,3,-1),(1,1,2),(1,2,1),(1,3,-1),(1,1,2),(1,2,1),(1,3,-1),(1,1,2),(1,2,1),(1,3,-1),(1,1,2),(1,2,1),(1,3,-1),(1,1,2),(1,2,1),(1,3,-1),(1,1,2),(1,2,1),(1,3,-1),(1,1,2),(1,2,1),(1,3,-1),(1,1,2),(1,2,1),(1,3,-1),(1,1,2),(1,2,1),(1,3,-1),(1,1,2),(1,2,1),(1,3,-1),(1,1,2),(1,2,1),(1,3,-1),(1,1,2),(1,2,1),(1,3,-1),(1,1,2),(1,2,1),(1,3,-1),(1,1,2),(1,2,1),(1,3,-1),(1,1,2),(1,2,1),(1,3,-1),(1,1,2),(1,2,1),(1,3,-1),(1,1,2),(1,2,1),(1,3,-1),(1,1,2),(1,2,1),(1,3,-1),(1,1,2),(1,2,1),(1,3,-1),(1,1,2),(1,2,1),(1,3,-1),(1,1,2),(1,2,1),(1,3,-1),(1,1,2),(1,2,1),(1,3,-1),(1,1,2),(1,2,1),(1,3,-1),(1,1,2),(1,2,1),(1,3,-1),(1,1,2),(1,2,1),(1,3,-1),(1,1,2),(1,2,1),(1,3,-1),(1,1,2),(1,2,1),(1,3,-1),(1,1,2),(1,2,1),(1,3,-1),(1,1,2),(1,2,1),(1,3,-1),(1,1,2),(1,2,1),(1,3,-1),(1,1,2),(1,2,1),(1,3,-1),(1,1,2),(1,2,1),(1,3,-1),(1,1,2),(1,2,1),(1,3,-1),(1,1,2),(1,2,1),(1,3,-1),(1,1,2),(1,2,1),(1,3,-1),(1,1,2),(1,2,1),(1,3,-1),(1,1,2),(1,2,1),(1,3,-1),(1,1,2),(1,2,1),(1,3,-1),(1,1,2),(1,2,1),(1,3,-1),(1,1,2),(1,2,1),(1,3,-1),(1,1,2),(1,2,1),(1,3,-1),(1,1,2),(1,2,1),(1,3,-1),(1,1,2),(1,2,1),(1,3,-1),(1,1,2),(1,2,1),(1,3,-1),(1,1,2),(1,2,1),(1,3,-1),(1,1,2),(1,2,1),(1,3,-1),(1,1,2),(1,2,1),(1,3,-1),(1,1,2),(1,2,1),(1,3,-1),(1,1,2),(1,2,1),(1,3,-1),(1,1,2),(1,2,1),(1,3,-1),(1,1,2),(1,2,1),(1,3,-1),(1,1,2),(1,2,1),(1,3,-1),(1,1,2),(1,2,1),(1,3,-1),(1,1,2),(1,2,1),(1,3,-1),(1,1,2),(1,2,1),(1,3,-1),(1,1,2),(1,2,1),(1,3,-1),(1,1,2),(1,2,1),(1,3,-1),(1,1,2),(1,2,1),(1,3,-1),(1,1,2),(1,2,1),(1,3,-1),(1,1,2),(1,2,1),(1,3,-1),(1,1,2),(1,2,1),(1,3,-1),(1,1,2),(1,2,1),(1,3,-1),(1,1,2),(1,2,1),(1,3,-1),(1,1,2),(1,2,1),(1,3,-1),(1,1,2),(1,2,1),(1,3,-1),(1,1,2),(1,2,1),(1,3,-1),(1,1,2),(1,2,1),(1,3,-1),(1,1,2),(1,2,1),(1,3,-1),(1,1,2),(1,2,1),(1,3,-1),(1,1,2),(1,2,1),(1,3,-1),(1,1,2),(1,2,1),(1,3,-1),(1,1,2),(1,2,1),(1,3,-1),(1,1,2),(1,2,1),(1,3,-1),(1,1,2),(1,2,1),(1,3,-1),(1,1,2),(1,2,1),(1,3,-1),(1,1,2),(1,2,1),(1,3,-1),(1,1,2),(1,2,1),(1,3,-1),(1,1,2),(1,2,1),(1,3,-1),(1,1,2),(1,2,1),(1,3,-1),(1,1,2),(1,2,1),(1,3,-1),(1,1,2),(1,2,1),(1,3,-1),(1,1,2),(1,2,1),(1,3,-1),(1,1,2),(1,2,1),(1,3,-1),(2,1,200),(2,2,100),(2,3,1),(2,1,-2),(2,2,-1),(2,3,1),(2,1,-2),(2,2,-1),(2,3,1),(2,1,-2),(2,2,-1),(2,3,1),(2,1,-2),(2,2,-1),(2,3,1),(2,1,-2),(2,2,-1),(2,3,1),(2,1,-2),(2,2,-1),(2,3,1),(2,1,-2),(2,2,-1),(2,3,1),(2,1,-2),(2,2,-1),(2,3,1),(2,1,-2),(2,2,-1),(2,3,1),(2,1,-2),(2,2,-1),(2,3,1),(2,1,-2),(2,2,-1),(2,3,1),(2,1,-2),(2,2,-1),(2,3,1),(2,1,-2),(2,2,-1),(2,3,1),(2,1,-2),(2,2,-1),(2,3,1),(2,1,-2),(2,2,-1),(2,3,1),(2,1,-2),(2,2,-1),(2,3,1),(2,1,-2),(2,2,-1),(2,3,1),(2,1,-2),(2,2,-1),(2,3,1),(2,1,-2),(2,2,-1),(2,3,1),(2,1,-2),(2,2,-1),(2,3,1),(2,1,-2),(2,2,-1),(2,3,1),(2,1,-2),(2,2,-1),(2,3,1),(2,1,-2),(2,2,-1),(2,3,1),(2,1,-2),(2,2,-1),(2,3,1),(2,1,-2),(2,2,-1),(2,3,1),(2,1,-2),(2,2,-1),(2,3,1),(2,1,-2),(2,2,-1),(2,3,1),(2,1,-2),(2,2,-1),(2,3,1),(2,1,-2),(2,2,-1),(2,3,1),(2,1,-2),(2,2,-1),(2,3,1),(2,1,-2),(2,2,-1),(2,3,1),(2,1,-2),(2,2,-1),(2,3,1),(2,1,-2),(2,2,-1),(2,3,1),(2,1,-2),(2,2,-1),(2,3,1),(2,1,-2),(2,2,-1),(2,3,1),(2,1,-2),(2,2,-1),(2,3,1),(2,1,-2),(2,2,-1),(2,3,1),(2,1,-2),(2,2,-1),(2,3,1),(2,1,-2),(2,2,-1),(2,3,1),(2,1,-2),(2,2,-1),(2,3,1),(2,1,-2),(2,2,-1),(2,3,1),(2,1,-2),(2,2,-1),(2,3,1),(2,1,-2),(2,2,-1),(2,3,1),(2,1,-2),(2,2,-1),(2,3,1),(2,1,-2),(2,2,-1),(2,3,1),(2,1,-2),(2,2,-1),(2,3,1),(2,1,-2),(2,2,-1),(2,3,1),(2,1,-2),(2,2,-1),(2,3,1),(2,1,-2),(2,2,-1),(2,3,1),(2,1,-2),(2,2,-1),(2,3,1),(2,1,-2),(2,2,-1),(2,3,1),(2,1,-2),(2,2,-1),(2,3,1),(2,1,-2),(2,2,-1),(2,3,1),(2,1,-2),(2,2,-1),(2,3,1),(2,1,-2),(2,2,-1),(2,3,1),(2,1,-2),(2,2,-1),(2,3,1),(2,1,-2),(2,2,-1),(2,3,1),(2,1,-2),(2,2,-1),(2,3,1),(2,1,-2),(2,2,-1),(2,3,1),(2,1,-2),(2,2,-1),(2,3,1),(2,1,-2),(2,2,-1),(2,3,1),(2,1,-2),(2,2,-1),(2,3,1),(2,1,-2),(2,2,-1),(2,3,1),(2,1,-2),(2,2,-1),(2,3,1),(2,1,-2),(2,2,-1),(2,3,1),(2,1,-2),(2,2,-1),(2,3,1),(2,1,-2),(2,2,-1),(2,3,1),(2,1,-2),(2,2,-1),(2,3,1),(2,1,-2),(2,2,-1),(2,3,1),(2,1,-2),(2,2,-1),(2,3,1),(2,1,-2),(2,2,-1),(2,3,1),(2,1,-2),(2,2,-1),(2,3,1),(2,1,-2),(2,2,-1),(2,3,1),(2,1,-2),(2,2,-1),(2,3,1),(2,1,-2),(2,2,-1),(2,3,1),(2,1,-2),(2,2,-1),(2,3,1),(2,1,-2),(2,2,-1),(2,3,1),(2,1,-2),(2,2,-1),(2,3,1),(2,1,-2),(2,2,-1),(2,3,1),(2,1,-2),(2,2,-1),(2,3,1),(2,1,-2),(2,2,-1),(2,3,1),(2,1,-2),(2,2,-1),(2,3,1),(2,1,-2),(2,2,-1),(2,3,1),(2,1,-2),(2,2,-1),(2,3,1),(2,1,-2),(2,2,-1),(2,3,1),(2,1,-2),(2,2,-1),(2,3,1),(2,1,-2),(2,2,-1),(2,3,1),(2,1,-2),(2,2,-1),(2,3,1),(2,1,-2),(2,2,-1),(2,3,1),(2,1,-2),(2,2,-1),(2,3,1),(2,1,-2),(2,2,-1),(2,3,1),(2,1,-2),(2,2,-1),(2,3,1),(2,1,-2),(2,2,-1),(2,3,1),(2,1,-2),(2,2,-1),(2,3,1),(2,1,-2),(2,2,-1),(2,3,1),(2,1,-2),(2,2,-1),(2,3,1),(2,1,-2),(2,2,-1),(2,3,1),(2,1,-2),(2,2,-1),(2,3,1),(2,1,-2),(2,2,-1),(2,3,1),(2,1,-2),(2,2,-1),(3,2,100),(3,6,50),(3,1,4),(3,7,1),(3,6,-1),(3,3,1),(3,1,-2),(3,2,-1),(3,1,4),(3,7,1),(3,6,-1),(3,3,1),(3,1,-2),(3,2,-1),(3,1,4),(3,7,1),(3,6,-1),(3,3,1),(3,1,-2),(3,2,-1),(3,1,4),(3,7,1),(3,6,-1),(3,3,1),(3,1,-2),(3,2,-1),(3,1,4),(3,7,1),(3,6,-1),(3,3,1),(3,1,-2),(3,2,-1),(3,3,1),(3,1,-2),(3,2,-1),(3,1,4),(3,7,1),(3,6,-1),(3,3,1),(3,1,-2),(3,2,-1),(3,1,4),(3,7,1),(3,6,-1),(3,3,1),(3,1,-2),(3,2,-1),(3,1,4),(3,7,1),(3,6,-1),(3,3,1),(3,1,-2),(3,2,-1),(3,3,1),(3,1,-2),(3,2,-1),(3,1,4),(3,7,1),(3,6,-1),(3,3,1),(3,1,-2),(3,2,-1),(3,3,1),(3,1,-2),(3,2,-1),(3,3,1),(3,1,-2),(3,2,-1),(3,1,4),(3,7,1),(3,6,-1),(3,3,1),(3,1,-2),(3,2,-1),(3,1,4),(3,7,1),(3,6,-1),(3,3,1),(3,1,-2),(3,2,-1),(3,3,1),(3,1,-2),(3,2,-1),(3,3,1),(3,1,-2),(3,2,-1),(3,3,1),(3,1,-2),(3,2,-1),(3,1,4),(3,7,1),(3,6,-1),(3,3,1),(3,1,-2),(3,2,-1),(3,3,1),(3,1,-2),(3,2,-1),(3,1,4),(3,7,1),(3,6,-1),(3,3,1),(3,1,-2),(3,2,-1),(3,3,1),(3,1,-2),(3,2,-1),(3,3,1),(3,1,-2),(3,2,-1),(3,3,1),(3,1,-2),(3,2,-1),(3,3,1),(3,1,-2),(3,2,-1),(3,1,4),(3,7,1),(3,6,-1),(3,3,1),(3,1,-2),(3,2,-1),(3,1,4),(3,7,1),(3,6,-1),(3,3,1),(3,1,-2),(3,2,-1),(3,3,1),(3,1,-2),(3,2,-1),(3,3,1),(3,1,-2),(3,2,-1),(3,3,1),(3,1,-2),(3,2,-1),(3,1,4),(3,7,1),(3,6,-1),(3,3,1),(3,1,-2),(3,2,-1),(3,3,1),(3,1,-2),(3,2,-1),(3,1,4),(3,7,1),(3,6,-1),(3,3,1),(3,1,-2),(3,2,-1),(3,3,1),(3,1,-2),(3,2,-1),(3,1,4),(3,7,1),(3,6,-1),(3,3,1),(3,1,-2),(3,2,-1),(3,3,1),(3,1,-2),(3,2,-1),(3,1,4),(3,7,1),(3,6,-1),(3,3,1),(3,1,-2),(3,2,-1),(3,3,1),(3,1,-2),(3,2,-1),(3,1,4),(3,7,1),(3,6,-1),(3,1,4),(3,7,1),(3,6,-1),(3,1,4),(3,7,1),(3,6,-1),(3,3,1),(3,1,-2),(3,2,-1),(3,3,1),(3,1,-2),(3,2,-1),(3,3,1),(3,1,-2),(3,2,-1),(3,1,4),(3,7,1),(3,6,-1),(3,3,1),(3,1,-2),(3,2,-1),(3,1,4),(3,7,1),(3,6,-1),(3,1,4),(3,7,1),(3,6,-1),(3,1,4),(3,7,1),(3,6,-1),(3,1,4),(3,7,1),(3,6,-1),(3,3,1),(3,1,-2),(3,2,-1),(3,3,1),(3,1,-2),(3,2,-1),(3,1,4),(3,7,1),(3,6,-1),(3,1,4),(3,7,1),(3,6,-1),(3,3,1),(3,1,-2),(3,2,-1),(3,3,1),(3,1,-2),(3,2,-1),(3,1,4),(3,7,1),(3,6,-1),(3,3,1),(3,1,-2),(3,2,-1),(3,3,1),(3,1,-2),(3,2,-1),(3,1,4),(3,7,1),(3,6,-1),(3,1,4),(3,7,1),(3,6,-1),(3,3,1),(3,1,-2),(3,2,-1),(3,3,1),(3,1,-2),(3,2,-1),(3,1,4),(3,7,1),(3,6,-1),(3,3,1),(3,1,-2),(3,2,-1),(3,3,1),(3,1,-2),(3,2,-1),(3,3,1),(3,1,-2),(3,2,-1),(3,3,1),(3,1,-2),(3,2,-1),(3,1,4),(3,7,1),(3,6,-1),(3,3,1),(3,1,-2),(3,2,-1),(3,1,4),(3,7,1),(3,6,-1),(3,3,1),(3,1,-2),(3,2,-1),(3,3,1),(3,1,-2),(3,2,-1),(3,3,1),(3,1,-2),(3,2,-1),(3,3,1),(3,1,-2),(3,2,-1),(3,1,4),(3,7,1),(3,6,-1),(3,3,1),(3,1,-2),(3,2,-1),(3,1,4),(3,7,1),(3,6,-1),(3,3,1),(3,1,-2),(3,2,-1),(3,3,1),(3,1,-2),(3,2,-1),(3,1,4),(3,7,1),(3,6,-1),(3,3,1),(3,1,-2),(3,2,-1),(3,1,4),(3,7,1),(3,6,-1),(3,3,1),(3,1,-2),(3,2,-1),(3,3,1),(3,1,-2),(3,2,-1),(3,3,1),(3,1,-2),(3,2,-1),(3,1,4),(3,7,1),(3,6,-1),(3,3,1),(3,1,-2),(3,2,-1),(3,1,4),(3,7,1),(3,6,-1),(3,3,1),(3,1,-2),(3,2,-1),(3,3,1),(3,1,-2),(3,2,-1),(3,3,1),(3,1,-2),(3,2,-1),(3,1,4),(3,7,1),(3,6,-1),(3,1,4),(3,7,1),(3,6,-1),(3,3,1),(3,1,-2),(3,2,-1),(3,3,1),(3,1,-2),(3,2,-1),(3,3,1),(3,1,-2),(3,2,-1),(3,1,4),(3,7,1),(3,6,-1),(3,1,4),(3,7,1),(3,6,-1),(3,3,1),(3,1,-2),(3,2,-1),(3,3,1),(3,1,-2),(3,2,-1),(3,3,1),(3,1,-2),(3,2,-1),(3,1,4),(3,7,1),(3,6,-1),(3,1,4),(3,7,1),(3,6,-1),(3,3,1),(3,1,-2),(3,2,-1),(3,3,1),(3,1,-2),(3,2,-1),(3,3,1),(3,1,-2),(3,2,-1),(3,1,4),(3,7,1),(3,6,-1),(3,1,4),(3,7,1),(3,6,-1),(3,3,1),(3,1,-2),(3,2,-1),(3,3,1),(3,1,-2),(3,2,-1),(3,3,1),(3,1,-2),(3,2,-1),(3,1,4),(3,7,1),(3,6,-1),(3,3,1),(3,1,-2),(3,2,-1),(3,3,1),(3,1,-2),(3,2,-1),(3,3,1),(3,1,-2),(3,2,-1),(3,3,1),(3,1,-2),(3,2,-1),(3,3,1),(3,1,-2),(3,2,-1),(3,3,1),(3,1,-2),(3,2,-1),(3,3,1),(3,1,-2),(3,2,-1),(3,3,1),(3,1,-2),(3,2,-1),(3,3,1),(3,1,-2),(3,2,-1),(3,3,1),(3,1,-2),(3,2,-1),(3,3,1),(3,1,-2),(3,2,-1),(3,3,1),(3,1,-2),(3,2,-1),(3,3,1),(3,1,-2),(3,2,-1),(3,3,1),(3,1,-2),(3,2,-1),(3,3,1),(3,1,-2),(3,2,-1),(3,3,1),(3,1,-2),(3,2,-1),(3,3,1),(3,1,-2),(3,2,-1),(3,3,1),(3,1,-2),(3,2,-1),(4,1,200),(4,4,100),(4,2,2),(4,5,1),(4,4,-1),(4,3,1),(4,1,-2),(4,2,-1),(4,2,2),(4,5,1),(4,4,-1),(4,2,2),(4,5,1),(4,4,-1),(4,3,1),(4,1,-2),(4,2,-1),(4,2,2),(4,5,1),(4,4,-1),(4,2,2),(4,5,1),(4,4,-1),(4,2,2),(4,5,1),(4,4,-1),(4,3,1),(4,1,-2),(4,2,-1),(4,3,1),(4,1,-2),(4,2,-1),(4,2,2),(4,5,1),(4,4,-1),(4,3,1),(4,1,-2),(4,2,-1),(4,2,2),(4,5,1),(4,4,-1),(4,2,2),(4,5,1),(4,4,-1),(4,3,1),(4,1,-2),(4,2,-1),(4,2,2),(4,5,1),(4,4,-1),(4,3,1),(4,1,-2),(4,2,-1),(4,3,1),(4,1,-2),(4,2,-1),(4,2,2),(4,5,1),(4,4,-1),(4,2,2),(4,5,1),(4,4,-1),(4,3,1),(4,1,-2),(4,2,-1),(4,2,2),(4,5,1),(4,4,-1),(4,3,1),(4,1,-2),(4,2,-1),(4,2,2),(4,5,1),(4,4,-1),(4,2,2),(4,5,1),(4,4,-1),(4,3,1),(4,1,-2),(4,2,-1),(4,2,2),(4,5,1),(4,4,-1),(4,3,1),(4,1,-2),(4,2,-1),(4,3,1),(4,1,-2),(4,2,-1),(4,2,2),(4,5,1),(4,4,-1),(4,2,2),(4,5,1),(4,4,-1),(4,2,2),(4,5,1),(4,4,-1),(4,3,1),(4,1,-2),(4,2,-1),(4,3,1),(4,1,-2),(4,2,-1),(4,2,2),(4,5,1),(4,4,-1),(4,2,2),(4,5,1),(4,4,-1),(4,2,2),(4,5,1),(4,4,-1),(4,3,1),(4,1,-2),(4,2,-1),(4,3,1),(4,1,-2),(4,2,-1),(4,2,2),(4,5,1),(4,4,-1),(4,2,2),(4,5,1),(4,4,-1),(4,2,2),(4,5,1),(4,4,-1),(4,3,1),(4,1,-2),(4,2,-1),(4,3,1),(4,1,-2),(4,2,-1),(4,2,2),(4,5,1),(4,4,-1),(4,2,2),(4,5,1),(4,4,-1),(4,2,2),(4,5,1),(4,4,-1),(4,3,1),(4,1,-2),(4,2,-1),(4,3,1),(4,1,-2),(4,2,-1),(4,3,1),(4,1,-2),(4,2,-1),(4,3,1),(4,1,-2),(4,2,-1),(4,3,1),(4,1,-2),(4,2,-1),(4,3,1),(4,1,-2),(4,2,-1),(4,3,1),(4,1,-2),(4,2,-1),(4,2,2),(4,5,1),(4,4,-1),(4,2,2),(4,5,1),(4,4,-1),(4,3,1),(4,1,-2),(4,2,-1),(4,3,1),(4,1,-2),(4,2,-1),(4,2,2),(4,5,1),(4,4,-1),(4,3,1),(4,1,-2),(4,2,-1),(4,3,1),(4,1,-2),(4,2,-1),(4,2,2),(4,5,1),(4,4,-1),(4,2,2),(4,5,1),(4,4,-1),(4,3,1),(4,1,-2),(4,2,-1),(4,3,1),(4,1,-2),(4,2,-1),(4,3,1),(4,1,-2),(4,2,-1),(4,3,1),(4,1,-2),(4,2,-1),(4,2,2),(4,5,1),(4,4,-1),(1,3,60),(1,2,60),(4,3,1),(4,1,-2),(4,2,-1),(4,3,1),(4,1,-2),(4,2,-1),(4,2,2),(4,5,1),(4,4,-1),(4,2,2),(4,5,1),(4,4,-1),(4,3,1),(4,1,-2),(4,2,-1),(4,3,1),(4,1,-2),(4,2,-1),(4,3,1),(4,1,-2),(4,2,-1),(4,3,1),(4,1,-2),(4,2,-1),(4,2,2),(4,5,1),(4,4,-1),(4,3,1),(4,1,-2),(4,2,-1),(4,3,1),(4,1,-2),(4,2,-1),(4,2,2),(4,5,1),(4,4,-1),(4,2,2),(4,5,1),(4,4,-1),(4,3,50),(4,2,60),(4,3,1),(4,1,-2),(4,2,-1),(4,3,1),(4,1,-2),(4,2,-1),(4,3,1),(4,1,-2),(4,2,-1),(4,3,1),(4,1,-2),(4,2,-1),(4,2,2),(4,5,1),(4,4,-1),(4,2,5),(4,3,1),(4,1,-2),(4,2,-1),(4,3,1),(4,1,-2),(4,2,-1),(4,2,2),(4,5,1),(4,4,-1),(4,2,2),(4,5,1),(4,4,-1),(4,3,1),(4,1,-2),(4,2,-1),(4,3,1),(4,1,-2),(4,2,-1),(4,3,1),(4,1,-2),(4,2,-1),(4,2,2),(4,5,1),(4,4,-1),(5,4,50),(5,6,25),(5,1,4),(5,7,1),(5,6,-1),(5,2,2),(5,5,1),(5,4,-1),(5,1,4),(5,7,1),(5,6,-1),(5,2,2),(5,5,1),(5,4,-1),(5,1,4),(5,7,1),(5,6,-1),(5,2,2),(5,5,1),(5,4,-1),(5,1,4),(5,7,1),(5,6,-1),(5,2,2),(5,5,1),(5,4,-1),(5,1,4),(5,7,1),(5,6,-1),(5,2,2),(5,5,1),(5,4,-1),(5,1,4),(5,7,1),(5,6,-1),(5,2,2),(5,5,1),(5,4,-1),(5,3,1),(5,1,-2),(5,2,-1),(5,8,1),(5,2,-2),(5,7,-1),(5,1,4),(5,7,1),(5,6,-1),(5,2,2),(5,5,1),(5,4,-1),(5,3,1),(5,1,-2),(5,2,-1),(5,8,1),(5,2,-2),(5,7,-1),(5,1,4),(5,7,1),(5,6,-1),(5,2,2),(5,5,1),(5,4,-1),(5,3,1),(5,1,-2),(5,2,-1),(5,8,1),(5,2,-2),(5,7,-1),(5,3,1),(5,1,-2),(5,2,-1),(5,1,4),(5,7,1),(5,6,-1),(5,2,2),(5,5,1),(5,4,-1),(5,8,1),(5,2,-2),(5,7,-1),(5,3,1),(5,1,-2),(5,2,-1),(5,1,4),(5,7,1),(5,6,-1),(5,2,2),(5,5,1),(5,4,-1),(5,8,1),(5,2,-2),(5,7,-1),(5,3,1),(5,1,-2),(5,2,-1),(5,1,4),(5,7,1),(5,6,-1),(5,2,2),(5,5,1),(5,4,-1),(5,8,1),(5,2,-2),(5,7,-1),(5,3,1),(5,1,-2),(5,2,-1),(5,1,4),(5,7,1),(5,6,-1),(5,2,2),(5,5,1),(5,4,-1),(5,8,1),(5,2,-2),(5,7,-1),(5,1,4),(5,7,1),(5,6,-1),(5,2,2),(5,5,1),(5,4,-1),(5,8,1),(5,2,-2),(5,7,-1),(5,1,4),(5,7,1),(5,6,-1),(5,2,2),(5,5,1),(5,4,-1),(5,8,1),(5,2,-2),(5,7,-1),(5,1,4),(5,7,1),(5,6,-1),(5,2,2),(5,5,1),(5,4,-1),(5,3,1),(5,1,-2),(5,2,-1),(5,1,4),(5,7,1),(5,6,-1),(5,2,2),(5,5,1),(5,4,-1),(5,3,1),(5,1,-2),(5,2,-1),(5,1,4),(5,7,1),(5,6,-1),(5,2,2),(5,5,1),(5,4,-1),(5,3,1),(5,1,-2),(5,2,-1),(5,3,1),(5,1,-2),(5,2,-1),(5,3,1),(5,1,-2),(5,2,-1),(5,3,1),(5,1,-2),(5,2,-1),(5,3,1),(5,1,-2),(5,2,-1),(5,3,1),(5,1,-2),(5,2,-1),(5,3,1),(5,1,-2),(5,2,-1),(5,1,4),(5,7,1),(5,6,-1),(5,2,2),(5,5,1),(5,4,-1),(5,3,1),(5,1,-2),(5,2,-1),(5,3,1),(5,1,-2),(5,2,-1),(5,1,4),(5,7,1),(5,6,-1),(5,2,2),(5,5,1),(5,4,-1),(5,3,1),(5,1,-2),(5,2,-1),(5,3,1),(5,1,-2),(5,2,-1),(5,1,4),(5,7,1),(5,6,-1),(5,2,2),(5,5,1),(5,4,-1),(5,3,1),(5,1,-2),(5,2,-1),(5,1,4),(5,7,1),(5,6,-1),(5,2,2),(5,5,1),(5,4,-1),(5,3,1),(5,1,-2),(5,2,-1),(5,1,4),(5,7,1),(5,6,-1),(5,2,2),(5,5,1),(5,4,-1),(5,3,1),(5,1,-2),(5,2,-1),(5,3,1),(5,1,-2),(5,2,-1),(5,1,4),(5,7,1),(5,6,-1),(5,2,2),(5,5,1),(5,4,-1),(5,3,1),(5,1,-2),(5,2,-1),(5,1,4),(5,7,1),(5,6,-1),(5,2,2),(5,5,1),(5,4,-1),(5,3,1),(5,1,-2),(5,2,-1),(5,1,4),(5,7,1),(5,6,-1),(5,2,2),(5,5,1),(5,4,-1),(5,3,1),(5,1,-2),(5,2,-1),(5,3,1),(5,1,-2),(5,2,-1),(5,2,2),(5,5,1),(5,4,-1),(5,3,1),(5,1,-2),(5,2,-1),(5,2,2),(5,5,1),(5,4,-1),(5,3,1),(5,1,-2),(5,2,-1),(5,2,2),(5,5,1),(5,4,-1),(5,3,1),(5,1,-2),(5,2,-1),(5,2,2),(5,5,1),(5,4,-1),(5,3,1),(5,1,-2),(5,2,-1),(5,2,2),(5,5,1),(5,4,-1),(5,3,1),(5,1,-2),(5,2,-1),(5,2,2),(5,5,1),(5,4,-1),(5,3,1),(5,1,-2),(5,2,-1),(5,2,2),(5,5,1),(5,4,-1),(5,3,1),(5,1,-2),(5,2,-1),(5,2,2),(5,5,1),(5,4,-1),(5,3,1),(5,1,-2),(5,2,-1),(5,2,2),(5,5,1),(5,4,-1),(5,3,1),(5,1,-2),(5,2,-1),(5,2,2),(5,5,1),(5,4,-1),(5,3,1),(5,1,-2),(5,2,-1),(5,2,2),(5,5,1),(5,4,-1),(5,3,1),(5,1,-2),(5,2,-1),(5,2,2),(5,5,1),(5,4,-1),(5,3,1),(5,1,-2),(5,2,-1),(5,2,2),(5,5,1),(5,4,-1),(5,3,1),(5,1,-2),(5,2,-1),(5,2,2),(5,5,1),(5,4,-1),(5,3,1),(5,1,-2),(5,2,-1),(5,2,2),(5,5,1),(5,4,-1),(5,3,1),(5,1,-2),(5,2,-1),(5,2,2),(5,5,1),(5,4,-1),(5,3,1),(5,1,-2),(5,2,-1),(5,2,2),(5,5,1),(5,4,-1),(5,3,1),(5,1,-2),(5,2,-1),(5,2,2),(5,5,1),(5,4,-1),(5,3,1),(5,1,-2),(5,2,-1),(5,2,2),(5,5,1),(5,4,-1),(5,3,1),(5,1,-2),(5,2,-1),(5,2,2),(5,5,1),(5,4,-1),(5,3,1),(5,1,-2),(5,2,-1),(5,2,2),(5,5,1),(5,4,-1),(5,3,1),(5,1,-2),(5,2,-1),(5,2,2),(5,5,1),(5,4,-1),(5,3,1),(5,1,-2),(5,2,-1),(5,2,2),(5,5,1),(5,4,-1),(5,2,2),(5,5,1),(5,4,-1),(5,2,2),(5,5,1),(5,4,-1),(5,8,1),(5,2,-2),(5,7,-1),(5,8,1),(5,2,-2),(5,7,-1),(5,8,1),(5,2,-2),(5,7,-1),(5,8,1),(5,2,-2),(5,7,-1),(5,8,1),(5,2,-2),(5,7,-1),(5,8,1),(5,2,-2),(5,7,-1),(5,8,1),(5,2,-2),(5,7,-1),(5,8,1),(5,2,-2),(5,7,-1),(5,8,1),(5,2,-2),(5,7,-1),(5,8,1),(5,2,-2),(5,7,-1),(5,8,1),(5,2,-2),(5,7,-1),(5,8,1),(5,2,-2),(5,7,-1),(5,8,1),(5,2,-2),(5,7,-1),(5,8,1),(5,2,-2),(5,7,-1),(5,8,1),(5,2,-2),(5,7,-1),(5,8,1),(5,2,-2),(5,7,-1),(6,3,100),(7,3,100),(7,1,2),(7,2,1),(7,3,-1),(7,1,2),(7,2,1),(7,3,-1),(7,1,2),(7,2,1),(7,3,-1),(7,1,2),(7,2,1),(7,3,-1),(7,1,2),(7,2,1),(7,3,-1),(7,1,2),(7,2,1),(7,3,-1),(7,1,2),(7,2,1),(7,3,-1),(7,1,2),(7,2,1),(7,3,-1),(7,1,2),(7,2,1),(7,3,-1),(7,1,2),(7,2,1),(7,3,-1),(7,1,2),(7,2,1),(7,3,-1),(7,1,2),(7,2,1),(7,3,-1),(7,1,2),(7,2,1),(7,3,-1),(7,1,2),(7,2,1),(7,3,-1),(7,1,2),(7,2,1),(7,3,-1),(7,1,2),(7,2,1),(7,3,-1),(7,1,2),(7,2,1),(7,3,-1),(7,1,2),(7,2,1),(7,3,-1),(7,1,2),(7,2,1),(7,3,-1),(7,1,2),(7,2,1),(7,3,-1),(7,1,2),(7,2,1),(7,3,-1),(7,1,2),(7,2,1),(7,3,-1),(7,1,2),(7,2,1),(7,3,-1),(7,1,2),(7,2,1),(7,3,-1),(7,1,2),(7,2,1),(7,3,-1),(7,1,2),(7,2,1),(7,3,-1),(7,1,2),(7,2,1),(7,3,-1),(7,1,2),(7,2,1),(7,3,-1),(7,1,2),(7,2,1),(7,3,-1),(7,1,2),(7,2,1),(7,3,-1),(7,1,2),(7,2,1),(7,3,-1),(7,1,2),(7,2,1),(7,3,-1),(7,1,2),(7,2,1),(7,3,-1),(7,1,2),(7,2,1),(7,3,-1),(7,1,2),(7,2,1),(7,3,-1),(7,1,2),(7,2,1),(7,3,-1),(7,1,2),(7,2,1),(7,3,-1),(7,1,2),(7,2,1),(7,3,-1),(7,1,2),(7,2,1),(7,3,-1),(7,1,2),(7,2,1),(7,3,-1),(7,1,2),(7,2,1),(7,3,-1),(7,1,2),(7,2,1),(7,3,-1),(7,1,2),(7,2,1),(7,3,-1),(7,1,2),(7,2,1),(7,3,-1),(7,1,2),(7,2,1),(7,3,-1),(7,1,2),(7,2,1),(7,3,-1),(7,1,2),(7,2,1),(7,3,-1),(7,1,2),(7,2,1),(7,3,-1),(7,1,2),(7,2,1),(7,3,-1),(7,1,2),(7,2,1),(7,3,-1),(7,1,2),(7,2,1),(7,3,-1),(7,1,2),(7,2,1),(7,3,-1),(7,1,2),(7,2,1),(7,3,-1),(7,1,2),(7,2,1),(7,3,-1),(7,1,2),(7,2,1),(7,3,-1),(7,1,2),(7,2,1),(7,3,-1),(7,1,2),(7,2,1),(7,3,-1),(7,1,2),(7,2,1),(7,3,-1),(7,1,2),(7,2,1),(7,3,-1),(7,1,2),(7,2,1),(7,3,-1),(7,1,2),(7,2,1),(7,3,-1),(7,1,2),(7,2,1),(7,3,-1),(7,1,2),(7,2,1),(7,3,-1),(7,1,2),(7,2,1),(7,3,-1),(7,1,2),(7,2,1),(7,3,-1),(7,1,2),(7,2,1),(7,3,-1),(7,1,2),(7,2,1),(7,3,-1),(7,1,2),(7,2,1),(7,3,-1),(7,1,2),(7,2,1),(7,3,-1),(7,1,2),(7,2,1),(7,3,-1),(7,1,2),(7,2,1),(7,3,-1),(7,1,2),(7,2,1),(7,3,-1),(7,1,2),(7,2,1),(7,3,-1),(7,1,2),(7,2,1),(7,3,-1),(7,1,2),(7,2,1),(7,3,-1),(7,1,2),(7,2,1),(7,3,-1),(7,1,2),(7,2,1),(7,3,-1),(7,1,2),(7,2,1),(7,3,-1),(7,1,2),(7,2,1),(7,3,-1),(7,1,2),(7,2,1),(7,3,-1),(7,1,2),(7,2,1),(7,3,-1),(7,1,2),(7,2,1),(7,3,-1),(7,1,2),(7,2,1),(7,3,-1),(7,1,2),(7,2,1),(7,3,-1),(7,1,2),(7,2,1),(7,3,-1),(7,1,2),(7,2,1),(7,3,-1),(7,1,2),(7,2,1),(7,3,-1),(7,1,2),(7,2,1),(7,3,-1),(7,1,2),(7,2,1),(7,3,-1),(7,1,2),(7,2,1),(7,3,-1),(7,1,2),(7,2,1),(7,3,-1),(7,1,2),(7,2,1),(7,3,-1),(7,1,2),(7,2,1),(7,3,-1),(7,1,2),(7,2,1),(7,3,-1),(7,1,2),(7,2,1),(7,3,-1),(7,1,2),(7,2,1),(7,3,-1),(7,1,2),(7,2,1),(7,3,-1),(7,1,2),(7,2,1),(7,3,-1),(7,1,2),(7,2,1),(7,3,-1),(7,1,2),(7,2,1),(7,3,-1),(8,1,200),(8,2,100),(8,3,1),(8,1,-2),(8,2,-1),(8,3,1),(8,1,-2),(8,2,-1),(8,3,1),(8,1,-2),(8,2,-1),(8,3,1),(8,1,-2),(8,2,-1),(8,3,1),(8,1,-2),(8,2,-1),(8,3,1),(8,1,-2),(8,2,-1),(8,3,1),(8,1,-2),(8,2,-1),(8,3,1),(8,1,-2),(8,2,-1),(8,3,1),(8,1,-2),(8,2,-1),(8,3,1),(8,1,-2),(8,2,-1),(8,3,1),(8,1,-2),(8,2,-1),(8,3,1),(8,1,-2),(8,2,-1),(8,3,1),(8,1,-2),(8,2,-1),(8,3,1),(8,1,-2),(8,2,-1),(8,3,1),(8,1,-2),(8,2,-1),(8,3,1),(8,1,-2),(8,2,-1),(8,3,1),(8,1,-2),(8,2,-1),(8,3,1),(8,1,-2),(8,2,-1),(8,3,1),(8,1,-2),(8,2,-1),(8,3,1),(8,1,-2),(8,2,-1),(8,3,1),(8,1,-2),(8,2,-1),(8,3,1),(8,1,-2),(8,2,-1),(8,3,1),(8,1,-2),(8,2,-1),(8,3,1),(8,1,-2),(8,2,-1),(8,3,1),(8,1,-2),(8,2,-1),(8,3,1),(8,1,-2),(8,2,-1),(8,3,1),(8,1,-2),(8,2,-1),(8,3,1),(8,1,-2),(8,2,-1),(8,3,1),(8,1,-2),(8,2,-1),(8,3,1),(8,1,-2),(8,2,-1),(8,3,1),(8,1,-2),(8,2,-1),(8,3,1),(8,1,-2),(8,2,-1),(8,3,1),(8,1,-2),(8,2,-1),(8,3,1),(8,1,-2),(8,2,-1),(8,3,1),(8,1,-2),(8,2,-1),(8,3,1),(8,1,-2),(8,2,-1),(8,3,1),(8,1,-2),(8,2,-1),(8,3,1),(8,1,-2),(8,2,-1),(8,3,1),(8,1,-2),(8,2,-1),(8,3,1),(8,1,-2),(8,2,-1),(8,3,1),(8,1,-2),(8,2,-1),(8,3,1),(8,1,-2),(8,2,-1),(8,3,1),(8,1,-2),(8,2,-1),(8,3,1),(8,1,-2),(8,2,-1),(8,3,1),(8,1,-2),(8,2,-1),(8,3,1),(8,1,-2),(8,2,-1),(8,3,1),(8,1,-2),(8,2,-1),(8,3,1),(8,1,-2),(8,2,-1),(8,3,1),(8,1,-2),(8,2,-1),(8,3,1),(8,1,-2),(8,2,-1),(8,3,1),(8,1,-2),(8,2,-1),(8,3,1),(8,1,-2),(8,2,-1),(8,3,1),(8,1,-2),(8,2,-1),(8,3,1),(8,1,-2),(8,2,-1),(8,3,1),(8,1,-2),(8,2,-1),(8,3,1),(8,1,-2),(8,2,-1),(8,3,1),(8,1,-2),(8,2,-1),(8,3,1),(8,1,-2),(8,2,-1),(8,3,1),(8,1,-2),(8,2,-1),(8,3,1),(8,1,-2),(8,2,-1),(8,3,1),(8,1,-2),(8,2,-1),(8,3,1),(8,1,-2),(8,2,-1),(8,3,1),(8,1,-2),(8,2,-1),(8,3,1),(8,1,-2),(8,2,-1),(8,3,1),(8,1,-2),(8,2,-1),(8,3,1),(8,1,-2),(8,2,-1),(8,3,1),(8,1,-2),(8,2,-1),(8,3,1),(8,1,-2),(8,2,-1),(8,3,1),(8,1,-2),(8,2,-1),(8,3,1),(8,1,-2),(8,2,-1),(8,3,1),(8,1,-2),(8,2,-1),(8,3,1),(8,1,-2),(8,2,-1),(8,3,1),(8,1,-2),(8,2,-1),(8,3,1),(8,1,-2),(8,2,-1),(8,3,1),(8,1,-2),(8,2,-1),(8,3,1),(8,1,-2),(8,2,-1),(8,3,1),(8,1,-2),(8,2,-1),(8,3,1),(8,1,-2),(8,2,-1),(8,3,1),(8,1,-2),(8,2,-1),(8,3,1),(8,1,-2),(8,2,-1),(8,3,1),(8,1,-2),(8,2,-1),(8,3,1),(8,1,-2),(8,2,-1),(8,3,1),(8,1,-2),(8,2,-1),(8,3,1),(8,1,-2),(8,2,-1),(8,3,1),(8,1,-2),(8,2,-1),(8,3,1),(8,1,-2),(8,2,-1),(8,3,1),(8,1,-2),(8,2,-1),(8,3,1),(8,1,-2),(8,2,-1),(8,3,1),(8,1,-2),(8,2,-1),(8,3,1),(8,1,-2),(8,2,-1),(8,3,1),(8,1,-2),(8,2,-1),(8,3,1),(8,1,-2),(8,2,-1),(8,3,1),(8,1,-2),(8,2,-1),(8,3,1),(8,1,-2),(8,2,-1),(8,3,1),(8,1,-2),(8,2,-1),(8,3,1),(8,1,-2),(8,2,-1),(8,3,1),(8,1,-2),(8,2,-1),(8,3,1),(8,1,-2),(8,2,-1),(8,3,1),(8,1,-2),(8,2,-1),(8,3,1),(8,1,-2),(8,2,-1),(9,2,100),(9,6,50),(9,1,4),(9,7,1),(9,6,-1),(9,1,4),(9,7,1),(9,6,-1),(9,3,1),(9,1,-2),(9,2,-1),(9,3,1),(9,1,-2),(9,2,-1),(9,1,4),(9,7,1),(9,6,-1),(9,1,4),(9,7,1),(9,6,-1),(9,3,1),(9,1,-2),(9,2,-1),(9,1,4),(9,7,1),(9,6,-1),(9,1,4),(9,7,1),(9,6,-1),(9,3,1),(9,1,-2),(9,2,-1),(9,3,1),(9,1,-2),(9,2,-1),(9,1,4),(9,7,1),(9,6,-1),(9,1,4),(9,7,1),(9,6,-1),(9,3,1),(9,1,-2),(9,2,-1),(9,1,4),(9,7,1),(9,6,-1),(9,3,1),(9,1,-2),(9,2,-1),(9,1,4),(9,7,1),(9,6,-1),(9,3,1),(9,1,-2),(9,2,-1),(9,3,1),(9,1,-2),(9,2,-1),(9,3,1),(9,1,-2),(9,2,-1),(9,1,4),(9,7,1),(9,6,-1),(9,1,4),(9,7,1),(9,6,-1),(9,3,1),(9,1,-2),(9,2,-1),(9,3,1),(9,1,-2),(9,2,-1),(9,1,4),(9,7,1),(9,6,-1),(9,3,1),(9,1,-2),(9,2,-1),(9,1,4),(9,7,1),(9,6,-1),(9,3,1),(9,1,-2),(9,2,-1),(9,3,1),(9,1,-2),(9,2,-1),(9,3,1),(9,1,-2),(9,2,-1),(9,1,4),(9,7,1),(9,6,-1),(9,1,4),(9,7,1),(9,6,-1),(9,3,1),(9,1,-2),(9,2,-1),(9,3,1),(9,1,-2),(9,2,-1),(9,1,4),(9,7,1),(9,6,-1),(9,1,4),(9,7,1),(9,6,-1),(9,3,1),(9,1,-2),(9,2,-1),(9,3,1),(9,1,-2),(9,2,-1),(9,1,4),(9,7,1),(9,6,-1),(9,3,1),(9,1,-2),(9,2,-1),(9,1,4),(9,7,1),(9,6,-1),(9,3,1),(9,1,-2),(9,2,-1),(9,3,1),(9,1,-2),(9,2,-1),(9,3,1),(9,1,-2),(9,2,-1),(9,1,4),(9,7,1),(9,6,-1),(9,1,4),(9,7,1),(9,6,-1),(9,3,1),(9,1,-2),(9,2,-1),(9,3,1),(9,1,-2),(9,2,-1),(9,1,4),(9,7,1),(9,6,-1),(9,1,4),(9,7,1),(9,6,-1),(9,3,1),(9,1,-2),(9,2,-1),(9,3,1),(9,1,-2),(9,2,-1),(9,1,4),(9,7,1),(9,6,-1),(9,1,4),(9,7,1),(9,6,-1),(9,3,1),(9,1,-2),(9,2,-1),(9,3,1),(9,1,-2),(9,2,-1),(9,1,4),(9,7,1),(9,6,-1),(9,1,4),(9,7,1),(9,6,-1),(9,3,1),(9,1,-2),(9,2,-1),(9,3,1),(9,1,-2),(9,2,-1),(9,1,4),(9,7,1),(9,6,-1),(9,1,4),(9,7,1),(9,6,-1),(9,3,1),(9,1,-2),(9,2,-1),(9,3,1),(9,1,-2),(9,2,-1),(9,1,4),(9,7,1),(9,6,-1),(9,1,4),(9,7,1),(9,6,-1),(9,3,1),(9,1,-2),(9,2,-1),(9,3,1),(9,1,-2),(9,2,-1),(9,1,4),(9,7,1),(9,6,-1),(9,3,1),(9,1,-2),(9,2,-1),(9,3,1),(9,1,-2),(9,2,-1),(9,3,1),(9,1,-2),(9,2,-1),(9,3,1),(9,1,-2),(9,2,-1),(9,3,1),(9,1,-2),(9,2,-1),(9,3,1),(9,1,-2),(9,2,-1),(9,3,1),(9,1,-2),(9,2,-1),(9,1,4),(9,7,1),(9,6,-1),(9,3,1),(9,1,-2),(9,2,-1),(9,3,1),(9,1,-2),(9,2,-1),(9,3,1),(9,1,-2),(9,2,-1),(9,1,4),(9,7,1),(9,6,-1),(9,1,4),(9,7,1),(9,6,-1),(9,3,1),(9,1,-2),(9,2,-1),(9,3,1),(9,1,-2),(9,2,-1),(9,3,1),(9,1,-2),(9,2,-1),(9,3,1),(9,1,-2),(9,2,-1),(9,1,4),(9,7,1),(9,6,-1),(9,3,1),(9,1,-2),(9,2,-1),(9,3,1),(9,1,-2),(9,2,-1),(9,1,4),(9,7,1),(9,6,-1),(9,3,1),(9,1,-2),(9,2,-1),(9,3,1),(9,1,-2),(9,2,-1),(9,3,1),(9,1,-2),(9,2,-1),(9,3,1),(9,1,-2),(9,2,-1),(9,3,1),(9,1,-2),(9,2,-1),(9,3,1),(9,1,-2),(9,2,-1),(9,1,4),(9,7,1),(9,6,-1),(9,1,4),(9,7,1),(9,6,-1),(9,3,1),(9,1,-2),(9,2,-1),(9,3,1),(9,1,-2),(9,2,-1),(9,3,1),(9,1,-2),(9,2,-1),(9,3,1),(9,1,-2),(9,2,-1),(9,1,4),(9,7,1),(9,6,-1),(9,3,1),(9,1,-2),(9,2,-1),(9,3,1),(9,1,-2),(9,2,-1),(9,1,4),(9,7,1),(9,6,-1),(9,3,1),(9,1,-2),(9,2,-1),(9,3,1),(9,1,-2),(9,2,-1),(9,3,1),(9,1,-2),(9,2,-1),(9,3,1),(9,1,-2),(9,2,-1),(9,3,1),(9,1,-2),(9,2,-1),(9,3,1),(9,1,-2),(9,2,-1),(9,3,1),(9,1,-2),(9,2,-1),(9,3,1),(9,1,-2),(9,2,-1),(9,3,1),(9,1,-2),(9,2,-1),(9,3,1),(9,1,-2),(9,2,-1),(9,1,4),(9,7,1),(9,6,-1),(9,1,4),(9,7,1),(9,6,-1),(9,3,1),(9,1,-2),(9,2,-1),(9,3,1),(9,1,-2),(9,2,-1),(9,3,1),(9,1,-2),(9,2,-1),(9,3,1),(9,1,-2),(9,2,-1),(9,3,1),(9,1,-2),(9,2,-1),(9,3,1),(9,1,-2),(9,2,-1),(9,1,4),(9,7,1),(9,6,-1),(9,3,1),(9,1,-2),(9,2,-1),(9,3,1),(9,1,-2),(9,2,-1),(9,1,4),(9,7,1),(9,6,-1),(9,3,1),(9,1,-2),(9,2,-1),(9,3,1),(9,1,-2),(9,2,-1),(9,3,1),(9,1,-2),(9,2,-1),(9,3,1),(9,1,-2),(9,2,-1),(9,3,1),(9,1,-2),(9,2,-1),(9,3,1),(9,1,-2),(9,2,-1),(9,3,1),(9,1,-2),(9,2,-1),(9,3,1),(9,1,-2),(9,2,-1),(9,3,1),(9,1,-2),(9,2,-1),(9,3,1),(9,1,-2),(9,2,-1),(9,1,4),(9,7,1),(9,6,-1),(9,1,4),(9,7,1),(9,6,-1),(9,3,1),(9,1,-2),(9,2,-1),(9,3,1),(9,1,-2),(9,2,-1),(9,3,1),(9,1,-2),(9,2,-1),(9,3,1),(9,1,-2),(9,2,-1),(9,1,4),(9,7,1),(9,6,-1),(9,3,1),(9,1,-2),(9,2,-1),(9,3,1),(9,1,-2),(9,2,-1),(9,1,4),(9,7,1),(9,6,-1),(9,3,1),(9,1,-2),(9,2,-1),(9,3,1),(9,1,-2),(9,2,-1),(10,1,200),(10,4,100),(10,2,2),(10,5,1),(10,4,-1),(10,2,2),(10,5,1),(10,4,-1),(10,2,2),(10,5,1),(10,4,-1),(10,3,1),(10,1,-2),(10,2,-1),(10,2,2),(10,5,1),(10,4,-1),(10,3,1),(10,1,-2),(10,2,-1),(10,3,1),(10,1,-2),(10,2,-1),(10,3,1),(10,1,-2),(10,2,-1),(10,2,2),(10,5,1),(10,4,-1),(10,3,1),(10,1,-2),(10,2,-1),(10,2,2),(10,5,1),(10,4,-1),(10,3,1),(10,1,-2),(10,2,-1),(10,2,2),(10,5,1),(10,4,-1),(10,3,1),(10,1,-2),(10,2,-1),(10,3,1),(10,1,-2),(10,2,-1),(10,3,1),(10,1,-2),(10,2,-1),(10,2,2),(10,5,1),(10,4,-1),(10,2,2),(10,5,1),(10,4,-1),(10,3,1),(10,1,-2),(10,2,-1),(10,2,2),(10,5,1),(10,4,-1),(10,3,1),(10,1,-2),(10,2,-1),(10,3,1),(10,1,-2),(10,2,-1),(10,3,1),(10,1,-2),(10,2,-1),(10,2,2),(10,5,1),(10,4,-1),(10,2,2),(10,5,1),(10,4,-1),(10,3,1),(10,1,-2),(10,2,-1),(10,2,2),(10,5,1),(10,4,-1),(10,3,1),(10,1,-2),(10,2,-1),(10,3,1),(10,1,-2),(10,2,-1),(10,2,2),(10,5,1),(10,4,-1),(10,3,1),(10,1,-2),(10,2,-1),(10,3,1),(10,1,-2),(10,2,-1),(10,3,1),(10,1,-2),(10,2,-1),(10,3,1),(10,1,-2),(10,2,-1),(10,2,2),(10,5,1),(10,4,-1),(10,2,2),(10,5,1),(10,4,-1),(10,2,2),(10,5,1),(10,4,-1),(10,2,2),(10,5,1),(10,4,-1),(10,3,1),(10,1,-2),(10,2,-1),(10,3,1),(10,1,-2),(10,2,-1),(10,2,2),(10,5,1),(10,4,-1),(10,3,1),(10,1,-2),(10,2,-1),(10,3,1),(10,1,-2),(10,2,-1),(10,3,1),(10,1,-2),(10,2,-1),(10,2,2),(10,5,1),(10,4,-1),(10,2,2),(10,5,1),(10,4,-1),(10,3,1),(10,1,-2),(10,2,-1),(10,2,2),(10,5,1),(10,4,-1),(10,3,1),(10,1,-2),(10,2,-1),(10,3,1),(10,1,-2),(10,2,-1),(10,2,2),(10,5,1),(10,4,-1),(10,2,2),(10,5,1),(10,4,-1),(10,3,1),(10,1,-2),(10,2,-1),(10,3,1),(10,1,-2),(10,2,-1),(10,3,1),(10,1,-2),(10,2,-1),(10,2,2),(10,5,1),(10,4,-1),(10,3,1),(10,1,-2),(10,2,-1),(10,3,1),(10,1,-2),(10,2,-1),(10,2,2),(10,5,1),(10,4,-1),(10,2,2),(10,5,1),(10,4,-1),(10,2,2),(10,5,1),(10,4,-1),(10,3,1),(10,1,-2),(10,2,-1),(10,2,2),(10,5,1),(10,4,-1),(10,3,1),(10,1,-2),(10,2,-1),(10,3,1),(10,1,-2),(10,2,-1),(10,2,2),(10,5,1),(10,4,-1),(10,3,1),(10,1,-2),(10,2,-1),(10,3,1),(10,1,-2),(10,2,-1),(10,2,2),(10,5,1),(10,4,-1),(10,3,1),(10,1,-2),(10,2,-1),(10,3,1),(10,1,-2),(10,2,-1),(10,2,2),(10,5,1),(10,4,-1),(10,2,2),(10,5,1),(10,4,-1),(10,3,1),(10,1,-2),(10,2,-1),(10,2,2),(10,5,1),(10,4,-1),(10,3,1),(10,1,-2),(10,2,-1),(10,3,1),(10,1,-2),(10,2,-1),(10,2,2),(10,5,1),(10,4,-1),(10,2,2),(10,5,1),(10,4,-1),(10,2,2),(10,5,1),(10,4,-1),(10,3,1),(10,1,-2),(10,2,-1),(10,3,1),(10,1,-2),(10,2,-1),(10,3,1),(10,1,-2),(10,2,-1),(10,2,2),(10,5,1),(10,4,-1),(10,3,1),(10,1,-2),(10,2,-1),(10,3,1),(10,1,-2),(10,2,-1),(10,2,2),(10,5,1),(10,4,-1),(10,2,2),(10,5,1),(10,4,-1),(10,2,2),(10,5,1),(10,4,-1),(10,3,1),(10,1,-2),(10,2,-1),(10,2,2),(10,5,1),(10,4,-1),(10,3,1),(10,1,-2),(10,2,-1),(10,2,2),(10,5,1),(10,4,-1),(10,3,1),(10,1,-2),(10,2,-1),(10,2,2),(10,5,1),(10,4,-1),(10,3,1),(10,1,-2),(10,2,-1),(10,3,1),(10,1,-2),(10,2,-1),(10,2,2),(10,5,1),(10,4,-1),(10,2,2),(10,5,1),(10,4,-1),(10,3,1),(10,1,-2),(10,2,-1),(10,3,1),(10,1,-2),(10,2,-1),(10,2,2),(10,5,1),(10,4,-1),(10,2,2),(10,5,1),(10,4,-1),(10,3,1),(10,1,-2),(10,2,-1),(10,2,2),(10,5,1),(10,4,-1),(10,3,1),(10,1,-2),(10,2,-1),(10,3,1),(10,1,-2),(10,2,-1),(10,2,2),(10,5,1),(10,4,-1),(10,2,2),(10,5,1),(10,4,-1),(10,2,2),(10,5,1),(10,4,-1),(10,3,1),(10,1,-2),(10,2,-1),(10,3,1),(10,1,-2),(10,2,-1),(10,3,1),(10,1,-2),(10,2,-1),(10,2,2),(10,5,1),(10,4,-1),(10,3,1),(10,1,-2),(10,2,-1),(10,2,2),(10,5,1),(10,4,-1),(10,3,1),(10,1,-2),(10,2,-1),(10,2,2),(10,5,1),(10,4,-1),(10,2,2),(10,5,1),(10,4,-1),(10,3,1),(10,1,-2),(10,2,-1),(10,3,1),(10,1,-2),(10,2,-1),(10,2,2),(10,5,1),(10,4,-1),(10,3,1),(10,1,-2),(10,2,-1),(10,2,2),(10,5,1),(10,4,-1),(10,3,1),(10,1,-2),(10,2,-1),(10,2,2),(10,5,1),(10,4,-1),(10,2,2),(10,5,1),(10,4,-1),(10,2,2),(10,5,1),(10,4,-1),(10,3,1),(10,1,-2),(10,2,-1),(10,2,2),(10,5,1),(10,4,-1),(10,3,1),(10,1,-2),(10,2,-1),(10,3,1),(10,1,-2),(10,2,-1),(10,2,2),(10,5,1),(10,4,-1),(10,3,1),(10,1,-2),(10,2,-1),(10,3,1),(10,1,-2),(10,2,-1),(10,2,2),(10,5,1),(10,4,-1),(10,3,1),(10,1,-2),(10,2,-1),(10,3,1),(10,1,-2),(10,2,-1),(10,2,2),(10,5,1),(10,4,-1),(10,2,2),(10,5,1),(10,4,-1),(10,3,1),(10,1,-2),(10,2,-1),(10,2,2),(10,5,1),(10,4,-1),(10,3,1),(10,1,-2),(10,2,-1),(10,3,1),(10,1,-2),(10,2,-1),(10,2,2),(10,5,1),(10,4,-1),(10,2,2),(10,5,1),(10,4,-1),(10,2,2),(10,5,1),(10,4,-1),(10,2,2),(10,5,1),(10,4,-1),(10,2,2),(10,5,1),(10,4,-1),(10,3,1),(10,1,-2),(10,2,-1),(10,3,1),(10,1,-2),(10,2,-1),(10,3,1),(10,1,-2),(10,2,-1),(10,3,1),(10,1,-2),(10,2,-1),(10,3,1),(10,1,-2),(10,2,-1),(10,2,2),(10,5,1),(10,4,-1),(10,3,1),(10,1,-2),(10,2,-1),(10,2,2),(10,5,1),(10,4,-1),(10,3,1),(10,1,-2),(10,2,-1),(10,2,2),(10,5,1),(10,4,-1),(10,2,2),(10,5,1),(10,4,-1),(10,3,1),(10,1,-2),(10,2,-1),(10,3,1),(10,1,-2),(10,2,-1),(10,2,2),(10,5,1),(10,4,-1),(10,3,1),(10,1,-2),(10,2,-1),(10,2,2),(10,5,1),(10,4,-1),(10,3,1),(10,1,-2),(10,2,-1),(10,2,2),(10,5,1),(10,4,-1),(10,2,2),(10,5,1),(10,4,-1),(10,2,2),(10,5,1),(10,4,-1),(10,3,1),(10,1,-2),(10,2,-1),(10,2,2),(10,5,1),(10,4,-1),(10,3,1),(10,1,-2),(10,2,-1),(10,3,1),(10,1,-2),(10,2,-1),(10,2,2),(10,5,1),(10,4,-1),(10,3,1),(10,1,-2),(10,2,-1),(10,3,1),(10,1,-2),(10,2,-1),(10,2,2),(10,5,1),(10,4,-1),(10,3,1),(10,1,-2),(10,2,-1),(10,3,1),(10,1,-2),(10,2,-1),(10,2,2),(10,5,1),(10,4,-1),(10,2,2),(10,5,1),(10,4,-1),(10,3,1),(10,1,-2),(10,2,-1),(10,2,2),(10,5,1),(10,4,-1),(10,3,1),(10,1,-2),(10,2,-1),(10,3,1),(10,1,-2),(10,2,-1),(10,2,2),(10,5,1),(10,4,-1),(10,2,2),(10,5,1),(10,4,-1),(10,2,2),(10,5,1),(10,4,-1),(10,2,2),(10,5,1),(10,4,-1),(10,2,2),(10,5,1),(10,4,-1),(10,3,1),(10,1,-2),(10,2,-1),(10,3,1),(10,1,-2),(10,2,-1),(10,2,2),(10,5,1),(10,4,-1),(10,2,2),(10,5,1),(10,4,-1),(10,2,2),(10,5,1),(10,4,-1),(10,2,2),(10,5,1),(10,4,-1),(10,2,2),(10,5,1),(10,4,-1),(10,2,2),(10,5,1),(10,4,-1),(10,2,2),(10,5,1),(10,4,-1),(10,2,2),(10,5,1),(10,4,-1),(11,6,-1),(11,7,1),(11,1,4),(11,4,50),(11,6,25),(11,2,2),(11,5,1),(11,4,-1),(11,1,4),(11,7,1),(11,6,-1),(11,2,2),(11,5,1),(11,4,-1),(11,1,4),(11,7,1),(11,6,-1),(11,2,2),(11,5,1),(11,4,-1),(11,1,4),(11,7,1),(11,6,-1),(11,2,2),(11,5,1),(11,4,-1),(11,1,4),(11,7,1),(11,6,-1),(11,2,2),(11,5,1),(11,4,-1),(11,1,4),(11,7,1),(11,6,-1),(11,2,2),(11,5,1),(11,4,-1),(11,3,1),(11,1,-2),(11,2,-1),(11,1,4),(11,7,1),(11,6,-1),(11,2,2),(11,5,1),(11,4,-1),(11,3,1),(11,1,-2),(11,2,-1),(11,3,1),(11,1,-2),(11,2,-1),(11,1,4),(11,7,1),(11,6,-1),(11,2,2),(11,5,1),(11,4,-1),(11,8,1),(11,2,-2),(11,7,-1),(11,1,4),(11,7,1),(11,6,-1),(11,2,2),(11,5,1),(11,4,-1),(11,8,1),(11,2,-2),(11,7,-1),(11,1,4),(11,7,1),(11,6,-1),(11,2,2),(11,5,1),(11,4,-1),(11,3,1),(11,1,-2),(11,2,-1),(11,1,4),(11,7,1),(11,6,-1),(11,2,2),(11,5,1),(11,4,-1),(11,8,1),(11,2,-2),(11,7,-1),(11,3,1),(11,1,-2),(11,2,-1),(11,1,4),(11,7,1),(11,6,-1),(11,2,2),(11,5,1),(11,4,-1),(11,8,1),(11,2,-2),(11,7,-1),(11,1,4),(11,7,1),(11,6,-1),(11,2,2),(11,5,1),(11,4,-1),(11,8,1),(11,2,-2),(11,7,-1),(11,1,4),(11,7,1),(11,6,-1),(11,2,2),(11,5,1),(11,4,-1),(11,8,1),(11,2,-2),(11,7,-1),(11,1,4),(11,7,1),(11,6,-1),(11,2,2),(11,5,1),(11,4,-1),(11,1,4),(11,7,1),(11,6,-1),(11,2,2),(11,5,1),(11,4,-1),(11,8,1),(11,2,-2),(11,7,-1),(11,1,4),(11,7,1),(11,6,-1),(11,2,2),(11,5,1),(11,4,-1),(11,8,1),(11,2,-2),(11,7,-1),(11,1,4),(11,7,1),(11,6,-1),(11,2,2),(11,5,1),(11,4,-1),(11,8,1),(11,2,-2),(11,7,-1),(11,1,4),(11,7,1),(11,6,-1),(11,2,2),(11,5,1),(11,4,-1),(11,1,4),(11,7,1),(11,6,-1),(11,2,2),(11,5,1),(11,4,-1),(11,8,1),(11,2,-2),(11,7,-1),(11,1,4),(11,7,1),(11,6,-1),(11,2,2),(11,5,1),(11,4,-1),(11,8,1),(11,2,-2),(11,7,-1),(11,1,4),(11,7,1),(11,6,-1),(11,2,2),(11,5,1),(11,4,-1),(11,8,1),(11,2,-2),(11,7,-1),(11,1,4),(11,7,1),(11,6,-1),(11,2,2),(11,5,1),(11,4,-1),(11,8,1),(11,2,-2),(11,7,-1),(11,1,4),(11,7,1),(11,6,-1),(11,2,2),(11,5,1),(11,4,-1),(11,8,1),(11,2,-2),(11,7,-1),(11,1,4),(11,7,1),(11,6,-1),(11,2,2),(11,5,1),(11,4,-1),(11,8,1),(11,2,-2),(11,7,-1),(11,2,2),(11,5,1),(11,4,-1),(11,8,1),(11,2,-2),(11,7,-1),(11,2,2),(11,5,1),(11,4,-1),(11,8,1),(11,2,-2),(11,7,-1),(11,2,2),(11,5,1),(11,4,-1),(11,8,1),(11,2,-2),(11,7,-1),(11,2,2),(11,5,1),(11,4,-1),(11,8,1),(11,2,-2),(11,7,-1),(11,2,2),(11,5,1),(11,4,-1),(11,8,1),(11,2,-2),(11,7,-1),(11,2,2),(11,5,1),(11,4,-1),(11,8,1),(11,2,-2),(11,7,-1),(11,2,2),(11,5,1),(11,4,-1),(11,2,2),(11,5,1),(11,4,-1),(11,2,2),(11,5,1),(11,4,-1),(11,2,2),(11,5,1),(11,4,-1),(11,2,2),(11,5,1),(11,4,-1),(11,8,1),(11,2,-2),(11,7,-1),(11,2,2),(11,5,1),(11,4,-1),(11,3,1),(11,1,-2),(11,2,-1),(11,3,1),(11,1,-2),(11,2,-1),(11,8,1),(11,2,-2),(11,7,-1),(11,2,2),(11,5,1),(11,4,-1),(11,3,1),(11,1,-2),(11,2,-1),(11,2,2),(11,5,1),(11,4,-1),(11,3,1),(11,1,-2),(11,2,-1),(11,8,1),(11,2,-2),(11,7,-1),(11,3,1),(11,1,-2),(11,2,-1),(11,2,2),(11,5,1),(11,4,-1),(11,3,1),(11,1,-2),(11,2,-1),(11,8,1),(11,2,-2),(11,7,-1),(11,2,2),(11,5,1),(11,4,-1),(11,2,2),(11,5,1),(11,4,-1),(11,3,1),(11,1,-2),(11,2,-1),(11,3,1),(11,1,-2),(11,2,-1),(11,3,1),(11,1,-2),(11,2,-1),(11,3,1),(11,1,-2),(11,2,-1),(11,3,1),(11,1,-2),(11,2,-1),(11,2,2),(11,5,1),(11,4,-1),(11,2,2),(11,5,1),(11,4,-1),(11,3,1),(11,1,-2),(11,2,-1),(11,3,1),(11,1,-2),(11,2,-1),(11,3,1),(11,1,-2),(11,2,-1),(11,3,1),(11,1,-2),(11,2,-1),(11,2,2),(11,5,1),(11,4,-1),(11,2,2),(11,5,1),(11,4,-1),(11,3,1),(11,1,-2),(11,2,-1),(11,3,1),(11,1,-2),(11,2,-1),(11,3,1),(11,1,-2),(11,2,-1),(11,3,1),(11,1,-2),(11,2,-1),(11,3,1),(11,1,-2),(11,2,-1),(11,3,1),(11,1,-2),(11,2,-1),(11,2,2),(11,5,1),(11,4,-1),(11,2,2),(11,5,1),(11,4,-1),(11,3,1),(11,1,-2),(11,2,-1),(11,3,1),(11,1,-2),(11,2,-1),(11,3,1),(11,1,-2),(11,2,-1),(11,3,1),(11,1,-2),(11,2,-1),(11,3,1),(11,1,-2),(11,2,-1),(11,3,1),(11,1,-2),(11,2,-1),(11,2,2),(11,5,1),(11,4,-1),(11,2,2),(11,5,1),(11,4,-1),(11,3,1),(11,1,-2),(11,2,-1),(11,3,1),(11,1,-2),(11,2,-1),(11,3,1),(11,1,-2),(11,2,-1),(11,3,1),(11,1,-2),(11,2,-1),(11,3,1),(11,1,-2),(11,2,-1),(11,3,1),(11,1,-2),(11,2,-1),(11,3,1),(11,1,-2),(11,2,-1),(11,3,1),(11,1,-2),(11,2,-1),(11,3,1),(11,1,-2),(11,2,-1),(11,3,1),(11,1,-2),(11,2,-1),(11,3,1),(11,1,-2),(11,2,-1),(11,3,1),(11,1,-2),(11,2,-1),(11,3,1),(11,1,-2),(11,2,-1),(11,3,1),(11,1,-2),(11,2,-1),(11,3,1),(11,1,-2),(11,2,-1),(11,3,1),(11,1,-2),(11,2,-1),(11,3,1),(11,1,-2),(11,2,-1),(11,3,1),(11,1,-2),(11,2,-1),(12,3,100),(13,3,100),(13,1,2),(13,2,1),(13,3,-1),(13,3,1),(13,1,-2),(13,2,-1),(13,1,2),(13,2,1),(13,3,-1),(13,3,1),(13,1,-2),(13,2,-1),(13,1,2),(13,2,1),(13,3,-1),(13,3,1),(13,1,-2),(13,2,-1),(13,1,2),(13,2,1),(13,3,-1),(13,3,1),(13,1,-2),(13,2,-1),(13,1,2),(13,2,1),(13,3,-1),(13,3,1),(13,1,-2),(13,2,-1),(13,1,2),(13,2,1),(13,3,-1),(13,1,2),(13,2,1),(13,3,-1),(13,1,2),(13,2,1),(13,3,-1),(13,1,2),(13,2,1),(13,3,-1),(13,1,2),(13,2,1),(13,3,-1),(13,3,1),(13,1,-2),(13,2,-1),(13,1,2),(13,2,1),(13,3,-1),(13,3,1),(13,1,-2),(13,2,-1),(13,1,2),(13,2,1),(13,3,-1),(13,3,1),(13,1,-2),(13,2,-1),(13,1,2),(13,2,1),(13,3,-1),(13,3,1),(13,1,-2),(13,2,-1),(13,1,2),(13,2,1),(13,3,-1),(13,3,1),(13,1,-2),(13,2,-1),(13,1,2),(13,2,1),(13,3,-1),(13,3,1),(13,1,-2),(13,2,-1),(13,1,2),(13,2,1),(13,3,-1),(13,3,1),(13,1,-2),(13,2,-1),(13,1,2),(13,2,1),(13,3,-1),(13,1,2),(13,2,1),(13,3,-1),(13,3,1),(13,1,-2),(13,2,-1),(13,1,2),(13,2,1),(13,3,-1),(13,3,1),(13,1,-2),(13,2,-1),(13,1,2),(13,2,1),(13,3,-1),(13,3,1),(13,1,-2),(13,2,-1),(13,1,2),(13,2,1),(13,3,-1),(13,3,1),(13,1,-2),(13,2,-1),(13,1,2),(13,2,1),(13,3,-1),(13,3,1),(13,1,-2),(13,2,-1),(13,1,2),(13,2,1),(13,3,-1),(13,3,1),(13,1,-2),(13,2,-1),(13,1,2),(13,2,1),(13,3,-1),(13,3,1),(13,1,-2),(13,2,-1),(13,1,2),(13,2,1),(13,3,-1),(13,3,1),(13,1,-2),(13,2,-1),(13,1,2),(13,2,1),(13,3,-1),(13,3,1),(13,1,-2),(13,2,-1),(13,1,2),(13,2,1),(13,3,-1),(13,3,1),(13,1,-2),(13,2,-1),(13,1,2),(13,2,1),(13,3,-1),(13,3,1),(13,1,-2),(13,2,-1),(13,1,2),(13,2,1),(13,3,-1),(13,3,1),(13,1,-2),(13,2,-1),(13,1,2),(13,2,1),(13,3,-1),(13,3,1),(13,1,-2),(13,2,-1),(13,1,2),(13,2,1),(13,3,-1),(13,3,1),(13,1,-2),(13,2,-1),(13,1,2),(13,2,1),(13,3,-1),(13,3,1),(13,1,-2),(13,2,-1),(13,1,2),(13,2,1),(13,3,-1),(13,3,1),(13,1,-2),(13,2,-1),(13,1,2),(13,2,1),(13,3,-1),(13,3,1),(13,1,-2),(13,2,-1),(13,1,2),(13,2,1),(13,3,-1),(13,3,1),(13,1,-2),(13,2,-1),(13,1,2),(13,2,1),(13,3,-1),(13,3,1),(13,1,-2),(13,2,-1),(13,1,2),(13,2,1),(13,3,-1),(13,3,1),(13,1,-2),(13,2,-1),(13,1,2),(13,2,1),(13,3,-1),(13,3,1),(13,1,-2),(13,2,-1),(13,1,2),(13,2,1),(13,3,-1),(13,3,1),(13,1,-2),(13,2,-1),(13,1,2),(13,2,1),(13,3,-1),(13,3,1),(13,1,-2),(13,2,-1),(13,3,1),(13,1,-2),(13,2,-1),(13,3,1),(13,1,-2),(13,2,-1),(13,3,1),(13,1,-2),(13,2,-1),(13,3,1),(13,1,-2),(13,2,-1),(13,3,1),(13,1,-2),(13,2,-1),(14,3,100),(14,1,2),(14,2,1),(14,3,-1),(14,1,2),(14,2,1),(14,3,-1),(14,1,2),(14,2,1),(14,3,-1),(14,1,2),(14,2,1),(14,3,-1),(14,3,1),(14,1,-2),(14,2,-1),(14,3,1),(14,1,-2),(14,2,-1),(14,3,1),(14,1,-2),(14,2,-1),(14,3,1),(14,1,-2),(14,2,-1),(14,1,2),(14,2,1),(14,3,-1),(14,1,2),(14,2,1),(14,3,-1),(14,3,1),(14,1,-2),(14,2,-1),(14,3,1),(14,1,-2),(14,2,-1),(14,1,2),(14,2,1),(14,3,-1),(14,1,2),(14,2,1),(14,3,-1),(14,3,1),(14,1,-2),(14,2,-1),(14,3,1),(14,1,-2),(14,2,-1),(14,1,2),(14,2,1),(14,3,-1),(14,1,2),(14,2,1),(14,3,-1),(14,3,1),(14,1,-2),(14,2,-1),(14,3,1),(14,1,-2),(14,2,-1),(16,1,200),(16,2,100),(17,3,100),(17,1,2),(17,2,1),(17,3,-1),(17,1,2),(17,2,1),(17,3,-1),(17,1,2),(17,2,1),(17,3,-1),(17,1,2),(17,2,1),(17,3,-1),(17,1,2),(17,2,1),(17,3,-1),(17,1,2),(17,2,1),(17,3,-1),(17,1,2),(17,2,1),(17,3,-1),(17,1,2),(17,2,1),(17,3,-1),(17,1,2),(17,2,1),(17,3,-1),(17,1,2),(17,2,1),(17,3,-1),(17,1,2),(17,2,1),(17,3,-1),(17,1,2),(17,2,1),(17,3,-1),(17,1,2),(17,2,1),(17,3,-1),(17,1,2),(17,2,1),(17,3,-1),(17,1,2),(17,2,1),(17,3,-1),(17,1,2),(17,2,1),(17,3,-1),(17,1,2),(17,2,1),(17,3,-1),(17,1,2),(17,2,1),(17,3,-1),(17,1,2),(17,2,1),(17,3,-1),(17,1,2),(17,2,1),(17,3,-1),(17,1,2),(17,2,1),(17,3,-1),(17,1,2),(17,2,1),(17,3,-1),(17,1,2),(17,2,1),(17,3,-1),(17,1,2),(17,2,1),(17,3,-1),(17,1,2),(17,2,1),(17,3,-1),(17,1,2),(17,2,1),(17,3,-1),(17,1,2),(17,2,1),(17,3,-1),(17,1,2),(17,2,1),(17,3,-1),(17,1,2),(17,2,1),(17,3,-1),(17,1,2),(17,2,1),(17,3,-1),(17,1,2),(17,2,1),(17,3,-1),(17,1,2),(17,2,1),(17,3,-1),(17,1,2),(17,2,1),(17,3,-1),(17,1,2),(17,2,1),(17,3,-1),(17,1,2),(17,2,1),(17,3,-1),(17,1,2),(17,2,1),(17,3,-1),(17,1,2),(17,2,1),(17,3,-1),(17,1,2),(17,2,1),(17,3,-1),(17,1,2),(17,2,1),(17,3,-1),(17,1,2),(17,2,1),(17,3,-1),(17,1,2),(17,2,1),(17,3,-1),(17,1,2),(17,2,1),(17,3,-1),(17,1,2),(17,2,1),(17,3,-1),(17,1,2),(17,2,1),(17,3,-1),(17,1,2),(17,2,1),(17,3,-1),(17,1,2),(17,2,1),(17,3,-1),(17,1,2),(17,2,1),(17,3,-1),(17,1,2),(17,2,1),(17,3,-1),(17,1,2),(17,2,1),(17,3,-1),(17,1,2),(17,2,1),(17,3,-1),(17,1,2),(17,2,1),(17,3,-1),(17,1,2),(17,2,1),(17,3,-1),(17,1,2),(17,2,1),(17,3,-1),(17,1,2),(17,2,1),(17,3,-1),(17,1,2),(17,2,1),(17,3,-1),(17,1,2),(17,2,1),(17,3,-1),(17,1,2),(17,2,1),(17,3,-1),(17,1,2),(17,2,1),(17,3,-1),(17,1,2),(17,2,1),(17,3,-1),(17,1,2),(17,2,1),(17,3,-1),(17,1,2),(17,2,1),(17,3,-1),(17,1,2),(17,2,1),(17,3,-1),(17,1,2),(17,2,1),(17,3,-1),(17,1,2),(17,2,1),(17,3,-1),(17,1,2),(17,2,1),(17,3,-1),(17,1,2),(17,2,1),(17,3,-1),(17,1,2),(17,2,1),(17,3,-1),(17,1,2),(17,2,1),(17,3,-1),(17,1,2),(17,2,1),(17,3,-1),(17,1,2),(17,2,1),(17,3,-1),(17,1,2),(17,2,1),(17,3,-1),(17,1,2),(17,2,1),(17,3,-1),(17,1,2),(17,2,1),(17,3,-1),(17,1,2),(17,2,1),(17,3,-1),(17,1,2),(17,2,1),(17,3,-1),(17,1,2),(17,2,1),(17,3,-1),(17,1,2),(17,2,1),(17,3,-1),(17,1,2),(17,2,1),(17,3,-1),(17,1,2),(17,2,1),(17,3,-1),(17,1,2),(17,2,1),(17,3,-1),(17,1,2),(17,2,1),(17,3,-1),(17,1,2),(17,2,1),(17,3,-1),(17,1,2),(17,2,1),(17,3,-1),(17,1,2),(17,2,1),(17,3,-1),(17,1,2),(17,2,1),(17,3,-1),(17,1,2),(17,2,1),(17,3,-1),(17,1,2),(17,2,1),(17,3,-1),(17,1,2),(17,2,1),(17,3,-1),(17,1,2),(17,2,1),(17,3,-1),(17,1,2),(17,2,1),(17,3,-1),(17,1,2),(17,2,1),(17,3,-1),(17,1,2),(17,2,1),(17,3,-1),(17,1,2),(17,2,1),(17,3,-1),(17,1,2),(17,2,1),(17,3,-1),(17,1,2),(17,2,1),(17,3,-1),(17,1,2),(17,2,1),(17,3,-1),(17,1,2),(17,2,1),(17,3,-1),(17,1,2),(17,2,1),(17,3,-1),(17,1,2),(17,2,1),(17,3,-1),(17,1,2),(17,2,1),(17,3,-1),(18,1,200),(18,2,100),(18,3,1),(18,1,-2),(18,2,-1),(18,3,1),(18,1,-2),(18,2,-1),(18,3,1),(18,1,-2),(18,2,-1),(18,3,1),(18,1,-2),(18,2,-1),(18,3,1),(18,1,-2),(18,2,-1),(18,3,1),(18,1,-2),(18,2,-1),(18,3,1),(18,1,-2),(18,2,-1),(18,3,1),(18,1,-2),(18,2,-1),(18,3,1),(18,1,-2),(18,2,-1),(18,3,1),(18,1,-2),(18,2,-1),(18,3,1),(18,1,-2),(18,2,-1),(18,3,1),(18,1,-2),(18,2,-1),(18,3,1),(18,1,-2),(18,2,-1),(18,3,1),(18,1,-2),(18,2,-1),(18,3,1),(18,1,-2),(18,2,-1),(18,3,1),(18,1,-2),(18,2,-1),(18,3,1),(18,1,-2),(18,2,-1),(18,3,1),(18,1,-2),(18,2,-1),(18,3,1),(18,1,-2),(18,2,-1),(18,3,1),(18,1,-2),(18,2,-1),(18,3,1),(18,1,-2),(18,2,-1),(18,3,1),(18,1,-2),(18,2,-1),(18,3,1),(18,1,-2),(18,2,-1),(18,3,1),(18,1,-2),(18,2,-1),(18,3,1),(18,1,-2),(18,2,-1),(18,3,1),(18,1,-2),(18,2,-1),(18,3,1),(18,1,-2),(18,2,-1),(18,3,1),(18,1,-2),(18,2,-1),(18,3,1),(18,1,-2),(18,2,-1),(18,3,1),(18,1,-2),(18,2,-1),(18,3,1),(18,1,-2),(18,2,-1),(18,3,1),(18,1,-2),(18,2,-1),(18,3,1),(18,1,-2),(18,2,-1),(18,3,1),(18,1,-2),(18,2,-1),(18,3,1),(18,1,-2),(18,2,-1),(18,3,1),(18,1,-2),(18,2,-1),(18,3,1),(18,1,-2),(18,2,-1),(18,3,1),(18,1,-2),(18,2,-1),(18,3,1),(18,1,-2),(18,2,-1),(18,3,1),(18,1,-2),(18,2,-1),(18,3,1),(18,1,-2),(18,2,-1),(18,3,1),(18,1,-2),(18,2,-1),(18,3,1),(18,1,-2),(18,2,-1),(18,3,1),(18,1,-2),(18,2,-1),(18,3,1),(18,1,-2),(18,2,-1),(18,3,1),(18,1,-2),(18,2,-1),(18,3,1),(18,1,-2),(18,2,-1),(18,3,1),(18,1,-2),(18,2,-1),(18,3,1),(18,1,-2),(18,2,-1),(18,3,1),(18,1,-2),(18,2,-1),(18,3,1),(18,1,-2),(18,2,-1),(18,3,1),(18,1,-2),(18,2,-1),(18,3,1),(18,1,-2),(18,2,-1),(18,3,1),(18,1,-2),(18,2,-1),(18,3,1),(18,1,-2),(18,2,-1),(18,3,1),(18,1,-2),(18,2,-1),(18,3,1),(18,1,-2),(18,2,-1),(18,3,1),(18,1,-2),(18,2,-1),(18,3,1),(18,1,-2),(18,2,-1),(18,3,1),(18,1,-2),(18,2,-1),(18,3,1),(18,1,-2),(18,2,-1),(18,3,1),(18,1,-2),(18,2,-1),(18,3,1),(18,1,-2),(18,2,-1),(18,3,1),(18,1,-2),(18,2,-1),(18,3,1),(18,1,-2),(18,2,-1),(18,3,1),(18,1,-2),(18,2,-1),(18,3,1),(18,1,-2),(18,2,-1),(18,3,1),(18,1,-2),(18,2,-1),(18,3,1),(18,1,-2),(18,2,-1),(18,3,1),(18,1,-2),(18,2,-1),(18,3,1),(18,1,-2),(18,2,-1),(18,3,1),(18,1,-2),(18,2,-1),(18,3,1),(18,1,-2),(18,2,-1),(18,3,1),(18,1,-2),(18,2,-1),(18,3,1),(18,1,-2),(18,2,-1),(18,3,1),(18,1,-2),(18,2,-1),(18,3,1),(18,1,-2),(18,2,-1),(18,3,1),(18,1,-2),(18,2,-1),(18,3,1),(18,1,-2),(18,2,-1),(18,3,1),(18,1,-2),(18,2,-1),(18,3,1),(18,1,-2),(18,2,-1),(18,3,1),(18,1,-2),(18,2,-1),(18,3,1),(18,1,-2),(18,2,-1),(18,3,1),(18,1,-2),(18,2,-1),(18,3,1),(18,1,-2),(18,2,-1),(18,3,1),(18,1,-2),(18,2,-1),(18,3,1),(18,1,-2),(18,2,-1),(18,3,1),(18,1,-2),(18,2,-1),(18,3,1),(18,1,-2),(18,2,-1),(18,3,1),(18,1,-2),(18,2,-1),(18,3,1),(18,1,-2),(18,2,-1),(18,3,1),(18,1,-2),(18,2,-1),(18,3,1),(18,1,-2),(18,2,-1),(18,3,1),(18,1,-2),(18,2,-1),(18,3,1),(18,1,-2),(18,2,-1),(18,3,1),(18,1,-2),(18,2,-1),(18,3,1),(18,1,-2),(18,2,-1),(18,3,1),(18,1,-2),(18,2,-1),(18,3,1),(18,1,-2),(18,2,-1),(18,3,1),(18,1,-2),(18,2,-1),(19,2,100),(19,6,50),(20,2,-1),(20,1,-2),(20,3,1),(20,2,-1),(20,1,-2),(20,3,1),(20,2,-1),(20,1,-2),(20,3,1),(20,2,-1),(20,1,-2),(20,3,1),(20,2,-1),(20,1,-2),(20,3,1),(20,2,-1),(20,1,-2),(20,3,1),(20,2,-1),(20,1,-2),(20,3,1),(20,2,-1),(20,1,-2),(20,3,1),(20,2,-1),(20,1,-2),(20,3,1),(20,2,-1),(20,1,-2),(20,3,1),(20,2,-1),(20,1,-2),(20,3,1),(20,2,-1),(20,1,-2),(20,3,1),(20,2,-1),(20,1,-2),(20,3,1),(20,2,-1),(20,1,-2),(20,3,1),(20,2,-1),(20,1,-2),(20,3,1),(20,2,-1),(20,1,-2),(20,3,1),(20,2,-1),(20,1,-2),(20,3,1),(20,2,-1),(20,1,-2),(20,3,1),(20,2,-1),(20,1,-2),(20,3,1),(20,2,-1),(20,1,-2),(20,3,1),(20,2,-1),(20,1,-2),(20,3,1),(20,2,-1),(20,1,-2),(20,3,1),(20,2,-1),(20,1,-2),(20,3,1),(20,2,-1),(20,1,-2),(20,3,1),(20,2,-1),(20,1,-2),(20,3,1),(20,2,-1),(20,1,-2),(20,3,1),(20,2,-1),(20,1,-2),(20,3,1),(20,2,-1),(20,1,-2),(20,3,1),(20,2,-1),(20,1,-2),(20,3,1),(20,2,-1),(20,1,-2),(20,3,1),(20,2,-1),(20,1,-2),(20,3,1),(20,2,-1),(20,1,-2),(20,3,1),(20,2,-1),(20,1,-2),(20,3,1),(20,2,-1),(20,1,-2),(20,3,1),(20,2,-1),(20,1,-2),(20,3,1),(20,2,-1),(20,1,-2),(20,3,1),(20,2,-1),(20,1,-2),(20,3,1),(20,2,-1),(20,1,-2),(20,3,1),(20,2,-1),(20,1,-2),(20,3,1),(20,2,-1),(20,1,-2),(20,3,1),(20,2,-1),(20,1,-2),(20,3,1),(20,2,-1),(20,1,-2),(20,3,1),(20,2,-1),(20,1,-2),(20,3,1),(20,2,-1),(20,1,-2),(20,3,1),(20,2,-1),(20,1,-2),(20,3,1),(20,2,-1),(20,1,-2),(20,3,1),(20,2,-1),(20,1,-2),(20,3,1),(20,2,-1),(20,1,-2),(20,3,1),(20,2,-1),(20,1,-2),(20,3,1),(20,2,-1),(20,1,-2),(20,3,1),(20,2,-1),(20,1,-2),(20,3,1),(20,2,-1),(20,1,-2),(20,3,1),(20,2,-1),(20,1,-2),(20,3,1),(20,2,-1),(20,1,-2),(20,3,1),(20,2,-1),(20,1,-2),(20,3,1),(20,2,-1),(20,1,-2),(20,3,1),(20,2,-1),(20,1,-2),(20,3,1),(20,2,-1),(20,1,-2),(20,3,1),(20,2,-1),(20,1,-2),(20,3,1),(20,2,-1),(20,1,-2),(20,3,1),(20,2,-1),(20,1,-2),(20,3,1),(20,2,-1),(20,1,-2),(20,3,1),(20,2,-1),(20,1,-2),(20,3,1),(20,2,-1),(20,1,-2),(20,3,1),(20,2,-1),(20,1,-2),(20,3,1),(20,2,-1),(20,1,-2),(20,3,1),(20,2,-1),(20,1,-2),(20,3,1),(20,2,-1),(20,1,-2),(20,3,1),(20,2,-1),(20,1,-2),(20,3,1),(20,2,-1),(20,1,-2),(20,3,1),(20,2,-1),(20,1,-2),(20,3,1),(20,2,-1),(20,1,-2),(20,3,1),(20,9,-2),(20,7,-3),(20,8,3),(20,2,-1),(20,1,-2),(20,3,1),(20,9,-2),(20,7,-3),(20,8,3),(20,2,-1),(20,1,-2),(20,3,1),(20,9,-2),(20,7,-3),(20,8,3),(20,2,-1),(20,1,-2),(20,3,1),(20,9,-2),(20,7,-3),(20,8,3),(20,2,-1),(20,1,-2),(20,3,1),(20,9,-2),(20,7,-3),(20,8,3),(20,2,-1),(20,1,-2),(20,3,1),(20,9,-2),(20,7,-3),(20,8,3),(20,2,-1),(20,1,-2),(20,3,1),(20,9,-2),(20,7,-3),(20,8,3),(20,2,-1),(20,1,-2),(20,3,1),(20,9,-2),(20,7,-3),(20,8,3),(20,2,-1),(20,1,-2),(20,3,1),(20,9,-2),(20,7,-3),(20,8,3),(20,2,-1),(20,1,-2),(20,3,1),(20,9,-2),(20,7,-3),(20,8,3),(20,2,-1),(20,1,-2),(20,3,1),(20,9,-2),(20,7,-3),(20,8,3),(20,2,-1),(20,1,-2),(20,3,1),(20,9,-2),(20,7,-3),(20,8,3),(20,2,-1),(20,1,-2),(20,3,1),(20,9,-2),(20,7,-3),(20,8,3),(20,2,-1),(20,1,-2),(20,3,1),(20,9,-2),(20,7,-3),(20,8,3),(20,2,-1),(20,1,-2),(20,3,1),(20,9,-2),(20,7,-3),(20,8,3),(20,2,-1),(20,1,-2),(20,3,1),(20,9,-2),(20,7,-3),(20,8,3),(20,2,-1),(20,1,-2),(20,3,1),(20,2,-1),(20,1,-2),(20,3,1),(20,9,-2),(20,7,-3),(20,8,3),(20,2,-1),(20,1,-2),(20,3,1),(20,2,-1),(20,1,-2),(20,3,1),(20,4,-1),(20,5,1),(20,2,2),(20,9,-2),(20,7,-3),(20,8,3),(20,2,-1),(20,1,-2),(20,3,1),(20,4,-1),(20,5,1),(20,2,2),(20,4,-1),(20,5,1),(20,2,2),(20,2,-1),(20,1,-2),(20,3,1),(20,4,-1),(20,5,1),(20,2,2),(20,4,-1),(20,5,1),(20,2,2),(20,4,-1),(20,5,1),(20,2,2),(20,2,-1),(20,1,-2),(20,3,1),(20,4,-1),(20,5,1),(20,2,2),(20,9,-2),(20,7,-3),(20,8,3),(20,4,-1),(20,5,1),(20,2,2),(20,4,-1),(20,5,1),(20,2,2),(20,4,-1),(20,5,1),(20,2,2),(20,4,-1),(20,5,1),(20,2,2),(20,4,-1),(20,5,1),(20,2,2),(20,9,-2),(20,5,-3),(20,4,3),(20,9,-2),(20,5,-3),(20,4,3),(20,4,-1),(20,5,1),(20,2,2),(20,9,-2),(20,7,-3),(20,8,3),(20,4,-1),(20,5,1),(20,2,2),(20,4,-1),(20,5,1),(20,2,2),(20,4,-1),(20,5,1),(20,2,2),(20,9,-2),(20,5,-3),(20,4,3),(20,4,-1),(20,5,1),(20,2,2),(20,4,-1),(20,5,1),(20,2,2),(20,4,-1),(20,5,1),(20,2,2),(20,4,-1),(20,5,1),(20,2,2),(20,9,-2),(20,5,-3),(20,4,3),(20,4,-1),(20,5,1),(20,2,2),(20,9,-2),(20,5,-3),(20,4,3),(20,4,-1),(20,5,1),(20,2,2),(20,4,-1),(20,5,1),(20,2,2),(20,4,-1),(20,5,1),(20,2,2),(20,9,-2),(20,5,-3),(20,4,3),(20,4,-1),(20,5,1),(20,2,2),(20,4,-1),(20,5,1),(20,2,2),(20,4,-1),(20,5,1),(20,2,2),(20,9,-2),(20,5,-3),(20,4,3),(20,4,-1),(20,5,1),(20,2,2),(20,4,-1),(20,5,1),(20,2,2),(20,4,-1),(20,5,1),(20,2,2),(20,9,-2),(20,5,-3),(20,4,3),(20,4,-1),(20,5,1),(20,2,2),(20,4,-1),(20,5,1),(20,2,2),(20,4,-1),(20,5,1),(20,2,2),(20,9,-2),(20,5,-3),(20,4,3),(20,4,-1),(20,5,1),(20,2,2),(20,4,-1),(20,5,1),(20,2,2),(20,4,-1),(20,5,1),(20,2,2),(20,9,-2),(20,5,-3),(20,4,3),(20,4,-1),(20,5,1),(20,2,2),(20,4,-1),(20,5,1),(20,2,2),(20,9,-2),(20,5,-3),(20,4,3),(20,4,-1),(20,5,1),(20,2,2),(20,4,-1),(20,5,1),(20,2,2),(20,4,-1),(20,5,1),(20,2,2),(20,9,-2),(20,5,-3),(20,4,3),(20,4,-1),(20,5,1),(20,2,2),(20,4,-1),(20,5,1),(20,2,2),(20,4,-1),(20,5,1),(20,2,2),(20,9,-2),(20,5,-3),(20,4,3),(20,4,-1),(20,5,1),(20,2,2),(20,4,-1),(20,5,1),(20,2,2),(20,4,-1),(20,5,1),(20,2,2),(20,9,-2),(20,5,-3),(20,4,3),(20,4,-1),(20,5,1),(20,2,2),(20,4,-1),(20,5,1),(20,2,2),(20,9,-2),(20,5,-3),(20,4,3),(20,4,-1),(20,5,1),(20,2,2),(20,4,-1),(20,5,1),(20,2,2),(20,4,-1),(20,5,1),(20,2,2),(20,4,-1),(20,5,1),(20,2,2),(20,9,-2),(20,5,-3),(20,4,3),(20,4,-1),(20,5,1),(20,2,2),(20,4,-1),(20,5,1),(20,2,2),(20,9,-2),(20,5,-3),(20,4,3),(20,4,-1),(20,5,1),(20,2,2),(20,9,-2),(20,5,-3),(20,4,3),(20,4,-1),(20,5,1),(20,2,2),(20,4,-1),(20,5,1),(20,2,2),(20,4,-1),(20,5,1),(20,2,2),(20,9,-2),(20,5,-3),(20,4,3),(20,4,-1),(20,5,1),(20,2,2),(20,4,-1),(20,5,1),(20,2,2),(20,4,-1),(20,5,1),(20,2,2),(20,9,-2),(20,5,-3),(20,4,3),(20,4,-1),(20,5,1),(20,2,2),(20,4,-1),(20,5,1),(20,2,2),(20,9,-2),(20,5,-3),(20,4,3),(20,4,-1),(20,5,1),(20,2,2),(20,4,-1),(20,5,1),(20,2,2),(20,4,-1),(20,5,1),(20,2,2),(20,9,-2),(20,5,-3),(20,4,3),(20,4,-1),(20,5,1),(20,2,2),(20,4,-1),(20,5,1),(20,2,2),(20,9,-2),(20,5,-3),(20,4,3),(20,4,-1),(20,5,1),(20,2,2),(20,4,-1),(20,5,1),(20,2,2),(20,4,-1),(20,5,1),(20,2,2),(20,9,-2),(20,5,-3),(20,4,3),(20,4,-1),(20,5,1),(20,2,2),(20,4,-1),(20,5,1),(20,2,2),(20,4,-1),(20,5,1),(20,2,2),(20,9,-2),(20,5,-3),(20,4,3),(20,1,200),(20,9,100),(20,7,60),(20,5,90),(20,3,1),(20,1,-2),(20,2,-1),(20,3,1),(20,1,-2),(20,2,-1),(20,3,1),(20,1,-2),(20,2,-1),(20,3,1),(20,1,-2),(20,2,-1),(20,3,1),(20,1,-2),(20,2,-1),(20,3,1),(20,1,-2),(20,2,-1),(21,6,-1),(21,7,1),(21,1,4),(21,9,-2),(21,7,-3),(21,8,3),(21,2,-1),(21,1,-2),(21,3,1),(21,8,-1),(21,7,1),(21,2,2),(21,6,-1),(21,7,1),(21,1,4),(21,2,-1),(21,1,-2),(21,3,1),(21,8,-1),(21,7,1),(21,2,2),(21,2,-1),(21,1,-2),(21,3,1),(21,8,-1),(21,7,1),(21,2,2),(21,6,-1),(21,7,1),(21,1,4),(21,9,-2),(21,7,-3),(21,8,3),(21,2,-1),(21,1,-2),(21,3,1),(21,8,-1),(21,7,1),(21,2,2),(21,6,-1),(21,7,1),(21,1,4),(21,2,-1),(21,1,-2),(21,3,1),(21,8,-1),(21,7,1),(21,2,2),(21,2,-1),(21,1,-2),(21,3,1),(21,8,-1),(21,7,1),(21,2,2),(21,6,-1),(21,7,1),(21,1,4),(21,9,-2),(21,7,-3),(21,8,3),(21,2,-1),(21,1,-2),(21,3,1),(21,8,-1),(21,7,1),(21,2,2),(21,6,-1),(21,7,1),(21,1,4),(21,2,-1),(21,1,-2),(21,3,1),(21,8,-1),(21,7,1),(21,2,2),(21,2,-1),(21,1,-2),(21,3,1),(21,8,-1),(21,7,1),(21,2,2),(21,6,-1),(21,7,1),(21,1,4),(21,9,-2),(21,7,-3),(21,8,3),(21,2,-1),(21,1,-2),(21,3,1),(21,8,-1),(21,7,1),(21,2,2),(21,6,-1),(21,7,1),(21,1,4),(21,2,-1),(21,1,-2),(21,3,1),(21,8,-1),(21,7,1),(21,2,2),(21,2,-1),(21,1,-2),(21,3,1),(21,8,-1),(21,7,1),(21,2,2),(21,6,-1),(21,7,1),(21,1,4),(21,9,-2),(21,7,-3),(21,8,3),(21,2,-1),(21,1,-2),(21,3,1),(21,8,-1),(21,7,1),(21,2,2),(21,6,-1),(21,7,1),(21,1,4),(21,2,-1),(21,1,-2),(21,3,1),(21,8,-1),(21,7,1),(21,2,2),(21,2,-1),(21,1,-2),(21,3,1),(21,8,-1),(21,7,1),(21,2,2),(21,6,-1),(21,7,1),(21,1,4),(21,9,-2),(21,7,-3),(21,8,3),(21,2,-1),(21,1,-2),(21,3,1),(21,8,-1),(21,7,1),(21,2,2),(21,6,-1),(21,7,1),(21,1,4),(21,2,-1),(21,1,-2),(21,3,1),(21,8,-1),(21,7,1),(21,2,2),(21,2,-1),(21,1,-2),(21,3,1),(21,8,-1),(21,7,1),(21,2,2),(21,6,-1),(21,7,1),(21,1,4),(21,9,-2),(21,7,-3),(21,8,3),(21,2,-1),(21,1,-2),(21,3,1),(21,8,-1),(21,7,1),(21,2,2),(21,6,-1),(21,7,1),(21,1,4),(21,2,-1),(21,1,-2),(21,3,1),(21,8,-1),(21,7,1),(21,2,2),(21,2,-1),(21,1,-2),(21,3,1),(21,8,-1),(21,7,1),(21,2,2),(21,6,-1),(21,7,1),(21,1,4),(21,9,-2),(21,7,-3),(21,8,3),(21,2,-1),(21,1,-2),(21,3,1),(21,8,-1),(21,7,1),(21,2,2),(21,6,-1),(21,7,1),(21,1,4),(21,2,-1),(21,1,-2),(21,3,1),(21,8,-1),(21,7,1),(21,2,2),(21,2,-1),(21,1,-2),(21,3,1),(21,8,-1),(21,7,1),(21,2,2),(21,6,-1),(21,7,1),(21,1,4),(21,9,-2),(21,7,-3),(21,8,3),(21,2,-1),(21,1,-2),(21,3,1),(21,8,-1),(21,7,1),(21,2,2),(21,6,-1),(21,7,1),(21,1,4),(21,2,-1),(21,1,-2),(21,3,1),(21,8,-1),(21,7,1),(21,2,2),(21,2,-1),(21,1,-2),(21,3,1),(21,8,-1),(21,7,1),(21,2,2),(21,6,-1),(21,7,1),(21,1,4),(21,9,-2),(21,7,-3),(21,8,3),(21,2,-1),(21,1,-2),(21,3,1),(21,8,-1),(21,7,1),(21,2,2),(21,6,-1),(21,7,1),(21,1,4),(21,2,-1),(21,1,-2),(21,3,1),(21,8,-1),(21,7,1),(21,2,2),(21,2,-1),(21,1,-2),(21,3,1),(21,8,-1),(21,7,1),(21,2,2),(21,6,-1),(21,7,1),(21,1,4),(21,9,-2),(21,7,-3),(21,8,3),(21,2,-1),(21,1,-2),(21,3,1),(21,8,-1),(21,7,1),(21,2,2),(21,6,-1),(21,7,1),(21,1,4),(21,2,-1),(21,1,-2),(21,3,1),(21,8,-1),(21,7,1),(21,2,2),(21,2,-1),(21,1,-2),(21,3,1),(21,8,-1),(21,7,1),(21,2,2),(21,6,-1),(21,7,1),(21,1,4),(21,9,-2),(21,7,-3),(21,8,3),(21,2,-1),(21,1,-2),(21,3,1),(21,8,-1),(21,7,1),(21,2,2),(21,6,-1),(21,7,1),(21,1,4),(21,2,-1),(21,1,-2),(21,3,1),(21,8,-1),(21,7,1),(21,2,2),(21,2,-1),(21,1,-2),(21,3,1),(21,8,-1),(21,7,1),(21,2,2),(21,6,-1),(21,7,1),(21,1,4),(21,9,-2),(21,7,-3),(21,8,3),(21,2,-1),(21,1,-2),(21,3,1),(21,8,-1),(21,7,1),(21,2,2),(21,6,-1),(21,7,1),(21,1,4),(21,2,-1),(21,1,-2),(21,3,1),(21,8,-1),(21,7,1),(21,2,2),(21,2,-1),(21,1,-2),(21,3,1),(21,8,-1),(21,7,1),(21,2,2),(21,6,-1),(21,7,1),(21,1,4),(21,9,-2),(21,7,-3),(21,8,3),(21,2,-1),(21,1,-2),(21,3,1),(21,8,-1),(21,7,1),(21,2,2),(21,6,-1),(21,7,1),(21,1,4),(21,2,-1),(21,1,-2),(21,3,1),(21,8,-1),(21,7,1),(21,2,2),(21,2,-1),(21,1,-2),(21,3,1),(21,8,-1),(21,7,1),(21,2,2),(21,6,-1),(21,7,1),(21,1,4),(21,9,-2),(21,7,-3),(21,8,3),(21,8,-1),(21,7,1),(21,2,2),(21,6,-1),(21,7,1),(21,1,4),(21,8,-1),(21,7,1),(21,2,2),(21,6,-1),(21,7,1),(21,1,4),(21,8,-1),(21,7,1),(21,2,2),(21,9,-2),(21,7,-3),(21,8,3),(21,8,-1),(21,7,1),(21,2,2),(21,6,-1),(21,7,1),(21,1,4),(21,8,-1),(21,7,1),(21,2,2),(21,6,-1),(21,7,1),(21,1,4),(21,8,-1),(21,7,1),(21,2,2),(21,9,-2),(21,7,-3),(21,8,3),(21,8,-1),(21,7,1),(21,2,2),(21,6,-1),(21,7,1),(21,1,4),(21,8,-1),(21,7,1),(21,2,2),(21,6,-1),(21,7,1),(21,1,4),(21,9,-2),(21,7,-3),(21,8,3),(21,6,-1),(21,7,1),(21,1,4),(21,6,-1),(21,7,1),(21,1,4),(21,9,-2),(21,7,-3),(21,8,3),(21,6,-1),(21,7,1),(21,1,4),(21,6,-1),(21,7,1),(21,1,4),(21,6,-1),(21,7,1),(21,1,4),(21,9,-2),(21,7,-3),(21,8,3),(21,6,-1),(21,7,1),(21,1,4),(21,6,-1),(21,7,1),(21,1,4),(21,9,-2),(21,7,-3),(21,8,3),(21,6,-1),(21,7,1),(21,1,4),(21,6,-1),(21,7,1),(21,1,4),(21,6,-1),(21,7,1),(21,1,4),(21,6,-1),(21,7,1),(21,1,4),(21,6,-1),(21,7,1),(21,1,4),(21,6,-1),(21,7,1),(21,1,4),(21,6,-1),(21,7,1),(21,1,4),(21,6,-1),(21,7,1),(21,1,4),(21,6,-1),(21,7,1),(21,1,4),(21,6,-1),(21,7,1),(21,1,4),(21,6,-1),(21,7,1),(21,1,4),(21,6,-1),(21,7,1),(21,1,4),(21,6,-1),(21,7,1),(21,1,4),(21,6,-1),(21,7,1),(21,1,4),(21,6,-1),(21,7,1),(21,1,4),(21,9,60),(21,6,60),(21,2,2),(21,7,1),(21,8,-1),(21,3,1),(21,1,-2),(21,2,-1),(21,2,2),(21,7,1),(21,8,-1),(21,3,1),(21,1,-2),(21,2,-1),(21,1,4),(21,7,1),(21,6,-1),(21,2,2),(21,7,1),(21,8,-1),(21,3,1),(21,1,-2),(21,2,-1),(21,8,3),(21,7,-3),(21,9,-2),(21,1,4),(21,7,1),(21,6,-1),(21,2,2),(21,7,1),(21,8,-1),(21,3,1),(21,1,-2),(21,2,-1),(21,2,2),(21,7,1),(21,8,-1),(21,3,1),(21,1,-2),(21,2,-1),(21,1,4),(21,7,1),(21,6,-1),(21,2,2),(21,7,1),(21,8,-1),(21,3,1),(21,1,-2),(21,2,-1),(21,8,3),(21,7,-3),(21,9,-2),(21,2,2),(21,7,1),(21,8,-1),(21,3,1),(21,1,-2),(21,2,-1),(21,2,2),(21,7,1),(21,8,-1),(21,3,1),(21,1,-2),(21,2,-1),(21,2,2),(21,7,1),(21,8,-1),(21,3,1),(21,1,-2),(21,2,-1),(21,8,3),(21,7,-3),(21,9,-2),(21,2,2),(21,7,1),(21,8,-1),(21,3,1),(21,1,-2),(21,2,-1),(21,2,2),(21,7,1),(21,8,-1),(21,3,1),(21,1,-2),(21,2,-1),(21,2,2),(21,7,1),(21,8,-1),(21,3,1),(21,1,-2),(21,2,-1),(21,8,3),(21,7,-3),(21,9,-2),(21,2,2),(21,7,1),(21,8,-1),(21,3,1),(21,1,-2),(21,2,-1),(21,2,2),(21,7,1),(21,8,-1),(21,3,1),(21,1,-2),(21,2,-1),(21,2,2),(21,7,1),(21,8,-1),(21,3,1),(21,1,-2),(21,2,-1),(21,8,3),(21,7,-3),(21,9,-2),(21,2,2),(21,7,1),(21,8,-1),(21,3,1),(21,1,-2),(21,2,-1),(21,2,2),(21,7,1),(21,8,-1),(21,3,1),(21,1,-2),(21,2,-1),(21,2,2),(21,7,1),(21,8,-1),(21,3,1),(21,1,-2),(21,2,-1),(21,8,3),(21,7,-3),(21,9,-2),(21,2,2),(21,7,1),(21,8,-1),(21,3,1),(21,1,-2),(21,2,-1),(21,2,2),(21,7,1),(21,8,-1),(21,3,1),(21,1,-2),(21,2,-1),(21,2,2),(21,7,1),(21,8,-1),(21,3,1),(21,1,-2),(21,2,-1),(21,8,3),(21,7,-3),(21,9,-2),(21,2,2),(21,7,1),(21,8,-1),(21,3,1),(21,1,-2),(21,2,-1),(21,2,2),(21,7,1),(21,8,-1),(21,3,1),(21,1,-2),(21,2,-1),(21,2,2),(21,7,1),(21,8,-1),(21,3,1),(21,1,-2),(21,2,-1),(21,8,3),(21,7,-3),(21,9,-2),(21,2,2),(21,7,1),(21,8,-1),(21,3,1),(21,1,-2),(21,2,-1),(21,2,2),(21,7,1),(21,8,-1),(21,3,1),(21,1,-2),(21,2,-1),(21,2,2),(21,7,1),(21,8,-1),(21,3,1),(21,1,-2),(21,2,-1),(21,8,3),(21,7,-3),(21,9,-2),(21,2,2),(21,7,1),(21,8,-1),(21,3,1),(21,1,-2),(21,2,-1),(21,2,2),(21,7,1),(21,8,-1),(21,3,1),(21,1,-2),(21,2,-1),(21,2,2),(21,7,1),(21,8,-1),(21,3,1),(21,1,-2),(21,2,-1),(21,2,2),(21,7,1),(21,8,-1),(21,3,1),(21,1,-2),(21,2,-1),(21,2,2),(21,7,1),(21,8,-1),(21,3,1),(21,1,-2),(21,2,-1),(21,2,2),(21,7,1),(21,8,-1),(21,3,1),(21,1,-2),(21,2,-1),(21,2,2),(21,7,1),(21,8,-1),(21,3,1),(21,1,-2),(21,2,-1),(21,2,2),(21,7,1),(21,8,-1),(21,3,1),(21,1,-2),(21,2,-1),(21,2,2),(21,7,1),(21,8,-1),(21,3,1),(21,1,-2),(21,2,-1),(21,2,2),(21,7,1),(21,8,-1),(21,3,1),(21,1,-2),(21,2,-1),(21,2,2),(21,7,1),(21,8,-1),(21,3,1),(21,1,-2),(21,2,-1),(21,2,2),(21,7,1),(21,8,-1),(21,3,1),(21,1,-2),(21,2,-1),(21,2,2),(21,7,1),(21,8,-1),(21,3,1),(21,1,-2),(21,2,-1),(21,3,1),(21,1,-2),(21,2,-1),(21,3,1),(21,1,-2),(21,2,-1),(21,3,1),(21,1,-2),(21,2,-1),(21,3,1),(21,1,-2),(21,2,-1),(21,3,1),(21,1,-2),(21,2,-1),(21,3,1),(21,1,-2),(21,2,-1),(21,3,1),(21,1,-2),(21,2,-1),(21,3,1),(21,1,-2),(21,2,-1),(21,3,1),(21,1,-2),(21,2,-1),(21,3,1),(21,1,-2),(21,2,-1),(21,3,1),(21,1,-2),(21,2,-1),(21,3,1),(21,1,-2),(21,2,-1),(21,3,1),(21,1,-2),(21,2,-1),(21,3,1),(21,1,-2),(21,2,-1),(21,3,1),(21,1,-2),(21,2,-1),(21,3,1),(21,1,-2),(21,2,-1),(21,3,1),(21,1,-2),(21,2,-1),(21,3,1),(21,1,-2),(21,2,-1),(21,3,1),(21,1,-2),(21,2,-1),(21,3,1),(21,1,-2),(21,2,-1),(21,3,1),(21,1,-2),(21,2,-1),(21,3,1),(21,1,-2),(21,2,-1),(21,3,1),(21,1,-2),(21,2,-1),(21,3,1),(21,1,-2),(21,2,-1),(21,3,1),(21,1,-2),(21,2,-1),(21,3,1),(21,1,-2),(21,2,-1),(21,3,1),(21,1,-2),(21,2,-1),(21,3,1),(21,1,-2),(21,2,-1),(21,3,1),(21,1,-2),(21,2,-1),(21,3,1),(21,1,-2),(21,2,-1),(21,3,1),(21,1,-2),(21,2,-1),(21,3,1),(21,1,-2),(21,2,-1),(21,3,1),(21,1,-2),(21,2,-1),(21,3,1),(21,1,-2),(21,2,-1),(21,3,1),(21,1,-2),(21,2,-1),(21,3,1),(21,1,-2),(21,2,-1),(21,3,1),(21,1,-2),(21,2,-1),(21,3,1),(21,1,-2),(21,2,-1),(22,3,100),(22,1,2),(22,2,1),(22,3,-1),(22,1,2),(22,2,1),(22,3,-1),(22,1,2),(22,2,1),(22,3,-1),(22,1,2),(22,2,1),(22,3,-1),(23,3,100),(23,1,2),(23,2,1),(23,3,-1),(23,1,2),(23,2,1),(23,3,-1),(23,1,2),(23,2,1),(23,3,-1),(23,1,2),(23,2,1),(23,3,-1),(23,1,2),(23,2,1),(23,3,-1),(23,1,2),(23,2,1),(23,3,-1),(23,1,2),(23,2,1),(23,3,-1),(23,1,2),(23,2,1),(23,3,-1),(23,1,2),(23,2,1),(23,3,-1),(23,1,2),(23,2,1),(23,3,-1),(23,1,2),(23,2,1),(23,3,-1),(23,1,2),(23,2,1),(23,3,-1),(23,1,2),(23,2,1),(23,3,-1),(23,1,2),(23,2,1),(23,3,-1),(23,1,2),(23,2,1),(23,3,-1),(23,1,2),(23,2,1),(23,3,-1),(23,1,2),(23,2,1),(23,3,-1),(23,1,2),(23,2,1),(23,3,-1),(23,1,2),(23,2,1),(23,3,-1),(23,1,2),(23,2,1),(23,3,-1),(23,1,2),(23,2,1),(23,3,-1),(23,1,2),(23,2,1),(23,3,-1),(23,1,2),(23,2,1),(23,3,-1),(23,1,2),(23,2,1),(23,3,-1),(23,1,2),(23,2,1),(23,3,-1),(23,1,2),(23,2,1),(23,3,-1),(23,1,2),(23,2,1),(23,3,-1),(23,1,2),(23,2,1),(23,3,-1),(23,1,2),(23,2,1),(23,3,-1),(23,1,2),(23,2,1),(23,3,-1),(23,1,2),(23,2,1),(23,3,-1),(23,1,2),(23,2,1),(23,3,-1),(23,1,2),(23,2,1),(23,3,-1),(23,1,2),(23,2,1),(23,3,-1),(23,1,2),(23,2,1),(23,3,-1),(23,1,2),(23,2,1),(23,3,-1),(23,1,2),(23,2,1),(23,3,-1),(23,1,2),(23,2,1),(23,3,-1),(23,1,2),(23,2,1),(23,3,-1),(23,1,2),(23,2,1),(23,3,-1),(23,1,2),(23,2,1),(23,3,-1),(23,1,2),(23,2,1),(23,3,-1),(23,1,2),(23,2,1),(23,3,-1),(23,1,2),(23,2,1),(23,3,-1),(23,1,2),(23,2,1),(23,3,-1),(23,1,2),(23,2,1),(23,3,-1),(23,1,2),(23,2,1),(23,3,-1),(23,1,2),(23,2,1),(23,3,-1),(23,1,2),(23,2,1),(23,3,-1),(23,1,2),(23,2,1),(23,3,-1),(23,1,2),(23,2,1),(23,3,-1),(23,1,2),(23,2,1),(23,3,-1),(23,1,2),(23,2,1),(23,3,-1),(23,1,2),(23,2,1),(23,3,-1),(23,1,2),(23,2,1),(23,3,-1),(23,1,2),(23,2,1),(23,3,-1),(23,1,2),(23,2,1),(23,3,-1),(23,1,2),(23,2,1),(23,3,-1),(23,1,2),(23,2,1),(23,3,-1),(23,1,2),(23,2,1),(23,3,-1),(23,1,2),(23,2,1),(23,3,-1),(23,1,2),(23,2,1),(23,3,-1),(23,1,2),(23,2,1),(23,3,-1),(23,1,2),(23,2,1),(23,3,-1),(23,1,2),(23,2,1),(23,3,-1),(23,1,2),(23,2,1),(23,3,-1),(23,1,2),(23,2,1),(23,3,-1),(23,1,2),(23,2,1),(23,3,-1),(23,1,2),(23,2,1),(23,3,-1),(23,1,2),(23,2,1),(23,3,-1),(23,1,2),(23,2,1),(23,3,-1),(23,1,2),(23,2,1),(23,3,-1),(23,1,2),(23,2,1),(23,3,-1),(23,1,2),(23,2,1),(23,3,-1),(23,1,2),(23,2,1),(23,3,-1),(23,1,2),(23,2,1),(23,3,-1),(23,1,2),(23,2,1),(23,3,-1),(23,1,2),(23,2,1),(23,3,-1),(23,1,2),(23,2,1),(23,3,-1),(23,1,2),(23,2,1),(23,3,-1),(23,1,2),(23,2,1),(23,3,-1),(23,1,2),(23,2,1),(23,3,-1),(23,1,2),(23,2,1),(23,3,-1),(23,1,2),(23,2,1),(23,3,-1),(23,1,2),(23,2,1),(23,3,-1),(23,1,2),(23,2,1),(23,3,-1),(23,1,2),(23,2,1),(23,3,-1),(23,1,2),(23,2,1),(23,3,-1),(23,1,2),(23,2,1),(23,3,-1),(23,1,2),(23,2,1),(23,3,-1),(23,1,2),(23,2,1),(23,3,-1),(23,1,2),(23,2,1),(23,3,-1),(23,1,2),(23,2,1),(23,3,-1),(23,1,2),(23,2,1),(23,3,-1),(23,1,2),(23,2,1),(23,3,-1),(23,1,2),(23,2,1),(23,3,-1),(23,1,2),(23,2,1),(23,3,-1),(23,1,2),(23,2,1),(23,3,-1),(23,1,2),(23,2,1),(23,3,-1),(23,1,2),(23,2,1),(23,3,-1),(24,1,200),(24,2,100),(24,3,1),(24,1,-2),(24,2,-1),(24,3,1),(24,1,-2),(24,2,-1),(24,3,1),(24,1,-2),(24,2,-1),(24,3,1),(24,1,-2),(24,2,-1),(24,3,1),(24,1,-2),(24,2,-1),(24,3,1),(24,1,-2),(24,2,-1),(24,3,1),(24,1,-2),(24,2,-1),(24,3,1),(24,1,-2),(24,2,-1),(24,3,1),(24,1,-2),(24,2,-1),(24,3,1),(24,1,-2),(24,2,-1),(24,3,1),(24,1,-2),(24,2,-1),(24,3,1),(24,1,-2),(24,2,-1),(24,3,1),(24,1,-2),(24,2,-1),(24,3,1),(24,1,-2),(24,2,-1),(24,3,1),(24,1,-2),(24,2,-1),(24,3,1),(24,1,-2),(24,2,-1),(24,3,1),(24,1,-2),(24,2,-1),(24,3,1),(24,1,-2),(24,2,-1),(24,3,1),(24,1,-2),(24,2,-1),(24,3,1),(24,1,-2),(24,2,-1),(24,3,1),(24,1,-2),(24,2,-1),(24,3,1),(24,1,-2),(24,2,-1),(24,3,1),(24,1,-2),(24,2,-1),(24,3,1),(24,1,-2),(24,2,-1),(24,3,1),(24,1,-2),(24,2,-1),(24,3,1),(24,1,-2),(24,2,-1),(24,3,1),(24,1,-2),(24,2,-1),(24,3,1),(24,1,-2),(24,2,-1),(24,3,1),(24,1,-2),(24,2,-1),(24,3,1),(24,1,-2),(24,2,-1),(24,3,1),(24,1,-2),(24,2,-1),(24,3,1),(24,1,-2),(24,2,-1),(24,3,1),(24,1,-2),(24,2,-1),(24,3,1),(24,1,-2),(24,2,-1),(24,3,1),(24,1,-2),(24,2,-1),(24,3,1),(24,1,-2),(24,2,-1),(24,3,1),(24,1,-2),(24,2,-1),(24,3,1),(24,1,-2),(24,2,-1),(24,3,1),(24,1,-2),(24,2,-1),(24,3,1),(24,1,-2),(24,2,-1),(24,3,1),(24,1,-2),(24,2,-1),(24,3,1),(24,1,-2),(24,2,-1),(24,3,1),(24,1,-2),(24,2,-1),(24,3,1),(24,1,-2),(24,2,-1),(24,3,1),(24,1,-2),(24,2,-1),(24,3,1),(24,1,-2),(24,2,-1),(24,3,1),(24,1,-2),(24,2,-1),(24,3,1),(24,1,-2),(24,2,-1),(24,3,1),(24,1,-2),(24,2,-1),(24,3,1),(24,1,-2),(24,2,-1),(24,3,1),(24,1,-2),(24,2,-1),(24,3,1),(24,1,-2),(24,2,-1),(24,3,1),(24,1,-2),(24,2,-1),(24,3,1),(24,1,-2),(24,2,-1),(24,3,1),(24,1,-2),(24,2,-1),(24,3,1),(24,1,-2),(24,2,-1),(24,3,1),(24,1,-2),(24,2,-1),(24,3,1),(24,1,-2),(24,2,-1),(24,3,1),(24,1,-2),(24,2,-1),(24,3,1),(24,1,-2),(24,2,-1),(24,3,1),(24,1,-2),(24,2,-1),(24,3,1),(24,1,-2),(24,2,-1),(24,3,1),(24,1,-2),(24,2,-1),(24,3,1),(24,1,-2),(24,2,-1),(24,3,1),(24,1,-2),(24,2,-1),(24,3,1),(24,1,-2),(24,2,-1),(24,3,1),(24,1,-2),(24,2,-1),(24,3,1),(24,1,-2),(24,2,-1),(24,3,1),(24,1,-2),(24,2,-1),(24,3,1),(24,1,-2),(24,2,-1),(24,3,1),(24,1,-2),(24,2,-1),(24,3,1),(24,1,-2),(24,2,-1),(24,3,1),(24,1,-2),(24,2,-1),(24,3,1),(24,1,-2),(24,2,-1),(24,3,1),(24,1,-2),(24,2,-1),(24,3,1),(24,1,-2),(24,2,-1),(24,3,1),(24,1,-2),(24,2,-1),(24,3,1),(24,1,-2),(24,2,-1),(24,3,1),(24,1,-2),(24,2,-1),(24,3,1),(24,1,-2),(24,2,-1),(24,3,1),(24,1,-2),(24,2,-1),(24,3,1),(24,1,-2),(24,2,-1),(24,3,1),(24,1,-2),(24,2,-1),(24,3,1),(24,1,-2),(24,2,-1),(24,3,1),(24,1,-2),(24,2,-1),(24,3,1),(24,1,-2),(24,2,-1),(24,3,1),(24,1,-2),(24,2,-1),(24,3,1),(24,1,-2),(24,2,-1),(24,3,1),(24,1,-2),(24,2,-1),(24,3,1),(24,1,-2),(24,2,-1),(24,3,1),(24,1,-2),(24,2,-1),(24,3,1),(24,1,-2),(24,2,-1),(24,3,1),(24,1,-2),(24,2,-1),(24,3,1),(24,1,-2),(24,2,-1),(24,3,1),(24,1,-2),(24,2,-1),(24,3,1),(24,1,-2),(24,2,-1),(24,3,1),(24,1,-2),(24,2,-1),(24,3,1),(24,1,-2),(24,2,-1),(24,3,1),(24,1,-2),(24,2,-1),(24,3,1),(24,1,-2),(24,2,-1),(25,6,-1),(25,7,1),(25,1,4),(25,6,50),(25,2,100),(25,3,1),(25,1,-2),(25,2,-1),(25,3,1),(25,1,-2),(25,2,-1),(25,1,4),(25,7,1),(25,6,-1),(25,1,4),(25,7,1),(25,6,-1),(25,1,4),(25,7,1),(25,6,-1),(25,1,4),(25,7,1),(25,6,-1),(25,1,4),(25,7,1),(25,6,-1),(25,1,4),(25,7,1),(25,6,-1),(25,1,4),(25,7,1),(25,6,-1),(25,1,4),(25,7,1),(25,6,-1),(25,1,4),(25,7,1),(25,6,-1),(25,1,4),(25,7,1),(25,6,-1),(25,1,4),(25,7,1),(25,6,-1),(25,1,4),(25,7,1),(25,6,-1),(25,3,1),(25,1,-2),(25,2,-1),(25,1,4),(25,7,1),(25,6,-1),(25,3,1),(25,1,-2),(25,2,-1),(25,3,1),(25,1,-2),(25,2,-1),(25,1,4),(25,7,1),(25,6,-1),(25,3,1),(25,1,-2),(25,2,-1),(25,1,4),(25,7,1),(25,6,-1),(25,3,1),(25,1,-2),(25,2,-1),(25,3,1),(25,1,-2),(25,2,-1),(25,1,4),(25,7,1),(25,6,-1),(25,3,1),(25,1,-2),(25,2,-1),(25,1,4),(25,7,1),(25,6,-1),(25,3,1),(25,1,-2),(25,2,-1),(25,3,1),(25,1,-2),(25,2,-1),(25,1,4),(25,7,1),(25,6,-1),(25,3,1),(25,1,-2),(25,2,-1),(25,1,4),(25,7,1),(25,6,-1),(25,3,1),(25,1,-2),(25,2,-1),(25,1,4),(25,7,1),(25,6,-1),(25,3,1),(25,1,-2),(25,2,-1),(25,1,4),(25,7,1),(25,6,-1),(25,3,1),(25,1,-2),(25,2,-1),(25,3,1),(25,1,-2),(25,2,-1),(25,1,4),(25,7,1),(25,6,-1),(25,3,1),(25,1,-2),(25,2,-1),(25,1,4),(25,7,1),(25,6,-1),(25,3,1),(25,1,-2),(25,2,-1),(25,3,1),(25,1,-2),(25,2,-1),(25,1,4),(25,7,1),(25,6,-1),(25,1,4),(25,7,1),(25,6,-1),(25,3,1),(25,1,-2),(25,2,-1),(25,3,1),(25,1,-2),(25,2,-1),(25,1,4),(25,7,1),(25,6,-1),(25,1,4),(25,7,1),(25,6,-1),(25,3,1),(25,1,-2),(25,2,-1),(25,3,1),(25,1,-2),(25,2,-1),(25,1,4),(25,7,1),(25,6,-1),(25,1,4),(25,7,1),(25,6,-1),(25,3,1),(25,1,-2),(25,2,-1),(25,3,1),(25,1,-2),(25,2,-1),(25,1,4),(25,7,1),(25,6,-1),(25,1,4),(25,7,1),(25,6,-1),(25,3,1),(25,1,-2),(25,2,-1),(25,3,1),(25,1,-2),(25,2,-1),(25,1,4),(25,7,1),(25,6,-1),(25,1,4),(25,7,1),(25,6,-1),(25,3,1),(25,1,-2),(25,2,-1),(25,3,1),(25,1,-2),(25,2,-1),(25,1,4),(25,7,1),(25,6,-1),(25,1,4),(25,7,1),(25,6,-1),(25,3,1),(25,1,-2),(25,2,-1),(25,3,1),(25,1,-2),(25,2,-1),(25,1,4),(25,7,1),(25,6,-1),(25,1,4),(25,7,1),(25,6,-1),(25,3,1),(25,1,-2),(25,2,-1),(25,3,1),(25,1,-2),(25,2,-1),(25,1,4),(25,7,1),(25,6,-1),(25,1,4),(25,7,1),(25,6,-1),(25,3,1),(25,1,-2),(25,2,-1),(25,3,1),(25,1,-2),(25,2,-1),(25,1,4),(25,7,1),(25,6,-1),(25,1,4),(25,7,1),(25,6,-1),(25,3,1),(25,1,-2),(25,2,-1),(25,3,1),(25,1,-2),(25,2,-1),(25,1,4),(25,7,1),(25,6,-1),(25,1,4),(25,7,1),(25,6,-1),(25,3,1),(25,1,-2),(25,2,-1),(25,3,1),(25,1,-2),(25,2,-1),(25,1,4),(25,7,1),(25,6,-1),(25,3,1),(25,1,-2),(25,2,-1),(25,3,1),(25,1,-2),(25,2,-1),(25,3,1),(25,1,-2),(25,2,-1),(25,3,1),(25,1,-2),(25,2,-1),(25,3,1),(25,1,-2),(25,2,-1),(25,3,1),(25,1,-2),(25,2,-1),(25,3,1),(25,1,-2),(25,2,-1),(25,3,1),(25,1,-2),(25,2,-1),(25,3,1),(25,1,-2),(25,2,-1),(25,3,1),(25,1,-2),(25,2,-1),(25,3,1),(25,1,-2),(25,2,-1),(25,3,1),(25,1,-2),(25,2,-1),(25,1,4),(25,7,1),(25,6,-1),(25,3,1),(25,1,-2),(25,2,-1),(25,3,1),(25,1,-2),(25,2,-1),(25,1,4),(25,7,1),(25,6,-1),(25,3,1),(25,1,-2),(25,2,-1),(25,1,4),(25,7,1),(25,6,-1),(25,3,1),(25,1,-2),(25,2,-1),(25,3,1),(25,1,-2),(25,2,-1),(25,1,4),(25,7,1),(25,6,-1),(25,3,1),(25,1,-2),(25,2,-1),(25,1,4),(25,7,1),(25,6,-1),(25,3,1),(25,1,-2),(25,2,-1),(25,3,1),(25,1,-2),(25,2,-1),(25,3,1),(25,1,-2),(25,2,-1),(25,3,1),(25,1,-2),(25,2,-1),(25,3,1),(25,1,-2),(25,2,-1),(25,3,1),(25,1,-2),(25,2,-1),(25,3,1),(25,1,-2),(25,2,-1),(25,3,1),(25,1,-2),(25,2,-1),(25,3,1),(25,1,-2),(25,2,-1),(25,3,1),(25,1,-2),(25,2,-1),(25,3,1),(25,1,-2),(25,2,-1),(25,3,1),(25,1,-2),(25,2,-1),(25,3,1),(25,1,-2),(25,2,-1),(25,3,1),(25,1,-2),(25,2,-1),(25,3,1),(25,1,-2),(25,2,-1),(25,3,1),(25,1,-2),(25,2,-1),(25,3,1),(25,1,-2),(25,2,-1),(25,3,1),(25,1,-2),(25,2,-1),(25,3,1),(25,1,-2),(25,2,-1),(25,3,1),(25,1,-2),(25,2,-1),(25,3,1),(25,1,-2),(25,2,-1),(25,3,1),(25,1,-2),(25,2,-1),(25,3,1),(25,1,-2),(25,2,-1),(25,3,1),(25,1,-2),(25,2,-1),(25,3,1),(25,1,-2),(25,2,-1),(25,3,1),(25,1,-2),(25,2,-1),(25,3,1),(25,1,-2),(25,2,-1),(25,3,1),(25,1,-2),(25,2,-1),(25,3,1),(25,1,-2),(25,2,-1),(25,3,1),(25,1,-2),(25,2,-1),(25,3,1),(25,1,-2),(25,2,-1),(25,3,1),(25,1,-2),(25,2,-1),(25,3,1),(25,1,-2),(25,2,-1),(25,3,1),(25,1,-2),(25,2,-1),(25,3,1),(25,1,-2),(25,2,-1),(25,3,1),(25,1,-2),(25,2,-1),(25,3,1),(25,1,-2),(25,2,-1),(25,3,1),(25,1,-2),(25,2,-1),(25,3,1),(25,1,-2),(25,2,-1),(25,3,1),(25,1,-2),(25,2,-1),(25,3,1),(25,1,-2),(25,2,-1),(25,3,1),(25,1,-2),(25,2,-1),(25,3,1),(25,1,-2),(25,2,-1),(26,1,200),(26,4,100),(26,2,2),(26,5,1),(26,4,-1),(26,2,2),(26,5,1),(26,4,-1),(26,3,1),(26,1,-2),(26,2,-1),(26,2,2),(26,5,1),(26,4,-1),(26,3,1),(26,1,-2),(26,2,-1),(26,2,2),(26,5,1),(26,4,-1),(26,3,1),(26,1,-2),(26,2,-1),(26,2,2),(26,5,1),(26,4,-1),(26,2,2),(26,5,1),(26,4,-1),(26,3,1),(26,1,-2),(26,2,-1),(26,2,2),(26,5,1),(26,4,-1),(26,3,1),(26,1,-2),(26,2,-1),(26,2,2),(26,5,1),(26,4,-1),(26,2,2),(26,5,1),(26,4,-1),(26,3,1),(26,1,-2),(26,2,-1),(26,2,2),(26,5,1),(26,4,-1),(26,2,2),(26,5,1),(26,4,-1),(26,3,1),(26,1,-2),(26,2,-1),(26,2,2),(26,5,1),(26,4,-1),(26,2,2),(26,5,1),(26,4,-1),(26,3,1),(26,1,-2),(26,2,-1),(26,2,2),(26,5,1),(26,4,-1),(26,2,2),(26,5,1),(26,4,-1),(26,2,2),(26,5,1),(26,4,-1),(26,3,1),(26,1,-2),(26,2,-1),(26,2,2),(26,5,1),(26,4,-1),(26,2,2),(26,5,1),(26,4,-1),(26,3,1),(26,1,-2),(26,2,-1),(26,2,2),(26,5,1),(26,4,-1),(26,2,2),(26,5,1),(26,4,-1),(26,3,1),(26,1,-2),(26,2,-1),(26,2,2),(26,5,1),(26,4,-1),(26,2,2),(26,5,1),(26,4,-1),(26,2,2),(26,5,1),(26,4,-1),(26,3,1),(26,1,-2),(26,2,-1),(26,2,2),(26,5,1),(26,4,-1),(26,2,2),(26,5,1),(26,4,-1),(26,2,2),(26,5,1),(26,4,-1),(26,3,1),(26,1,-2),(26,2,-1),(26,3,1),(26,1,-2),(26,2,-1),(26,2,2),(26,5,1),(26,4,-1),(26,2,2),(26,5,1),(26,4,-1),(26,3,1),(26,1,-2),(26,2,-1),(26,2,2),(26,5,1),(26,4,-1),(26,3,1),(26,1,-2),(26,2,-1),(27,3,100),(28,3,100),(28,1,2),(28,2,1),(28,3,-1),(28,1,2),(28,2,1),(28,3,-1),(28,1,2),(28,2,1),(28,3,-1),(28,1,2),(28,2,1),(28,3,-1),(29,3,100),(30,3,100),(30,1,2),(30,2,1),(30,3,-1),(30,1,2),(30,2,1),(30,3,-1),(30,1,2),(30,2,1),(30,3,-1),(30,1,2),(30,2,1),(30,3,-1),(30,1,2),(30,2,1),(30,3,-1),(30,1,2),(30,2,1),(30,3,-1),(30,1,2),(30,2,1),(30,3,-1),(30,1,2),(30,2,1),(30,3,-1),(30,1,2),(30,2,1),(30,3,-1),(30,1,2),(30,2,1),(30,3,-1),(30,1,2),(30,2,1),(30,3,-1),(30,1,2),(30,2,1),(30,3,-1),(30,1,2),(30,2,1),(30,3,-1),(30,1,2),(30,2,1),(30,3,-1),(30,1,2),(30,2,1),(30,3,-1),(30,1,2),(30,2,1),(30,3,-1),(30,1,2),(30,2,1),(30,3,-1),(30,1,2),(30,2,1),(30,3,-1),(30,1,2),(30,2,1),(30,3,-1),(30,1,2),(30,2,1),(30,3,-1),(30,1,2),(30,2,1),(30,3,-1),(30,1,2),(30,2,1),(30,3,-1),(30,1,2),(30,2,1),(30,3,-1),(30,1,2),(30,2,1),(30,3,-1),(30,1,2),(30,2,1),(30,3,-1),(30,1,2),(30,2,1),(30,3,-1),(30,1,2),(30,2,1),(30,3,-1),(30,1,2),(30,2,1),(30,3,-1),(30,1,2),(30,2,1),(30,3,-1),(30,1,2),(30,2,1),(30,3,-1),(30,1,2),(30,2,1),(30,3,-1),(30,1,2),(30,2,1),(30,3,-1),(30,1,2),(30,2,1),(30,3,-1),(30,1,2),(30,2,1),(30,3,-1),(30,1,2),(30,2,1),(30,3,-1),(30,1,2),(30,2,1),(30,3,-1),(30,1,2),(30,2,1),(30,3,-1),(30,1,2),(30,2,1),(30,3,-1),(30,1,2),(30,2,1),(30,3,-1),(30,1,2),(30,2,1),(30,3,-1),(30,1,2),(30,2,1),(30,3,-1),(30,1,2),(30,2,1),(30,3,-1),(30,1,2),(30,2,1),(30,3,-1),(30,1,2),(30,2,1),(30,3,-1),(30,1,2),(30,2,1),(30,3,-1),(30,1,2),(30,2,1),(30,3,-1),(30,1,2),(30,2,1),(30,3,-1),(30,1,2),(30,2,1),(30,3,-1),(30,1,2),(30,2,1),(30,3,-1),(30,1,2),(30,2,1),(30,3,-1),(30,1,2),(30,2,1),(30,3,-1),(30,1,2),(30,2,1),(30,3,-1),(30,1,2),(30,2,1),(30,3,-1),(30,1,2),(30,2,1),(30,3,-1),(30,1,2),(30,2,1),(30,3,-1),(30,1,2),(30,2,1),(30,3,-1),(30,1,2),(30,2,1),(30,3,-1),(30,1,2),(30,2,1),(30,3,-1),(30,1,2),(30,2,1),(30,3,-1),(30,1,2),(30,2,1),(30,3,-1),(30,1,2),(30,2,1),(30,3,-1),(30,1,2),(30,2,1),(30,3,-1),(30,1,2),(30,2,1),(30,3,-1),(30,1,2),(30,2,1),(30,3,-1),(30,1,2),(30,2,1),(30,3,-1),(30,1,2),(30,2,1),(30,3,-1),(30,1,2),(30,2,1),(30,3,-1),(30,1,2),(30,2,1),(30,3,-1),(30,1,2),(30,2,1),(30,3,-1),(30,1,2),(30,2,1),(30,3,-1),(30,1,2),(30,2,1),(30,3,-1),(30,1,2),(30,2,1),(30,3,-1),(30,1,2),(30,2,1),(30,3,-1),(30,1,2),(30,2,1),(30,3,-1),(30,1,2),(30,2,1),(30,3,-1),(30,1,2),(30,2,1),(30,3,-1),(30,1,2),(30,2,1),(30,3,-1),(30,1,2),(30,2,1),(30,3,-1),(30,1,2),(30,2,1),(30,3,-1),(30,1,2),(30,2,1),(30,3,-1),(30,1,2),(30,2,1),(30,3,-1),(30,1,2),(30,2,1),(30,3,-1),(30,1,2),(30,2,1),(30,3,-1),(30,1,2),(30,2,1),(30,3,-1),(30,1,2),(30,2,1),(30,3,-1),(30,1,2),(30,2,1),(30,3,-1),(30,1,2),(30,2,1),(30,3,-1),(30,1,2),(30,2,1),(30,3,-1),(30,1,2),(30,2,1),(30,3,-1),(30,1,2),(30,2,1),(30,3,-1),(30,1,2),(30,2,1),(30,3,-1),(30,1,2),(30,2,1),(30,3,-1),(30,1,2),(30,2,1),(30,3,-1),(30,1,2),(30,2,1),(30,3,-1),(30,1,2),(30,2,1),(30,3,-1),(30,1,2),(30,2,1),(30,3,-1),(30,1,2),(30,2,1),(30,3,-1),(30,1,2),(30,2,1),(30,3,-1),(30,1,2),(30,2,1),(30,3,-1),(30,1,2),(30,2,1),(30,3,-1),(31,1,200),(31,2,100),(31,3,1),(31,1,-2),(31,2,-1),(31,3,1),(31,1,-2),(31,2,-1),(31,3,1),(31,1,-2),(31,2,-1),(31,3,1),(31,1,-2),(31,2,-1),(31,3,1),(31,1,-2),(31,2,-1),(31,3,1),(31,1,-2),(31,2,-1),(31,3,1),(31,1,-2),(31,2,-1),(31,3,1),(31,1,-2),(31,2,-1),(31,3,1),(31,1,-2),(31,2,-1),(31,3,1),(31,1,-2),(31,2,-1),(31,3,1),(31,1,-2),(31,2,-1),(31,3,1),(31,1,-2),(31,2,-1),(31,3,1),(31,1,-2),(31,2,-1),(31,3,1),(31,1,-2),(31,2,-1),(31,3,1),(31,1,-2),(31,2,-1),(31,3,1),(31,1,-2),(31,2,-1),(31,3,1),(31,1,-2),(31,2,-1),(31,3,1),(31,1,-2),(31,2,-1),(31,3,1),(31,1,-2),(31,2,-1),(31,3,1),(31,1,-2),(31,2,-1),(31,3,1),(31,1,-2),(31,2,-1),(31,3,1),(31,1,-2),(31,2,-1),(31,3,1),(31,1,-2),(31,2,-1),(31,3,1),(31,1,-2),(31,2,-1),(31,3,1),(31,1,-2),(31,2,-1),(31,3,1),(31,1,-2),(31,2,-1),(31,3,1),(31,1,-2),(31,2,-1),(31,3,1),(31,1,-2),(31,2,-1),(31,3,1),(31,1,-2),(31,2,-1),(31,3,1),(31,1,-2),(31,2,-1),(31,3,1),(31,1,-2),(31,2,-1),(31,3,1),(31,1,-2),(31,2,-1),(31,3,1),(31,1,-2),(31,2,-1),(31,3,1),(31,1,-2),(31,2,-1),(31,3,1),(31,1,-2),(31,2,-1),(31,3,1),(31,1,-2),(31,2,-1),(31,3,1),(31,1,-2),(31,2,-1),(31,3,1),(31,1,-2),(31,2,-1),(31,3,1),(31,1,-2),(31,2,-1),(31,3,1),(31,1,-2),(31,2,-1),(31,3,1),(31,1,-2),(31,2,-1),(31,3,1),(31,1,-2),(31,2,-1),(31,3,1),(31,1,-2),(31,2,-1),(31,3,1),(31,1,-2),(31,2,-1),(31,3,1),(31,1,-2),(31,2,-1),(31,3,1),(31,1,-2),(31,2,-1),(31,3,1),(31,1,-2),(31,2,-1),(31,3,1),(31,1,-2),(31,2,-1),(31,3,1),(31,1,-2),(31,2,-1),(31,3,1),(31,1,-2),(31,2,-1),(31,3,1),(31,1,-2),(31,2,-1),(31,3,1),(31,1,-2),(31,2,-1),(31,3,1),(31,1,-2),(31,2,-1),(31,3,1),(31,1,-2),(31,2,-1),(31,3,1),(31,1,-2),(31,2,-1),(31,3,1),(31,1,-2),(31,2,-1),(31,3,1),(31,1,-2),(31,2,-1),(31,3,1),(31,1,-2),(31,2,-1),(31,3,1),(31,1,-2),(31,2,-1),(31,3,1),(31,1,-2),(31,2,-1),(31,3,1),(31,1,-2),(31,2,-1),(31,3,1),(31,1,-2),(31,2,-1),(31,3,1),(31,1,-2),(31,2,-1),(31,3,1),(31,1,-2),(31,2,-1),(31,3,1),(31,1,-2),(31,2,-1),(31,3,1),(31,3,1),(31,1,-2),(31,2,-1),(31,1,-2),(31,2,-1),(31,3,1),(31,1,-2),(31,3,1),(31,2,-1),(31,1,-2),(31,2,-1),(31,3,1),(31,1,-2),(31,2,-1),(31,3,1),(31,1,-2),(31,2,-1),(31,3,1),(31,1,-2),(31,2,-1),(31,3,1),(31,1,-2),(31,2,-1),(31,3,1),(31,1,-2),(31,2,-1),(31,3,1),(31,1,-2),(31,2,-1),(31,3,1),(31,1,-2),(31,2,-1),(31,3,1),(31,1,-2),(31,2,-1),(31,3,1),(31,1,-2),(31,2,-1),(31,3,1),(31,1,-2),(31,2,-1),(31,3,1),(31,1,-2),(31,2,-1),(31,3,1),(31,1,-2),(31,2,-1),(31,3,1),(31,1,-2),(31,2,-1),(31,3,1),(31,1,-2),(31,2,-1),(31,3,1),(31,1,-2),(31,2,-1),(31,3,1),(31,1,-2),(31,2,-1),(31,3,1),(31,1,-2),(31,2,-1),(31,3,1),(31,1,-2),(31,2,-1),(31,3,1),(31,1,-2),(31,2,-1),(31,3,1),(31,1,-2),(31,2,-1),(31,3,1),(31,1,-2),(31,2,-1),(31,3,1),(31,1,-2),(31,2,-1),(31,3,1),(31,1,-2),(31,2,-1),(31,3,1),(31,1,-2),(31,2,-1),(31,3,1),(31,1,-2),(31,2,-1),(31,3,1),(31,1,-2),(31,2,-1),(31,3,1),(31,1,-2),(31,2,-1),(31,3,1),(31,1,-2),(31,2,-1),(31,3,1),(31,1,-2),(31,2,-1),(31,3,1),(31,1,-2),(31,2,-1),(31,3,1),(31,1,-2),(31,2,-1),(32,2,100),(32,6,50),(32,1,4),(32,7,1),(32,6,-1),(32,1,4),(32,7,1),(32,6,-1),(32,3,1),(32,3,1),(32,1,-2),(32,2,-1),(32,1,-2),(32,2,-1),(32,3,1),(32,3,1),(32,1,-2),(32,2,-1),(32,1,-2),(32,2,-1),(32,1,4),(32,7,1),(32,6,-1),(32,1,4),(32,7,1),(32,1,4),(32,7,1),(32,6,-1),(32,6,-1),(32,1,4),(32,1,4),(32,7,1),(32,7,1),(32,6,-1),(32,6,-1),(32,1,4),(32,7,1),(32,6,-1),(32,1,4),(32,7,1),(32,6,-1),(32,1,4),(32,7,1),(32,6,-1),(32,1,4),(32,7,1),(32,6,-1),(32,1,4),(32,7,1),(32,6,-1),(32,1,4),(32,7,1),(32,6,-1),(32,1,4),(32,7,1),(32,6,-1),(32,1,4),(32,7,1),(32,6,-1),(32,1,4),(32,7,1),(32,6,-1),(32,1,4),(32,7,1),(32,6,-1),(32,1,4),(32,7,1),(32,6,-1),(32,1,4),(32,7,1),(32,6,-1),(32,1,4),(32,7,1),(32,6,-1),(32,1,4),(32,7,1),(32,1,4),(32,7,1),(32,6,-1),(32,6,-1),(32,3,1),(32,1,-2),(32,2,-1),(32,3,1),(32,1,-2),(32,2,-1),(32,3,1),(32,1,-2),(32,2,-1),(32,1,4),(32,7,1),(32,6,-1),(32,1,4),(32,7,1),(32,6,-1),(32,3,1),(32,1,-2),(32,2,-1),(32,3,1),(32,1,-2),(32,2,-1),(32,3,1),(32,1,-2),(32,2,-1),(32,1,4),(32,7,1),(32,6,-1),(32,1,4),(32,7,1),(32,6,-1),(32,3,1),(32,1,-2),(32,2,-1),(32,3,1),(32,1,-2),(32,2,-1),(32,3,1),(32,1,-2),(32,2,-1),(32,3,1),(32,1,-2),(32,2,-1),(32,3,1),(32,1,-2),(32,2,-1),(32,3,1),(32,1,-2),(32,2,-1),(32,1,4),(32,7,1),(32,6,-1),(32,1,4),(32,7,1),(32,6,-1),(32,3,1),(32,1,-2),(32,2,-1),(32,3,1),(32,1,-2),(32,2,-1),(32,3,1),(32,1,-2),(32,2,-1),(32,1,4),(32,7,1),(32,6,-1),(32,1,4),(32,7,1),(32,6,-1),(32,3,1),(32,1,-2),(32,2,-1),(32,3,1),(32,1,-2),(32,2,-1),(32,3,1),(32,1,-2),(32,2,-1),(32,3,1),(32,1,-2),(32,2,-1),(32,3,1),(32,1,-2),(32,2,-1),(32,3,1),(32,1,-2),(32,2,-1),(32,1,4),(32,7,1),(32,6,-1),(32,1,4),(32,7,1),(32,6,-1),(32,3,1),(32,1,-2),(32,2,-1),(32,3,1),(32,1,-2),(32,2,-1),(32,3,1),(32,1,-2),(32,2,-1),(32,1,4),(32,7,1),(32,6,-1),(32,1,4),(32,7,1),(32,6,-1),(32,3,1),(32,1,-2),(32,2,-1),(32,3,1),(32,1,-2),(32,2,-1),(32,3,1),(32,1,-2),(32,2,-1),(32,3,1),(32,1,-2),(32,2,-1),(32,3,1),(32,1,-2),(32,2,-1),(32,3,1),(32,1,-2),(32,2,-1),(32,1,4),(32,7,1),(32,6,-1),(32,1,4),(32,7,1),(32,6,-1),(32,3,1),(32,1,-2),(32,2,-1),(32,3,1),(32,1,-2),(32,2,-1),(32,3,1),(32,1,-2),(32,2,-1),(32,1,4),(32,7,1),(32,6,-1),(32,1,4),(32,7,1),(32,6,-1),(32,3,1),(32,1,-2),(32,2,-1),(32,3,1),(32,1,-2),(32,2,-1),(32,3,1),(32,1,-2),(32,2,-1),(32,3,1),(32,1,-2),(32,2,-1),(32,3,1),(32,1,-2),(32,2,-1),(32,3,1),(32,1,-2),(32,2,-1),(32,1,4),(32,7,1),(32,6,-1),(32,1,4),(32,7,1),(32,6,-1),(32,3,1),(32,1,-2),(32,2,-1),(32,3,1),(32,1,-2),(32,2,-1),(32,3,1),(32,1,-2),(32,2,-1),(32,1,4),(32,7,1),(32,6,-1),(32,1,4),(32,7,1),(32,6,-1),(32,3,1),(32,1,-2),(32,2,-1),(32,3,1),(32,1,-2),(32,2,-1),(32,3,1),(32,3,1),(32,1,-2),(32,2,-1),(32,1,-2),(32,2,-1),(32,3,1),(32,1,-2),(32,2,-1),(32,3,1),(32,1,-2),(32,2,-1),(32,3,1),(32,1,-2),(32,2,-1),(32,1,4),(32,7,1),(32,6,-1),(32,1,4),(32,7,1),(32,6,-1),(32,1,4),(32,7,1),(32,6,-1),(32,1,4),(32,7,1),(32,6,-1),(32,1,4),(32,7,1),(32,6,-1),(32,3,1),(32,1,-2),(32,2,-1),(32,3,1),(32,1,-2),(32,2,-1),(32,3,1),(32,1,-2),(32,2,-1),(32,1,4),(32,7,1),(32,6,-1),(32,3,1),(32,1,-2),(32,2,-1),(32,3,1),(32,1,-2),(32,2,-1),(32,3,1),(32,1,-2),(32,2,-1),(32,1,4),(32,7,1),(32,6,-1),(32,3,1),(32,1,-2),(32,2,-1),(32,3,1),(32,1,-2),(32,2,-1),(32,3,1),(32,1,-2),(32,2,-1),(32,3,1),(32,1,-2),(32,2,-1),(32,3,1),(32,1,-2),(32,2,-1),(32,3,1),(32,1,-2),(32,2,-1),(32,1,4),(32,7,1),(32,6,-1),(32,3,1),(32,1,-2),(32,2,-1),(32,3,1),(32,1,-2),(32,2,-1),(32,3,1),(32,1,-2),(32,2,-1),(32,3,1),(32,1,-2),(32,2,-1),(32,3,1),(32,1,-2),(32,2,-1),(32,3,1),(32,1,-2),(32,2,-1),(32,3,1),(32,1,-2),(32,2,-1),(32,3,1),(32,1,-2),(32,2,-1),(32,3,1),(32,1,-2),(32,2,-1),(32,3,1),(32,1,-2),(32,2,-1),(32,3,1),(32,1,-2),(32,2,-1),(32,3,1),(32,1,-2),(32,2,-1),(32,3,1),(32,1,-2),(32,2,-1),(32,3,1),(32,1,-2),(32,2,-1),(32,3,1),(32,1,-2),(32,2,-1),(32,3,1),(32,1,-2),(32,2,-1),(32,3,1),(32,1,-2),(32,2,-1),(32,3,1),(32,1,-2),(32,2,-1),(32,3,1),(32,1,-2),(32,2,-1),(32,3,1),(32,1,-2),(32,2,-1),(32,3,1),(32,1,-2),(32,2,-1),(32,3,1),(32,1,-2),(32,2,-1),(32,3,1),(32,1,-2),(32,2,-1),(32,3,1),(32,1,-2),(32,2,-1),(32,3,1),(32,1,-2),(32,2,-1),(32,3,1),(32,1,-2),(32,2,-1),(32,3,1),(32,1,-2),(32,2,-1),(32,3,1),(32,1,-2),(32,2,-1),(32,3,1),(32,1,-2),(32,2,-1),(32,3,1),(32,1,-2),(32,2,-1),(32,3,1),(32,1,-2),(32,2,-1),(32,3,1),(32,1,-2),(32,2,-1),(32,3,1),(32,1,-2),(32,2,-1),(32,3,1),(32,1,-2),(32,2,-1),(32,3,1),(32,1,-2),(32,2,-1),(33,1,200),(33,4,100),(36,3,100),(37,3,100),(37,1,2),(37,2,1),(37,3,-1),(37,1,2),(37,2,1),(37,3,-1),(37,1,2),(37,2,1),(37,3,-1),(37,1,2),(37,2,1),(37,3,-1),(37,1,2),(37,2,1),(37,3,-1),(37,1,2),(37,2,1),(37,3,-1),(37,1,2),(37,2,1),(37,3,-1),(37,1,2),(37,2,1),(37,3,-1),(37,1,2),(37,2,1),(37,3,-1),(37,1,2),(37,2,1),(37,3,-1),(37,1,2),(37,2,1),(37,3,-1),(37,1,2),(37,2,1),(37,3,-1),(37,1,2),(37,2,1),(37,3,-1),(37,1,2),(37,2,1),(37,3,-1),(37,1,2),(37,2,1),(37,3,-1),(37,1,2),(37,2,1),(37,3,-1),(37,1,2),(37,2,1),(37,3,-1),(37,1,2),(37,2,1),(37,3,-1),(37,1,2),(37,2,1),(37,3,-1),(37,1,2),(37,2,1),(37,3,-1),(37,1,2),(37,2,1),(37,3,-1),(37,1,2),(37,2,1),(37,3,-1),(37,1,2),(37,2,1),(37,3,-1),(37,1,2),(37,2,1),(37,3,-1),(37,1,2),(37,2,1),(37,3,-1),(37,1,2),(37,2,1),(37,3,-1),(37,1,2),(37,2,1),(37,3,-1),(37,1,2),(37,2,1),(37,3,-1),(37,1,2),(37,2,1),(37,3,-1),(37,1,2),(37,2,1),(37,3,-1),(37,1,2),(37,2,1),(37,3,-1),(37,1,2),(37,2,1),(37,3,-1),(37,1,2),(37,2,1),(37,3,-1),(37,1,2),(37,2,1),(37,3,-1),(37,1,2),(37,2,1),(37,3,-1),(37,1,2),(37,2,1),(37,3,-1),(37,1,2),(37,2,1),(37,3,-1),(37,1,2),(37,2,1),(37,3,-1),(37,1,2),(37,2,1),(37,3,-1),(37,1,2),(37,2,1),(37,3,-1),(37,1,2),(37,2,1),(37,3,-1),(37,1,2),(37,2,1),(37,3,-1),(37,1,2),(37,2,1),(37,3,-1),(37,1,2),(37,2,1),(37,3,-1),(37,1,2),(37,2,1),(37,3,-1),(37,1,2),(37,2,1),(37,3,-1),(37,1,2),(37,2,1),(37,3,-1),(37,1,2),(37,2,1),(37,3,-1),(37,1,2),(37,2,1),(37,3,-1),(37,1,2),(37,2,1),(37,3,-1),(37,1,2),(37,2,1),(37,3,-1),(37,1,2),(37,2,1),(37,3,-1),(37,1,2),(37,2,1),(37,3,-1),(37,1,2),(37,2,1),(37,3,-1),(37,1,2),(37,2,1),(37,3,-1),(37,1,2),(37,2,1),(37,3,-1),(37,1,2),(37,2,1),(37,3,-1),(37,1,2),(37,2,1),(37,3,-1),(37,1,2),(37,2,1),(37,3,-1),(37,1,2),(37,2,1),(37,3,-1),(37,1,2),(37,2,1),(37,3,-1),(37,1,2),(37,2,1),(37,3,-1),(37,1,2),(37,2,1),(37,3,-1),(37,1,2),(37,2,1),(37,3,-1),(37,1,2),(37,2,1),(37,3,-1),(37,1,2),(37,2,1),(37,3,-1),(37,1,2),(37,2,1),(37,3,-1),(37,1,2),(37,2,1),(37,3,-1),(37,1,2),(37,2,1),(37,3,-1),(38,3,100),(37,1,2),(37,2,1),(37,3,-1),(37,1,2),(37,2,1),(37,3,-1),(37,1,2),(37,2,1),(37,3,-1),(37,1,2),(37,2,1),(37,3,-1),(37,1,2),(37,2,1),(37,3,-1),(37,1,2),(37,2,1),(37,3,-1),(37,1,2),(37,2,1),(37,3,-1),(37,1,2),(37,2,1),(37,3,-1),(37,1,2),(37,2,1),(37,3,-1),(37,1,2),(37,2,1),(37,3,-1),(37,1,2),(37,2,1),(37,3,-1),(37,1,2),(37,2,1),(37,3,-1),(37,1,2),(37,2,1),(37,3,-1),(37,1,2),(37,2,1),(37,3,-1),(37,1,2),(37,2,1),(37,3,-1),(37,1,2),(37,2,1),(37,3,-1),(37,1,2),(37,2,1),(37,3,-1),(37,1,2),(37,2,1),(37,3,-1),(37,1,2),(37,2,1),(37,3,-1),(37,1,2),(37,2,1),(37,3,-1),(37,1,2),(37,2,1),(37,3,-1),(37,1,2),(37,2,1),(37,3,-1),(37,1,2),(37,2,1),(37,3,-1),(37,1,2),(37,2,1),(37,3,-1),(37,1,2),(37,2,1),(37,3,-1),(37,1,2),(37,2,1),(37,3,-1),(37,1,2),(37,2,1),(37,3,-1),(37,1,2),(37,2,1),(37,3,-1),(37,1,2),(37,2,1),(37,3,-1),(37,1,2),(37,2,1),(37,3,-1),(37,1,2),(37,2,1),(37,3,-1),(39,1,200),(39,2,100),(39,3,1),(39,1,-2),(39,2,-1),(39,3,1),(39,1,-2),(39,2,-1),(39,3,1),(39,1,-2),(39,2,-1),(39,3,1),(39,1,-2),(39,2,-1),(39,3,1),(39,1,-2),(39,2,-1),(39,3,1),(39,1,-2),(39,2,-1),(39,3,1),(39,1,-2),(39,2,-1),(39,3,1),(39,1,-2),(39,2,-1),(39,3,1),(39,3,1),(39,1,-2),(39,2,-1),(39,1,-2),(39,2,-1),(39,3,1),(39,1,-2),(39,2,-1),(39,3,1),(39,1,-2),(39,2,-1),(39,3,1),(39,1,-2),(39,2,-1),(39,3,1),(39,1,-2),(39,2,-1),(39,3,1),(39,1,-2),(39,2,-1),(39,3,1),(39,1,-2),(39,2,-1),(39,3,1),(39,1,-2),(39,2,-1),(39,3,1),(39,1,-2),(39,2,-1),(39,3,1),(39,1,-2),(39,2,-1),(39,3,1),(39,1,-2),(39,2,-1),(39,3,1),(39,1,-2),(39,2,-1),(39,3,1),(39,1,-2),(39,2,-1),(39,3,1),(39,1,-2),(39,2,-1),(39,3,1),(39,1,-2),(39,2,-1),(39,3,1),(39,1,-2),(39,2,-1),(39,3,1),(39,1,-2),(39,2,-1),(39,3,1),(39,1,-2),(39,2,-1),(39,3,1),(39,1,-2),(39,2,-1),(39,3,1),(39,1,-2),(39,2,-1),(39,3,1),(39,1,-2),(39,2,-1),(39,3,1),(39,1,-2),(39,2,-1),(39,3,1),(39,1,-2),(39,2,-1),(39,3,1),(39,1,-2),(39,2,-1),(39,3,1),(39,1,-2),(39,2,-1),(39,3,1),(39,1,-2),(39,2,-1),(39,3,1),(39,1,-2),(39,2,-1),(39,3,1),(39,1,-2),(39,2,-1),(39,3,1),(39,1,-2),(39,2,-1),(39,3,1),(39,1,-2),(39,2,-1),(39,3,1),(39,1,-2),(39,2,-1),(39,3,1),(39,1,-2),(39,2,-1),(39,3,1),(39,1,-2),(39,2,-1),(39,3,1),(39,1,-2),(39,2,-1),(39,3,1),(39,1,-2),(39,2,-1),(39,3,1),(39,1,-2),(39,2,-1),(39,3,1),(39,1,-2),(39,2,-1),(39,3,1),(39,1,-2),(39,2,-1),(39,3,1),(39,1,-2),(39,2,-1),(39,3,1),(39,1,-2),(39,2,-1),(39,3,1),(39,1,-2),(39,2,-1),(39,3,1),(39,1,-2),(39,2,-1),(39,3,1),(39,1,-2),(39,2,-1),(39,3,1),(39,1,-2),(39,2,-1),(39,3,1),(39,1,-2),(39,2,-1),(39,3,1),(39,1,-2),(39,2,-1),(39,3,1),(39,1,-2),(39,2,-1),(39,3,1),(39,1,-2),(39,2,-1),(39,3,1),(39,1,-2),(39,2,-1),(39,3,1),(39,1,-2),(39,2,-1),(39,3,1),(39,1,-2),(39,2,-1),(39,3,1),(39,1,-2),(39,2,-1),(39,3,1),(39,1,-2),(39,2,-1),(39,3,1),(39,3,1),(39,1,-2),(39,2,-1),(39,1,-2),(39,2,-1),(39,3,1),(39,1,-2),(39,2,-1),(39,3,1),(39,1,-2),(39,2,-1),(39,3,1),(39,1,-2),(39,2,-1),(39,3,1),(39,1,-2),(39,2,-1),(39,3,1),(39,3,1),(39,1,-2),(39,2,-1),(39,1,-2),(39,2,-1),(39,3,1),(39,3,1),(39,1,-2),(39,2,-1),(39,1,-2),(39,2,-1),(39,3,1),(39,3,1),(39,1,-2),(39,2,-1),(39,1,-2),(39,2,-1),(39,3,1),(39,1,-2),(39,2,-1),(39,3,1),(39,1,-2),(39,2,-1),(39,3,1),(39,1,-2),(39,2,-1),(39,3,1),(39,1,-2),(39,2,-1),(39,3,1),(39,1,-2),(39,2,-1),(39,3,1),(39,1,-2),(39,2,-1),(39,3,1),(39,1,-2),(39,2,-1),(39,3,1),(39,1,-2),(39,2,-1),(39,3,1),(39,1,-2),(39,2,-1),(39,3,1),(39,1,-2),(39,2,-1),(39,3,1),(39,1,-2),(39,2,-1),(39,3,1),(39,1,-2),(39,2,-1),(39,3,1),(39,1,-2),(39,2,-1),(39,3,1),(39,1,-2),(39,2,-1),(39,3,1),(39,1,-2),(39,2,-1),(39,3,1),(39,1,-2),(39,2,-1),(39,3,1),(39,1,-2),(39,2,-1),(39,3,1),(39,1,-2),(39,2,-1),(39,3,1),(39,1,-2),(39,2,-1),(39,3,1),(39,1,-2),(39,2,-1),(39,3,1),(39,1,-2),(39,2,-1),(39,3,1),(39,1,-2),(39,2,-1),(39,3,1),(39,1,-2),(39,2,-1),(39,3,1),(39,1,-2),(39,2,-1),(39,3,1),(39,1,-2),(39,2,-1),(39,3,1),(39,1,-2),(39,2,-1),(40,2,100),(40,6,50),(40,1,4),(40,7,1),(40,6,-1),(40,1,4),(40,7,1),(40,6,-1),(40,3,1),(40,1,-2),(40,2,-1),(40,1,4),(40,7,1),(40,6,-1),(40,3,1),(40,1,-2),(40,2,-1),(40,3,1),(40,1,-2),(40,2,-1),(40,1,4),(40,7,1),(40,6,-1),(40,1,4),(40,7,1),(40,6,-1),(40,3,1),(40,1,-2),(40,2,-1),(40,1,4),(40,7,1),(40,6,-1),(40,3,1),(40,1,-2),(40,2,-1),(40,1,4),(40,7,1),(40,6,-1),(40,3,1),(40,1,-2),(40,2,-1),(40,1,4),(40,7,1),(40,6,-1),(40,3,1),(40,1,-2),(40,2,-1),(40,1,4),(40,7,1),(40,6,-1),(40,3,1),(40,1,-2),(40,2,-1),(40,1,4),(40,7,1),(40,6,-1),(40,3,1),(40,1,-2),(40,2,-1),(40,1,4),(40,7,1),(40,6,-1),(40,3,1),(40,1,-2),(40,2,-1),(40,1,4),(40,7,1),(40,6,-1),(40,3,1),(40,1,-2),(40,2,-1),(40,1,4),(40,7,1),(40,6,-1),(40,3,1),(40,1,-2),(40,2,-1),(40,1,4),(40,7,1),(40,6,-1),(40,3,1),(40,1,-2),(40,2,-1),(40,1,4),(40,7,1),(40,6,-1),(40,3,1),(40,1,-2),(40,2,-1),(40,1,4),(40,7,1),(40,6,-1),(40,3,1),(40,1,-2),(40,2,-1),(40,1,4),(40,7,1),(40,6,-1),(40,3,1),(40,1,-2),(40,2,-1),(40,1,4),(40,7,1),(40,6,-1),(40,3,1),(40,1,-2),(40,2,-1),(40,1,4),(40,7,1),(40,6,-1),(40,3,1),(40,1,-2),(40,2,-1),(40,1,4),(40,7,1),(40,6,-1),(40,3,1),(40,1,-2),(40,2,-1),(40,1,4),(40,7,1),(40,6,-1),(40,3,1),(40,1,-2),(40,2,-1),(40,1,4),(40,7,1),(40,6,-1),(40,3,1),(40,1,-2),(40,2,-1),(40,1,4),(40,7,1),(40,6,-1),(40,3,1),(40,1,-2),(40,2,-1),(40,1,4),(40,7,1),(40,6,-1),(40,3,1),(40,1,-2),(40,2,-1),(40,1,4),(40,7,1),(40,6,-1),(40,3,1),(40,1,-2),(40,2,-1),(40,1,4),(40,7,1),(40,6,-1),(40,3,1),(40,1,-2),(40,2,-1),(40,1,4),(40,7,1),(40,6,-1),(40,3,1),(40,1,4),(40,7,1),(40,1,-2),(40,2,-1),(40,6,-1),(40,1,4),(40,7,1),(40,3,1),(40,6,-1),(40,1,-2),(40,2,-1),(40,3,1),(40,1,-2),(40,2,-1),(40,1,4),(40,7,1),(40,6,-1),(40,1,4),(40,7,1),(40,3,1),(40,6,-1),(40,1,-2),(40,2,-1),(40,3,1),(40,1,-2),(40,2,-1),(40,3,1),(40,1,-2),(40,2,-1),(40,1,4),(40,7,1),(40,6,-1),(40,3,1),(40,1,-2),(40,2,-1),(40,1,4),(40,7,1),(40,6,-1),(40,1,4),(40,7,1),(40,6,-1),(40,1,4),(40,7,1),(40,6,-1),(40,1,4),(40,7,1),(40,6,-1),(40,1,4),(40,7,1),(40,6,-1),(40,1,4),(40,7,1),(40,6,-1),(40,1,4),(40,7,1),(40,6,-1),(40,1,4),(40,7,1),(40,6,-1),(40,1,4),(40,7,1),(40,6,-1),(40,1,4),(40,7,1),(40,6,-1),(40,1,4),(40,7,1),(40,6,-1),(40,1,4),(40,7,1),(40,6,-1),(40,1,4),(40,7,1),(40,6,-1),(40,1,4),(40,7,1),(40,6,-1),(40,1,4),(40,7,1),(40,6,-1),(40,1,4),(40,7,1),(40,6,-1),(40,1,4),(40,7,1),(40,6,-1),(40,1,4),(40,7,1),(40,6,-1),(40,3,1),(40,1,-2),(40,2,-1),(40,3,1),(40,1,-2),(40,2,-1),(40,3,1),(40,1,-2),(40,2,-1),(40,3,1),(40,1,-2),(40,2,-1),(40,3,1),(40,1,-2),(40,2,-1),(40,3,1),(40,1,-2),(40,2,-1),(40,3,1),(40,1,-2),(40,2,-1),(40,3,1),(40,1,-2),(40,2,-1),(40,3,1),(40,1,-2),(40,2,-1),(40,3,1),(40,1,-2),(40,2,-1),(40,3,1),(40,1,-2),(40,2,-1),(40,3,1),(40,1,-2),(40,2,-1),(40,3,1),(40,1,-2),(40,2,-1),(40,3,1),(40,1,-2),(40,2,-1),(40,3,1),(40,1,-2),(40,2,-1),(40,3,1),(40,1,-2),(40,2,-1),(40,3,1),(40,1,-2),(40,2,-1),(40,3,1),(40,1,-2),(40,2,-1),(40,3,1),(40,1,-2),(40,2,-1),(40,3,1),(40,1,-2),(40,2,-1),(40,3,1),(40,1,-2),(40,2,-1),(40,3,1),(40,1,-2),(40,2,-1),(40,3,1),(40,1,-2),(40,2,-1),(40,3,1),(40,1,-2),(40,2,-1),(40,3,1),(40,1,-2),(40,2,-1),(40,3,1),(40,1,-2),(40,2,-1),(40,3,1),(40,1,-2),(40,2,-1),(40,3,1),(40,1,-2),(40,2,-1),(40,3,1),(40,1,-2),(40,2,-1),(40,3,1),(40,1,-2),(40,2,-1),(40,3,1),(40,1,-2),(40,2,-1),(40,3,1),(40,1,-2),(40,2,-1),(40,3,1),(40,1,-2),(40,2,-1),(40,3,1),(40,1,-2),(40,2,-1),(40,3,1),(40,1,-2),(40,2,-1),(40,3,1),(40,1,-2),(40,2,-1),(48,3,100),(48,1,2),(48,2,1),(48,3,-1),(48,1,2),(48,2,1),(48,3,-1),(48,1,2),(48,2,1),(48,3,-1),(48,1,2),(48,2,1),(48,3,-1),(48,1,2),(48,2,1),(48,3,-1),(48,1,2),(48,2,1),(48,3,-1),(48,1,2),(48,2,1),(48,3,-1),(48,1,2),(48,2,1),(48,3,-1),(48,1,2),(48,2,1),(48,3,-1),(48,1,2),(48,2,1),(48,3,-1),(48,1,2),(48,2,1),(48,3,-1),(48,1,2),(48,2,1),(48,3,-1),(48,1,2),(48,2,1),(48,3,-1),(48,1,2),(48,2,1),(48,3,-1),(48,1,2),(48,2,1),(48,3,-1),(48,1,2),(48,2,1),(48,3,-1),(48,1,2),(48,2,1),(48,3,-1),(48,1,2),(48,2,1),(48,3,-1),(48,1,2),(48,2,1),(48,3,-1),(48,1,2),(48,2,1),(48,3,-1),(48,1,2),(48,2,1),(48,3,-1),(48,1,2),(48,2,1),(48,3,-1),(48,1,2),(48,2,1),(48,3,-1),(48,1,2),(48,2,1),(48,3,-1),(48,1,2),(48,2,1),(48,3,-1),(48,1,2),(48,2,1),(48,3,-1),(48,1,2),(48,2,1),(48,3,-1),(48,1,2),(48,2,1),(48,3,-1),(48,1,2),(48,2,1),(48,3,-1),(48,1,2),(48,2,1),(48,3,-1),(48,1,2),(48,2,1),(48,3,-1),(48,1,2),(48,2,1),(48,3,-1),(48,1,2),(48,2,1),(48,3,-1),(48,1,2),(48,2,1),(48,3,-1),(48,1,2),(48,2,1),(48,3,-1),(48,1,2),(48,2,1),(48,3,-1),(48,1,2),(48,2,1),(48,3,-1),(48,1,2),(48,2,1),(48,3,-1),(48,1,2),(48,2,1),(48,3,-1),(48,1,2),(48,2,1),(48,3,-1),(48,1,2),(48,2,1),(48,3,-1),(48,1,2),(48,2,1),(48,3,-1),(48,1,2),(48,2,1),(48,3,-1),(48,1,2),(48,2,1),(48,3,-1),(48,1,2),(48,2,1),(48,3,-1),(48,1,2),(48,2,1),(48,3,-1),(48,1,2),(48,2,1),(48,3,-1),(48,1,2),(48,2,1),(48,3,-1),(48,1,2),(48,2,1),(48,3,-1),(48,1,2),(48,2,1),(48,3,-1),(48,1,2),(48,2,1),(48,3,-1),(48,1,2),(48,2,1),(48,3,-1),(48,1,2),(48,2,1),(48,3,-1),(48,1,2),(48,2,1),(48,3,-1),(48,2,1),(48,1,2),(48,2,1),(48,3,-1),(48,2,1),(48,2,1),(48,1,2),(48,2,1),(48,3,-1),(48,1,2),(48,2,1),(48,3,-1),(48,2,1),(48,2,1),(48,2,1),(48,1,2),(48,2,1),(48,3,-1),(48,1,2),(48,2,1),(48,3,-1),(48,2,1),(48,2,1),(48,2,1),(48,1,2),(48,2,1),(48,3,-1),(48,2,1),(48,2,1),(48,2,1),(48,2,1),(48,2,1),(48,2,1),(48,2,1),(48,2,1),(48,2,1),(48,2,1),(48,2,1),(48,2,1),(48,2,1),(48,2,1),(48,2,1),(48,2,1),(48,2,1),(48,2,1),(48,2,1),(48,2,1),(48,2,1),(48,2,1),(48,2,1),(48,2,1),(48,2,1),(48,2,1),(48,2,1),(48,1,2),(48,2,1),(48,3,-1),(48,2,1),(48,2,1),(48,1,2),(48,2,1),(48,3,-1),(48,1,2),(48,2,1),(48,3,-1),(49,1,200),(49,2,100),(40,3,1),(40,1,-2),(40,2,-1),(40,3,1),(40,1,-2),(40,2,-1),(40,3,1),(40,1,-2),(40,2,-1),(40,3,1),(40,1,-2),(40,2,-1),(40,3,1),(40,1,-2),(40,2,-1),(40,3,1),(40,1,-2),(40,2,-1),(40,3,1),(40,1,-2),(40,2,-1),(40,3,1),(40,1,-2),(40,2,-1),(40,3,1),(40,1,-2),(40,2,-1),(40,3,1),(40,1,-2),(40,2,-1),(40,3,1),(40,1,-2),(40,2,-1),(40,3,1),(40,1,-2),(40,2,-1),(40,3,1),(40,1,-2),(40,2,-1),(40,3,1),(40,1,-2),(40,2,-1),(40,3,1),(40,1,-2),(40,2,-1),(40,3,1),(40,1,-2),(40,2,-1),(40,3,1),(40,1,-2),(40,2,-1),(40,3,1),(40,1,-2),(40,2,-1),(40,3,1),(40,1,-2),(40,2,-1),(40,3,1),(40,1,-2),(40,2,-1),(40,3,1),(40,1,-2),(40,2,-1),(40,3,1),(40,1,-2),(40,2,-1),(40,3,1),(40,1,-2),(40,2,-1),(40,3,1),(40,1,-2),(40,2,-1),(40,3,1),(40,1,-2),(40,2,-1),(40,3,1),(40,1,-2),(40,2,-1),(40,3,1),(40,1,-2),(40,2,-1),(40,3,1),(40,1,-2),(40,2,-1),(40,3,1),(40,1,-2),(40,2,-1),(40,3,1),(40,1,-2),(40,2,-1),(40,3,1),(40,1,-2),(40,2,-1),(40,3,1),(40,1,-2),(40,2,-1),(51,1,200),(51,4,100),(52,3,100),(53,6,60),(53,9,60),(54,6,150),(54,9,100),(55,20,132),(56,4,50),(56,6,25),(57,20,132),(58,4,50),(58,6,25),(59,13,105),(60,3,100),(61,1,200),(61,5,90),(61,7,60),(61,9,100),(62,6,150),(62,9,100);
/*!40000 ALTER TABLE `planet_user_item` ENABLE KEYS */;
UNLOCK TABLES;

--
-- Table structure for table `produce_diffusor`
--

DROP TABLE IF EXISTS `produce_diffusor`;
/*!40101 SET @saved_cs_client     = @@character_set_client */;
/*!40101 SET character_set_client = utf8 */;
CREATE TABLE `produce_diffusor` (
  `diffusor_id` int(11) NOT NULL,
  `produce_item_id` int(11) NOT NULL,
  `qty_produced` int(11) NOT NULL,
  PRIMARY KEY (`diffusor_id`,`produce_item_id`),
  KEY `fk_produce_diffusor_produce_item_id` (`produce_item_id`),
  CONSTRAINT `fk_produce_diffusor_diffusor_id` FOREIGN KEY (`diffusor_id`) REFERENCES `diffusor` (`diffusor_id`),
  CONSTRAINT `fk_produce_diffusor_produce_item_id` FOREIGN KEY (`produce_item_id`) REFERENCES `item` (`item_id`)
) ENGINE=InnoDB DEFAULT CHARSET=latin1;
/*!40101 SET character_set_client = @saved_cs_client */;

--
-- Dumping data for table `produce_diffusor`
--

LOCK TABLES `produce_diffusor` WRITE;
/*!40000 ALTER TABLE `produce_diffusor` DISABLE KEYS */;
INSERT INTO `produce_diffusor` VALUES (2,1,2),(2,2,1),(3,2,2),(3,5,1),(4,1,4),(4,7,1),(8,2,2),(8,7,1),(14,3,4),(14,16,1),(15,11,1),(15,15,4),(16,3,1),(16,13,2),(17,7,2),(17,19,4),(18,13,1),(18,19,2);
/*!40000 ALTER TABLE `produce_diffusor` ENABLE KEYS */;
UNLOCK TABLES;

--
-- Table structure for table `robot`
--

DROP TABLE IF EXISTS `robot`;
/*!40101 SET @saved_cs_client     = @@character_set_client */;
/*!40101 SET character_set_client = utf8 */;
CREATE TABLE `robot` (
  `robot_id` int(11) NOT NULL AUTO_INCREMENT,
  `robot_name` varchar(255) NOT NULL,
  `planet_user_id` int(11) NOT NULL,
  `robot_type_id` int(11) NOT NULL,
  `enabled` tinyint(1) NOT NULL DEFAULT '0',
  PRIMARY KEY (`robot_id`),
  KEY `fk_robot_planet_user_id` (`planet_user_id`),
  KEY `fk_robot_robot_type_id` (`robot_type_id`),
  CONSTRAINT `fk_robot_planet_user_id` FOREIGN KEY (`planet_user_id`) REFERENCES `planet_user` (`planet_user_id`),
  CONSTRAINT `fk_robot_robot_type_id` FOREIGN KEY (`robot_type_id`) REFERENCES `robot_type` (`robot_type_id`)
) ENGINE=InnoDB AUTO_INCREMENT=216 DEFAULT CHARSET=latin1;
/*!40101 SET character_set_client = @saved_cs_client */;

--
-- Dumping data for table `robot`
--

LOCK TABLES `robot` WRITE;
/*!40000 ALTER TABLE `robot` DISABLE KEYS */;
INSERT INTO `robot` VALUES (1,'XZ-76',1,2,1),(2,'TR-94',1,2,1),(3,'QI-24',1,2,1),(4,'GK-30',1,2,1),(5,'OU-19',1,2,1),(6,'CA-92',1,2,1),(7,'QO-91',1,2,1),(8,'WR-1',1,2,1),(9,'AX-11',2,1,1),(10,'OL-28',2,1,1),(11,'TE-35',2,1,1),(12,'GC-47',2,1,1),(13,'TP-60',3,4,1),(14,'BC-89',3,1,1),(15,'IE-96',3,4,1),(16,'BA-32',3,1,1),(17,'GD-99',3,1,1),(18,'WO-65',3,1,1),(19,'CZ-88',4,3,1),(20,'VA-67',4,1,0),(21,'SJ-75',4,3,1),(22,'OP-11',4,3,1),(23,'PP-16',4,1,0),(24,'TY-49',4,1,1),(25,'BQ-1',4,1,0),(26,'VF-70',5,4,0),(27,'IU-67',5,3,0),(28,'GY-66',5,5,1),(29,'KX-61',5,1,0),(30,'RZ-66',5,5,1),(31,'UM-74',5,5,1),(32,'PG-94',7,2,1),(33,'OL-92',7,2,1),(34,'XW-78',7,2,1),(35,'JQ-42',7,2,1),(36,'ZO-74',7,2,1),(37,'AE-99',7,2,1),(38,'MY-34',7,2,1),(39,'QU-33',7,2,1),(40,'VT-27',7,2,1),(41,'UD-81',8,1,1),(42,'ID-8',8,1,1),(43,'BT-13',8,1,1),(44,'GC-49',8,1,1),(45,'KZ-77',9,4,1),(46,'VX-17',9,4,1),(47,'MW-73',9,1,1),(48,'GB-22',9,1,1),(49,'XZ-89',9,1,1),(50,'RR-5',9,1,1),(51,'ZH-44',9,1,1),(52,'YY-62',9,1,1),(53,'FL-85',10,3,1),(54,'XQ-51',10,3,1),(55,'KQ-2',10,3,1),(56,'RB-32',10,1,1),(57,'AW-12',10,1,0),(58,'DR-14',10,1,0),(59,'RJ-66',10,3,1),(60,'YY-31',10,1,0),(61,'PK-9',10,3,1),(62,'GU-19',10,3,1),(63,'LA-3',10,1,0),(64,'PU-93',10,3,1),(65,'OA-72',10,3,1),(66,'MG-22',10,3,1),(67,'IY-63',10,3,1),(68,'QU-93',10,1,0),(69,'RM-28',10,1,0),(73,'AA-32',11,3,0),(74,'YT-84',11,4,0),(75,'IQ-55',11,1,1),(76,'KT-21',11,5,0),(77,'AQ-98',11,3,0),(78,'PM-3',11,1,1),(79,'KB-29',11,1,1),(80,'MM-53',11,1,1),(81,'OC-90',11,1,1),(82,'YJ-63',11,1,1),(83,'DP-64',13,1,1),(84,'RN-82',13,2,0),(85,'NE-32',13,1,1),(86,'MA-22',14,1,0),(87,'LY-21',14,2,0),(88,'UG-32',14,4,0),(89,'CT-50',15,2,0),(90,'JZ-17',15,2,0),(91,'EX-93',15,2,0),(92,'LG-46',15,2,0),(93,'ZW-80',15,1,0),(94,'JX-34',17,2,0),(95,'VN-26',17,2,0),(96,'JT-17',17,2,0),(97,'YT-73',17,2,0),(98,'IK-36',17,2,0),(99,'MM-2',17,2,0),(100,'UY-30',17,2,0),(101,'ZT-52',17,2,0),(102,'WN-21',17,2,0),(103,'KS-74',18,1,0),(104,'FJ-76',18,1,0),(105,'UH-33',18,1,0),(106,'HV-57',18,1,0),(129,'TH-69',20,7,0),(130,'UU-71',20,3,0),(131,'XR-6',20,3,0),(132,'ZX-39',20,7,0),(133,'QH-77',20,3,0),(134,'ZY-59',20,3,0),(135,'PC-97',20,6,0),(136,'IC-60',20,7,0),(137,'QV-42',20,1,0),(138,'XA-56',20,1,0),(139,'YK-10',20,1,0),(144,'WC-32',21,4,0),(145,'XI-51',21,6,0),(146,'XP-57',21,8,0),(147,'MR-36',21,1,0),(148,'RH-91',22,2,1),(149,'MV-72',23,2,0),(150,'ZV-62',23,2,0),(151,'XL-62',23,2,0),(152,'TD-96',23,2,0),(153,'EM-58',24,1,0),(154,'MZ-41',24,1,0),(155,'AA-75',24,1,0),(156,'UO-87',24,1,0),(158,'YR-97',25,4,0),(159,'LM-80',25,1,0),(160,'DF-95',25,1,0),(161,'EK-20',25,4,0),(162,'FC-73',26,3,1),(163,'SC-39',26,3,1),(164,'YF-67',26,1,1),(165,'FZ-48',26,3,1),(166,'HR-57',28,1,0),(167,'IS-76',28,2,1),(168,'MQ-67',28,2,1),(170,'YO-81',30,2,0),(171,'FR-98',30,2,0),(172,'PC-66',30,2,0),(173,'US-79',30,2,0),(174,'TO-48',30,2,0),(175,'CO-8',30,2,0),(176,'SS-32',30,2,0),(177,'ZX-11',30,2,0),(178,'VJ-73',30,2,1),(179,'FZ-6',31,1,0),(180,'NH-30',31,1,0),(192,'PB-83',32,4,0),(193,'WZ-35',32,4,0),(194,'VG-39',32,1,0),(195,'VR-39',32,1,0),(196,'VC-34',32,1,0),(202,'RG-28',37,2,1),(203,'NT-39',39,1,0),(204,'JG-84',40,4,0),(205,'WH-1',40,1,0),(206,'HL-26',48,2,1),(207,'JD-10',48,2,1),(208,'RW-95',48,2,1),(209,'LX-2',48,2,1),(210,'LD-13',48,2,1),(211,'LW-70',48,2,1),(212,'OV-62',33,2,0),(213,'XW-24',51,1,0),(214,'DR-79',33,1,0),(215,'TT-74',60,5,0);
/*!40000 ALTER TABLE `robot` ENABLE KEYS */;
UNLOCK TABLES;

--
-- Table structure for table `robot_type`
--

DROP TABLE IF EXISTS `robot_type`;
/*!40101 SET @saved_cs_client     = @@character_set_client */;
/*!40101 SET character_set_client = utf8 */;
CREATE TABLE `robot_type` (
  `robot_type_id` int(11) NOT NULL AUTO_INCREMENT,
  `robot_type_name` varchar(255) NOT NULL,
  `time_required` int(11) NOT NULL,
  `robot_type_image` varchar(255) NOT NULL DEFAULT 'default.jpg',
  `initial_energy_cost` int(11) NOT NULL DEFAULT '10',
  PRIMARY KEY (`robot_type_id`)
) ENGINE=InnoDB AUTO_INCREMENT=19 DEFAULT CHARSET=latin1;
/*!40101 SET character_set_client = @saved_cs_client */;

--
-- Dumping data for table `robot_type`
--

LOCK TABLES `robot_type` WRITE;
/*!40000 ALTER TABLE `robot_type` DISABLE KEYS */;
INSERT INTO `robot_type` VALUES (1,'Water Generator',30,'default.jpg',10),(2,'Hydrolyser',30,'bb8.jpg',20),(3,'Sulphur Generator',45,'bb9e.jpg',100),(4,'Methane Combustor',45,'r2q5.jpg',25),(5,'Carbon Combustor',60,'r2d2.jpg',100),(6,'Carbon Ozonizer',90,'vinci.jpg',50),(7,'Sulphur Ozonizer',120,'fi.jpg',100),(8,'Carbon Generator',30,'fig.jpg',50),(9,'Polisher',30,'polisher.jpg',25),(10,'Vinegarinator',20,'vinegarinator.jpg',15),(11,'Chicken',24,'chicken.jpg',300),(12,'Oven',60,'oven.jpg',10),(13,'Lemonator',12,'lemonator.jpg',12),(14,'Sweetener',15,'sweetener.jpg',20),(15,'Grinder',10,'grinder.jpg',14),(16,'Antidoter',30,'antidoter.jpg',30),(17,'Antisweetener',20,'antisweetener.jpg',60),(18,'Lemon Inverter',4,'lemon_inverter.jpg',24);
/*!40000 ALTER TABLE `robot_type` ENABLE KEYS */;
UNLOCK TABLES;

--
-- Table structure for table `user`
--

DROP TABLE IF EXISTS `user`;
/*!40101 SET @saved_cs_client     = @@character_set_client */;
/*!40101 SET character_set_client = utf8 */;
CREATE TABLE `user` (
  `user_id` int(11) NOT NULL AUTO_INCREMENT,
  `username` varchar(255) NOT NULL,
  `password` varchar(255) NOT NULL,
  `experience` int(11) NOT NULL,
  `is_online` int(11) NOT NULL DEFAULT '0',
  `current_planet_id` int(11) NOT NULL DEFAULT '1',
  PRIMARY KEY (`user_id`),
  UNIQUE KEY `username` (`username`)
) ENGINE=InnoDB AUTO_INCREMENT=23 DEFAULT CHARSET=latin1;
/*!40101 SET character_set_client = @saved_cs_client */;

--
-- Dumping data for table `user`
--

LOCK TABLES `user` WRITE;
/*!40000 ALTER TABLE `user` DISABLE KEYS */;
INSERT INTO `user` VALUES (1,'sawal','cef6876c9231dadd6c46ae21245e0379',10,0,1),(2,'player','45d020a72f8b9ca7e0faab15941c0db1',0,0,1),(3,'test1','7146866879a49e448db43504262006b5',10,0,1),(4,'test2','45d020a72f8b9ca7e0faab15941c0db1',0,0,1),(5,'test_user','2879cacac40447c6507b186b1642b6a1',0,0,1),(6,'new','3ce330a16e92e7ba3009fea548497261',0,0,1),(7,'test_toggle','45d020a72f8b9ca7e0faab15941c0db1',1,0,2),(8,'level_tester','45d020a72f8b9ca7e0faab15941c0db1',3,0,3),(9,'new1','45d020a72f8b9ca7e0faab15941c0db1',0,0,1),(10,'newusr','45d020a72f8b9ca7e0faab15941c0db1',6,0,4),(11,'new_test','b90c7fefa9f8a61e00fe5d65ced26024',0,0,1),(12,'newtest','45d020a72f8b9ca7e0faab15941c0db1',0,0,1),(13,'sblonien','2dc96034c9ecbd894474ebcb79c09448',0,0,1),(14,'neil','c7b428e2a85b6ed30dfd7285f83353b4',-1,1,4),(16,'aaa','ecfbd70aaa4fe3d8f68a8e894d35b559',0,0,1),(17,'arantxa_rodriguez','dffcbd8c6e05a1b1009092951f2af095',6,1,3),(18,'ara1995','9aa625b375c26364ab2d9f50c36baa61',0,0,1),(19,'abc','45d020a72f8b9ca7e0faab15941c0db1',1,0,2),(21,'ashley','725eca2ec4b0625b327491c92a3386d4',0,1,1),(22,'ttt','c8832631cbcba0a796ba7227f7c20f6d',0,1,1);
/*!40000 ALTER TABLE `user` ENABLE KEYS */;
UNLOCK TABLES;
/*!40103 SET TIME_ZONE=@OLD_TIME_ZONE */;

/*!40101 SET SQL_MODE=@OLD_SQL_MODE */;
/*!40014 SET FOREIGN_KEY_CHECKS=@OLD_FOREIGN_KEY_CHECKS */;
/*!40014 SET UNIQUE_CHECKS=@OLD_UNIQUE_CHECKS */;
/*!40101 SET CHARACTER_SET_CLIENT=@OLD_CHARACTER_SET_CLIENT */;
/*!40101 SET CHARACTER_SET_RESULTS=@OLD_CHARACTER_SET_RESULTS */;
/*!40101 SET COLLATION_CONNECTION=@OLD_COLLATION_CONNECTION */;
/*!40111 SET SQL_NOTES=@OLD_SQL_NOTES */;

-- Dump completed on 2018-12-01  0:46:07
